[ID],[TableID],[ExplicitName],[InferredName],[ExplicitDataType],[InferredDataType],[DataCategory],[Description],[IsHidden],[State],[IsUnique],[IsKey],[IsNullable],[Alignment],[TableDetailPosition],[IsDefaultLabel],[IsDefaultImage],[SummarizeBy],[ColumnStorageID],[Type],[SourceColumn],[ColumnOriginID],[Expression],[FormatString],[IsAvailableInMDX],[SortByColumnID],[AttributeHierarchyID],[ModifiedTime],[StructureModifiedTime],[RefreshedTime],[SystemFlags],[KeepUniqueRows],[DisplayOrdinal],[ErrorMessage],[SourceProviderType],[DisplayFolder],[EncodingHint],[RelatedColumnDetailsID],[AlternateOfID],[LineageTag],[SourceLineageTag]
11,10,RowNumber-2662979B-1795-4F74-8F37-6A1BA8059B61,,6,19,,,True,1,True,True,False,1,-1,False,False,1,8553,3,,,,,True,,12,2025-12-02 10:00:02,2025-12-02 10:00:02,1699-12-31 00:00:00,0,False,0,,,,0,,,,
225,10,chnl_id,,2,19,,,True,1,False,False,True,1,-1,False,False,1,9811,1,chnl_id,,,,True,,5469,2026-02-26 06:36:26,2025-12-02 10:00:02,1699-12-31 00:00:00,0,False,0,,,,0,,,e081aeb0-a7d2-4459-ab1e-40bc73b5a9d3,
226,10,src_sys_id,,6,19,,,True,1,False,False,True,1,-1,False,False,1,9815,1,src_sys_id,,,,True,,5470,2026-02-26 06:36:26,2025-12-02 10:00:02,1699-12-31 00:00:00,0,False,0,,,,0,,,becc7b88-5fe4-4378-960a-c33cf0298f1b,
227,10,Sub Trade Channel,,2,19,,,False,1,False,False,True,1,-1,False,False,1,9819,1,sub_trd_chnl_nm,,,,True,,5471,2026-02-26 06:36:26,2025-12-02 10:00:02,1699-12-31 00:00:00,0,False,0,,,ISSCOM Channel,0,,,6f2c05c4-4a22-4855-8e06-7b567666fc1f,
228,10,Trade Channel,,2,19,,,False,1,False,False,True,1,-1,False,False,1,9823,1,trd_chnl_nm,,,,True,,5472,2026-02-26 06:36:26,2025-12-02 10:00:02,1699-12-31 00:00:00,0,False,0,,,ISSCOM Channel,0,,,223bfbcb-87cc-4d24-af16-762d98e9c5cd,
229,10,Consumer Activity Cluster,,2,19,,,False,1,False,False,True,1,-1,False,False,1,9827,1,cons_clst_nm,,,,True,,5473,2026-02-26 06:36:26,2025-12-02 10:00:02,1699-12-31 00:00:00,0,False,0,,,ISSCOM Channel,0,,,325514ed-57e7-4a73-bcb3-90e7a48ea992,
230,10,BU Channel Code,,2,19,,,False,1,False,False,True,1,-1,False,False,1,9831,1,bu_chnl_cd,,,,True,,5474,2026-02-26 06:36:26,2025-12-02 10:00:02,1699-12-31 00:00:00,0,False,0,,,ISSCOM Channel,0,,,5cda982a-db32-4d3d-a0b7-7325589dcf60,
231,10,Sub Trade Channel Code,,2,19,,,False,1,False,False,True,1,-1,False,False,1,9835,1,sub_trd_chnl_cd,,,,True,,5475,2026-02-26 06:36:26,2025-12-02 10:00:02,1699-12-31 00:00:00,0,False,0,,,ISSCOM Channel,0,,,245bbe68-9c32-4596-97a3-a02b390cba27,
232,10,Source Channel Code,,1,2,,,False,1,False,False,True,1,-1,False,False,1,9839,2,,,"CONCATENATE(Channel[src_sys_id],Channel[src_sub_chnl_cd])",,True,,5476,2026-02-26 06:36:26,2025-12-02 10:00:02,2026-03-16 17:59:53,0,False,0,,,,0,,,56976029-5325-4052-a56d-1de2a1b8b5a3,
233,10,src_sub_chnl_cd,,2,19,,,True,1,False,False,True,1,-1,False,False,1,9843,1,src_sub_chnl_cd,,,,True,,5477,2026-02-26 06:36:26,2025-12-02 10:00:02,1699-12-31 00:00:00,0,False,0,,,,0,,,1811da23-76f7-40a6-8060-f97c6316ae03,
234,10,LT1.0 - Sub Trade Channel,,2,19,,,False,1,False,False,True,1,-1,False,False,1,9847,1,lcl_hier_4_l1_desc,,,,True,,5478,2026-02-26 06:36:26,2025-12-02 10:00:02,1699-12-31 00:00:00,0,False,0,,,LATAM Channel,0,,,a4f98652-a8c5-45ca-b580-96d24d568879,
235,10,LT1.1 - Trade Channel,,2,19,,,False,1,False,False,True,1,-1,False,False,1,9851,1,lcl_hier_4_l2_desc,,,,True,,5479,2026-02-26 06:36:26,2025-12-02 10:00:02,1699-12-31 00:00:00,0,False,0,,,LATAM Channel,0,,,132dc669-6fe1-4cf0-b3dd-81f25d7e1449,
236,10,LT1.2 - Channel Group,,2,19,,,False,1,False,False,True,1,-1,False,False,1,9855,1,lcl_hier_4_l3_desc,,,,True,,5480,2026-02-26 06:36:26,2025-12-02 10:00:02,1699-12-31 00:00:00,0,False,0,,,LATAM Channel,0,,,0c31e91e-c340-4848-b57d-fa1446a03f7a,
237,10,LT1.3 - Channel Macro Group,,2,19,,,False,1,False,False,True,1,-1,False,False,1,9859,1,lcl_hier_4_l4_desc,,,,True,,5481,2026-02-26 06:36:26,2025-12-02 10:00:02,1699-12-31 00:00:00,0,False,0,,,LATAM Channel,0,,,c7ab3050-0f49-4561-bcbf-ef4e015bc5cf,
14,13,RowNumber-2662979B-1795-4F74-8F37-6A1BA8059B61,,6,19,,,True,1,True,True,False,1,-1,False,False,1,8557,3,,,,,True,,15,2025-12-02 10:00:02,2025-12-02 10:00:02,1699-12-31 00:00:00,0,False,0,,,,0,,,,
238,13,src_sys_id,,6,19,,,True,1,False,False,True,1,-1,False,False,1,9863,1,src_sys_id,,,,True,,5482,2026-02-26 06:36:26,2025-12-02 10:00:02,1699-12-31 00:00:00,0,False,0,,,,0,,,369cd333-f58c-4b9c-8897-74c0b8df50a6,
340,13,Secondary Package,,2,19,,,False,1,False,False,True,1,-1,False,False,1,10271,1,scnd_pkg_nm,,,,True,,5584,2026-02-26 06:36:26,2025-12-02 10:00:02,1699-12-31 00:00:00,0,False,0,,,ISSCOM Package;ISSCOM Secondary Package,0,,,479fc3a1-ebd0-421e-82d6-b22b3a0c4e1b,
389,13,prod_id,,2,19,,,True,1,False,False,True,1,-1,False,False,1,10467,1,prod_id,,,,True,,5633,2026-02-26 06:36:26,2025-12-02 10:00:02,1699-12-31 00:00:00,0,False,0,,,,0,,,c7c1affa-95c5-412c-b544-c8a9e0d24b7f,
390,13,Package,,2,19,,,False,1,False,False,True,1,-1,False,False,1,10471,1,pkg_nm,,,,True,,5634,2026-02-26 06:36:26,2025-12-02 10:00:02,1699-12-31 00:00:00,0,False,0,,,ISSCOM Package by Container Type;ISSCOM Package,0,,,58968f22-942c-4266-9676-8e31bdc004d6,
391,13,Primary Container,,2,19,,,False,1,False,False,True,1,-1,False,False,1,10475,1,prim_ctnr_nm,,,,True,,5635,2026-02-26 06:36:26,2025-12-02 10:00:02,1699-12-31 00:00:00,0,False,0,,,ISSCOM Primary Container;ISSCOM Package,0,,,43308e8a-dd0a-4d82-81e1-c722108fa9ef,
392,13,Container Type,,2,19,,,False,1,False,False,True,1,-1,False,False,1,10479,1,ctnr_type_nm,,,,True,,5636,2026-02-26 06:36:26,2025-12-02 10:00:02,1699-12-31 00:00:00,0,False,0,,,ISSCOM Package by Container Type;ISSCOM Package;ISSCOM Primary Container,0,,,f2b37bc9-84f3-4893-ad66-74fbe4861497,
393,13,BPP,,2,19,,,False,1,False,False,True,1,-1,False,False,1,10483,1,bpp_nm,,,,True,,5637,2026-02-26 06:36:26,2025-12-02 10:00:02,1699-12-31 00:00:00,0,False,0,,,ISSCOM Package by Container Type;ISSCOM Package;ISSCOM Primary Container;ISSCOM Secondary Package,0,,,7f2b4f90-c5c0-4612-84e5-aa093a754f62,
396,13,src_prod_cd,,2,19,,,True,1,False,False,True,1,-1,False,False,1,10495,1,src_prod_cd,,,,True,,5640,2026-02-26 06:36:26,2025-12-02 10:00:02,1699-12-31 00:00:00,0,False,0,,,,0,,,97a0085b-ce81-429f-8549-25258638a7cf,
405,13,Source Product Code,,2,2,,,False,1,False,False,True,1,-1,False,False,1,10531,2,,,"CONCATENATE(Package[src_sys_id],Package[src_prod_cd])",,True,,5649,2026-02-26 06:36:26,2025-12-02 10:00:02,2026-03-16 18:00:18,0,False,0,,,,0,,,ab7d9179-219e-4e29-8c32-a2922699e3c8,
421,13,LT1.1 - Package,,2,19,,,False,1,False,False,True,1,-1,False,False,1,10595,1,lcl_hier_4_l1_desc,,,,True,,5665,2026-02-26 06:36:26,2025-12-02 10:00:02,1699-12-31 00:00:00,0,False,0,,,LATAM Package,0,,,bbaaf10f-42bc-466e-b8a3-6db7408b7c3e,
422,13,LT1.2 - Package Type,,2,19,,,False,1,False,False,True,1,-1,False,False,1,10599,1,lcl_hier_4_l2_desc,,,,True,,5666,2026-02-26 06:36:26,2025-12-02 10:00:02,1699-12-31 00:00:00,0,False,0,,,LATAM Package,0,,,ef902844-b3b7-48e4-9e16-bfd39314a2ff,
423,13,LT1.3 - Container,,2,19,,,False,1,False,False,True,1,-1,False,False,1,10603,1,lcl_hier_4_l3_desc,,,,True,,5667,2026-02-26 06:36:26,2025-12-02 10:00:02,1699-12-31 00:00:00,0,False,0,,,LATAM Package,0,,,53f97018-870d-4170-9037-b28f2e850483,
424,13,LT1.4 - Refillability,,2,19,,,False,1,False,False,True,1,-1,False,False,1,10607,1,lcl_hier_4_l4_desc,,,,True,,5668,2026-02-26 06:36:26,2025-12-02 10:00:02,1699-12-31 00:00:00,0,False,0,,,LATAM Package,0,,,6883f5b7-05aa-49f7-bac0-3c755b104577,
425,13,LT1.5 - MS-SS,,2,19,,,False,1,False,False,True,1,-1,False,False,1,10611,1,lcl_hier_4_l5_desc,,,,True,,5669,2026-02-26 06:36:26,2025-12-02 10:00:02,1699-12-31 00:00:00,0,False,0,,,LATAM Package,0,,,9c183ffd-e98b-4eb6-8378-12d100d59960,
426,13,LT1.6 - RTD-NRTD,,2,19,,,False,1,False,False,True,1,-1,False,False,1,10615,1,lcl_hier_4_l6_desc,,,,True,,5670,2026-02-26 06:36:26,2025-12-02 10:00:02,1699-12-31 00:00:00,0,False,0,,,LATAM Package,0,,,ac8cb3c8-bf37-484b-a557-c87d09c34b9e,
17,16,RowNumber-2662979B-1795-4F74-8F37-6A1BA8059B61,,6,19,,,True,1,True,True,False,1,-1,False,False,1,8561,3,,,,,True,,18,2025-12-02 10:00:02,2025-12-02 10:00:02,1699-12-31 00:00:00,0,False,0,,,,0,,,,
427,16,prod_id,,2,19,,,True,1,False,False,True,1,-1,False,False,1,10619,1,prod_id,,,,True,,5671,2026-02-26 06:36:26,2025-12-02 10:00:02,1699-12-31 00:00:00,0,False,0,,,,0,,,56922ee1-24e6-4f38-a1e0-6cf9b45b374c,
428,16,src_sys_id,,2,19,,,True,1,False,False,True,1,-1,False,False,1,10623,1,src_sys_id,,,,True,,5672,2026-02-26 06:36:26,2025-12-02 10:00:02,1699-12-31 00:00:00,0,False,0,,,,0,,,4b8ae6a8-8f63-4ef8-b45a-395135e5c89d,
533,16,BU Product Code,,2,19,,,False,1,False,False,True,1,-1,False,False,1,11043,1,bu_prod_cd,,,,True,,5777,2026-02-26 06:36:26,2025-12-02 10:00:02,1699-12-31 00:00:00,0,False,0,,,ISSCOM Product by Category;ISSCOM Product by Flavor;ISSCOM Product by Trademark,0,,,a0dfb116-623b-4883-ac3b-32894a2eac0d,
558,16,BPP,,2,19,,,False,1,False,False,True,1,-1,False,False,1,11143,1,bpp_nm,,,,True,,5802,2026-02-26 06:36:26,2025-12-02 10:00:02,1699-12-31 00:00:00,0,False,0,,,ISSCOM Product by Category;ISSCOM Product by Flavor;ISSCOM Product by Trademark,0,,,8c6e04cd-c188-4e5e-bad8-ee9258ad1f5a,
562,16,Beverage State,,2,19,,,False,1,False,False,True,1,-1,False,False,1,11159,1,bev_stte_nm,,,,True,,5806,2026-02-26 06:36:26,2025-12-02 10:00:02,1699-12-31 00:00:00,0,False,0,,,ISSCOM Product by Category,0,,,cbc5794b-c446-4b40-8688-b530047ff32f,
563,16,Beverage Sub Category,,2,19,,,False,1,False,False,True,1,-1,False,False,1,11163,1,bev_sub_cat_nm,,,,True,,5807,2026-02-26 06:36:26,2025-12-02 10:00:02,1699-12-31 00:00:00,0,False,0,,,ISSCOM Product by Category,0,,,3f1f52c6-6ed0-4d88-90fd-05bf0d54b22f,
564,16,Beverage Category,,2,19,,,False,1,False,False,True,1,-1,False,False,1,11167,1,bev_cat_nm,,,,True,,5808,2026-02-26 06:36:26,2025-12-02 10:00:02,1699-12-31 00:00:00,0,False,0,,,ISSCOM Product by Category,0,,,a11a0811-b1a0-48dc-a3e7-053982506780,
565,16,Beverage Type,,2,19,,,False,1,False,False,True,1,-1,False,False,1,11171,1,bev_type_nm,,,,True,,5809,2026-02-26 06:36:26,2025-12-02 10:00:02,1699-12-31 00:00:00,0,False,0,,,ISSCOM Product by Category,0,,,9b17059f-d00a-4328-9ed4-d02593d44d08,
599,16,BPP Code,,2,19,,,False,1,False,False,True,1,-1,False,False,1,11307,1,bpp_cd,,,,True,,5843,2026-02-26 06:36:26,2025-12-02 10:00:02,1699-12-31 00:00:00,0,False,0,,,ISSCOM Product by Category;ISSCOM Product by Flavor;ISSCOM Product by Trademark,0,,,c5a01e24-1f75-44b0-8fde-dd2db425b07b,
600,16,src_prod_cd,,2,19,,,True,1,False,False,True,1,-1,False,False,1,11311,1,src_prod_cd,,,,True,,5844,2026-02-26 06:36:26,2025-12-02 10:00:02,1699-12-31 00:00:00,0,False,0,,,,0,,,27da5c9c-5e37-41e5-8962-4a650eb05277,
617,16,Source Product Code,,1,2,,,False,1,False,False,True,1,-1,False,False,1,11379,2,,,"CONCATENATE('Product'[src_sys_id],'Product'[src_prod_cd])",,True,,5861,2026-02-26 06:36:26,2025-12-02 10:00:02,2026-03-16 18:00:18,0,False,0,,,,0,,,88d539fb-e44a-4f85-adc8-cf845efefe68,
624,16,bpp_rcg,,1,2,,,True,1,False,False,True,1,-1,False,False,1,11407,2,,,"LEFT('Product'[BPP Code],6)",,True,,5868,2026-02-26 06:36:26,2025-12-02 10:00:02,2026-03-16 18:00:18,0,False,0,,,,0,,,14cf0bac-6312-4bf2-92ca-21b0f3627656,
652,16,LT1.1 - Beverage Product,,2,19,,,False,1,False,False,True,1,-1,False,False,1,11519,1,lcl_hier_4_l1_desc,,,,True,,5896,2026-02-26 06:36:26,2025-12-02 10:00:02,1699-12-31 00:00:00,0,False,0,,,LATAM Product,0,,,57c1ff1b-51ef-4f78-8178-72be31139f21,
655,16,LT1.4 - Sub-Category,,2,19,,,False,1,False,False,True,1,-1,False,False,1,11531,1,lcl_hier_4_l4_desc,,,,True,,5899,2026-02-26 06:36:26,2025-12-02 10:00:02,1699-12-31 00:00:00,0,False,0,,,LATAM Product,0,,,79e6d2ce-4d8d-4fbc-8edd-3a780dcd66f0,
656,16,LT1.5 - Category,,2,19,,,False,1,False,False,True,1,-1,False,False,1,11535,1,lcl_hier_4_l5_desc,,,,True,,5900,2026-02-26 06:36:26,2025-12-02 10:00:02,1699-12-31 00:00:00,0,False,0,,,LATAM Product,0,,,6f8b1477-e99b-42dc-a34e-02501d6b2123,
657,16,LT1.6 - Category Group,,2,19,,,False,1,False,False,True,1,-1,False,False,1,11539,1,lcl_hier_4_l6_desc,,,,True,,5901,2026-02-26 06:36:26,2025-12-02 10:00:02,1699-12-31 00:00:00,0,False,0,,,LATAM Product,0,,,8d8c5bb3-c865-427e-95f8-5962822ab681,
658,16,LT1.7 - Segment,,2,19,,,False,1,False,False,True,1,-1,False,False,1,11543,1,lcl_hier_4_l7_desc,,,,True,,5902,2026-02-26 06:36:26,2025-12-02 10:00:02,1699-12-31 00:00:00,0,False,0,,,LATAM Product,0,,,e0d5e023-b56d-40cd-b5f2-6cb0559880c7,
659,16,LT1.8 - Industry,,2,19,,,False,1,False,False,True,1,-1,False,False,1,11547,1,lcl_hier_4_l8_desc,,,,True,,5903,2026-02-26 06:36:26,2025-12-02 10:00:02,1699-12-31 00:00:00,0,False,0,,,LATAM Product,0,,,304363a9-cb22-460b-8cc5-d8a5d2ea0dc3,
660,16,LT1.9 - Total,,2,19,,,False,1,False,False,True,1,-1,False,False,1,11551,1,lcl_hier_4_l9_desc,,,,True,,5904,2026-02-26 06:36:26,2025-12-02 10:00:02,1699-12-31 00:00:00,0,False,0,,,LATAM Product,0,,,9fef3c3e-87fd-4952-9948-ee8c8baa8956,
74662,16,LT1.3 - Trademark Category,,2,19,,,False,1,False,False,True,1,-1,False,False,1,74668,1,lcl_hier_4_l3_desc,,,,True,,74665,2026-02-26 06:36:26,2026-01-06 17:45:16,1699-12-31 00:00:00,0,False,0,,,LATAM Product,0,,,26310028-f254-4385-9204-8a92d9caba38,
74663,16,LT1.2 - Brand Group,,2,19,,,False,1,False,False,True,1,-1,False,False,1,74672,1,lcl_hier_4_l2_desc,,,,True,,74666,2026-02-26 06:36:26,2026-01-06 17:45:16,1699-12-31 00:00:00,0,False,0,,,LATAM Product,0,,,e72cd919-f116-4ebe-a292-0cc213a2d7d4,
74664,16,BU Product,,2,19,,,False,1,False,False,True,1,-1,False,False,1,74676,1,bu_prod_desc,,,,True,,74667,2026-02-26 06:36:26,2026-01-06 17:45:16,1699-12-31 00:00:00,0,False,0,,,LATAM Product,0,,,d5e76a44-f967-4eb2-87c6-b4185751c90f,
220455,16,Non-KO Product,,2,19,,,False,1,False,False,True,1,-1,False,False,1,220457,1,bu_attr_15,,,,True,,220456,2026-02-13 20:28:47,2026-02-13 20:28:47,1699-12-31 00:00:00,0,False,0,,,Other Product Attributes,0,,,1e277d21-2ab7-4e28-9667-7d753414b453,
20,19,RowNumber-2662979B-1795-4F74-8F37-6A1BA8059B61,,6,19,,,True,1,True,True,False,1,-1,False,False,1,8565,3,,,,,True,,21,2025-12-02 10:00:02,2025-12-02 10:00:02,1699-12-31 00:00:00,0,False,0,,,,0,,,,
661,19,sls_type_id,,2,19,,,True,1,False,False,True,1,-1,False,False,1,11555,1,sls_type_id,,,,True,,5905,2026-02-26 06:36:26,2025-12-02 10:00:02,1699-12-31 00:00:00,0,False,0,,,,0,,,c74e4242-321a-44f2-bbc6-57655f4274e7,
662,19,src_sys_id,,6,19,,,True,1,False,False,True,1,-1,False,False,1,11559,1,src_sys_id,,,,True,,5906,2026-02-26 06:36:26,2025-12-02 10:00:02,1699-12-31 00:00:00,0,False,0,,,,0,,,e4271595-2bdd-47f4-abfb-086df8e7bc5c,
663,19,src_grp_id,,6,19,,,True,1,False,False,True,1,-1,False,False,1,11563,1,src_grp_id,,,,True,,5907,2026-02-26 06:36:26,2025-12-02 10:00:02,1699-12-31 00:00:00,0,False,0,,,,0,,,3f387665-2896-4037-b951-477a400eb241,
664,19,Source Sales Type,,2,19,,,False,1,False,False,True,1,-1,False,False,1,11567,1,src_sls_type_desc,,,,True,,5908,2026-02-26 06:36:26,2025-12-02 10:00:02,1699-12-31 00:00:00,0,False,0,,,,0,,,2e1f4ea0-b241-46ac-980b-a7ca01acdde7,
665,19,BU Sales Type,,2,19,,,False,1,False,False,True,1,-1,False,False,1,11571,1,bu_sls_type_desc,,,,True,,5909,2026-02-26 06:36:26,2025-12-02 10:00:02,1699-12-31 00:00:00,0,False,0,,,,0,,,f4e8c5e7-88ef-46f7-8f86-3c565150c690,
666,19,Primary Sales Indicator,,2,19,,,False,1,False,False,True,1,-1,False,False,1,11575,1,bu_primary_ind,,,,True,,5910,2026-02-26 06:36:26,2025-12-02 10:00:02,1699-12-31 00:00:00,0,False,0,,,,0,,,2f44120b-edc6-480f-95f9-fafb3d914267,
667,19,Source Sales Type Code,,2,19,,,False,1,False,False,True,1,-1,False,False,1,11579,1,src_sls_type_cd,,,,True,,5911,2026-02-26 06:36:26,2025-12-02 10:00:02,1699-12-31 00:00:00,0,False,0,,,,0,,,b39ef795-ebb9-429d-8516-c33e02a4fefb,
668,19,BU Sales Type Code,,2,19,,,False,1,False,False,True,1,-1,False,False,1,11583,1,bu_sls_type_cd,,,,True,,5912,2026-02-26 06:36:26,2025-12-02 10:00:02,1699-12-31 00:00:00,0,False,0,,,,0,,,f008648d-91c8-4d74-86de-9c2a72550dc2,
23,22,RowNumber-2662979B-1795-4F74-8F37-6A1BA8059B61,,6,19,,,True,1,True,True,False,1,-1,False,False,1,8569,3,,,,,True,,24,2025-12-02 10:00:02,2025-12-02 10:00:02,1699-12-31 00:00:00,0,False,0,,,,0,,,,
773,22,Country,,2,19,,,False,1,False,False,True,1,-1,False,False,1,12003,1,ctry_nm,,,,True,,6017,2026-02-26 06:36:26,2025-12-02 10:00:02,1699-12-31 00:00:00,0,False,0,,,ISSCOM Ship From,0,,,5214fb8c-6697-4a2c-a56e-b9e82df9ce30,
774,22,Region,,2,19,,,False,1,False,False,True,1,-1,False,False,1,12007,1,rgn_nm,,,,True,,6018,2026-02-26 06:36:26,2025-12-02 10:00:02,1699-12-31 00:00:00,0,False,0,,,ISSCOM Ship From,0,,,4a51363a-7c09-4d6a-8ade-1488be7f559a,
775,22,Business Unit,,2,19,,,False,1,False,False,True,1,-1,False,False,1,12011,1,bu_nm,,,,True,,6019,2026-02-26 06:36:26,2025-12-02 10:00:02,1699-12-31 00:00:00,0,False,0,,,ISSCOM Ship From,0,,,691cb32b-3f5c-45ca-86b6-fabb30fef47c,
777,22,Operating Group,,2,19,,,False,1,False,False,True,1,-1,False,False,1,12019,1,grp_nm,,,,True,,6021,2026-02-26 06:36:26,2025-12-02 10:00:02,1699-12-31 00:00:00,0,False,0,,,ISSCOM Ship From,0,,,4376bf27-5435-460a-92ff-39793f3e0696,
817,22,BU Ship From Code,,2,19,,,True,1,False,False,True,1,-1,False,False,1,12179,1,bu_ship_from_loc_cd,,,,True,,6061,2026-02-26 06:36:26,2025-12-02 10:00:02,1699-12-31 00:00:00,0,False,0,,,ISSCOM Ship From,0,,,7a7f0140-a467-43c3-b354-e9db4e4fedb0,
818,22,Country Code,,2,19,,,False,1,False,False,True,1,-1,False,False,1,12183,1,ctry_cd,,,,True,,6062,2026-02-26 06:36:26,2025-12-02 10:00:02,1699-12-31 00:00:00,0,False,0,,,ISSCOM Ship From,0,,,d38a5451-23f9-4392-918c-1896ace774ab,
819,22,src_sys_id,,2,19,,,True,1,False,False,True,1,-1,False,False,1,12187,1,src_sys_id,,,,True,,6063,2026-02-26 06:36:26,2025-12-02 10:00:02,1699-12-31 00:00:00,0,False,0,,,,0,,,aa7c212b-f865-4b1a-8899-e2afe537c40a,
828,22,Source Ship From Code,,1,2,,,False,1,False,False,True,1,-1,False,False,1,12223,2,,,"CONCATENATE('Ship From'[src_sys_id],'Ship From'[src_ship_from_loc_cd])",,True,,6072,2026-02-26 06:36:26,2025-12-02 10:00:02,2026-03-16 18:00:17,0,False,0,,,,0,,,249d1442-adf9-4828-a9f8-c6278b7b3275,
69900,22,ship_from_loc_id,,2,19,,,True,1,False,False,True,1,-1,False,False,1,69902,1,ship_from_loc_id,,,,True,,69901,2025-12-04 17:23:08,2025-12-04 13:40:18,1699-12-31 00:00:00,0,False,0,,,,0,,,f9af84ba-43ec-4c18-aeb5-bb43b4bac8f2,
70169,22,src_ship_from_loc_cd,,2,19,,,True,1,False,False,True,1,-1,False,False,1,70171,1,src_ship_from_loc_cd,,,,True,,70170,2025-12-04 17:23:08,2025-12-04 14:24:07,1699-12-31 00:00:00,0,False,0,,,,0,,,f949e39f-4c52-44c4-981e-6ee5df856b90,
70450,22,nsr_calc_ind,,2,19,,,True,1,False,False,True,1,-1,False,False,1,70452,1,nsr_calc_ind,,,,True,,70451,2025-12-04 17:23:08,2025-12-04 17:23:08,1699-12-31 00:00:00,0,False,0,,,,0,,,652d48a7-e4ca-4649-86c5-639fd7dcc41c,
72861,22,bu_ship_from_loc_desc,,2,19,,,True,1,False,False,True,1,-1,False,False,1,72865,1,bu_ship_from_loc_desc,,,,True,,72863,2026-01-08 18:44:54,2025-12-04 19:28:59,1699-12-31 00:00:00,0,False,0,,,,0,,,96a6dea4-690f-4201-b512-a79a6907bb64,
72862,22,BU Ship From,,2,19,,,False,1,False,False,True,1,-1,False,False,1,72869,1,bu_ship_from_loc_desc,,,,True,,72864,2026-02-26 06:36:26,2025-12-04 19:28:59,1699-12-31 00:00:00,0,False,0,,,ISSCOM Ship From,0,,,45dbdeee-c5c8-48d0-994b-e84c5993483c,
109570,22,Calculated_Join_ID,,2,19,,,True,1,False,False,True,1,-1,False,False,1,109642,1,Calculated_Join_ID,,,,True,,109606,2026-01-29 14:19:37,2026-01-29 14:19:37,1699-12-31 00:00:00,0,False,0,,,,0,,,6b1d5193-0f68-49ea-ac77-877215f6fe6f,
109571,22,cd_bu,,6,19,,,True,1,False,False,True,1,-1,False,False,1,109646,1,cd_bu,,,,True,,109607,2026-01-29 14:19:37,2026-01-29 14:19:37,1699-12-31 00:00:00,0,False,0,,,,0,,,d2ef1db7-57da-4060-9dab-f43c4e16eebb,
109572,22,cd_new_c,,6,19,,,True,1,False,False,True,1,-1,False,False,1,109650,1,cd_new_c,,,,True,,109608,2026-01-29 14:19:37,2026-01-29 14:19:37,1699-12-31 00:00:00,0,False,0,,,,0,,,b22d1e47-cba0-43e2-9191-a0e2c9d20204,
109573,22,cd_new_cb,,6,19,,,True,1,False,False,True,1,-1,False,False,1,109654,1,cd_new_cb,,,,True,,109609,2026-01-29 14:19:37,2026-01-29 14:19:37,1699-12-31 00:00:00,0,False,0,,,,0,,,b80ff8f8-7429-4cd3-a9d4-dd1859f0ffd9,
109574,22,cd_new_cg,,6,19,,,True,1,False,False,True,1,-1,False,False,1,109658,1,cd_new_cg,,,,True,,109610,2026-01-29 14:19:37,2026-01-29 14:19:37,1699-12-31 00:00:00,0,False,0,,,,0,,,7b878c67-48cd-4e28-be71-3593b1cd3ee3,
109575,22,cd_new_fa,,6,19,,,True,1,False,False,True,1,-1,False,False,1,109662,1,cd_new_fa,,,,True,,109611,2026-01-29 14:19:37,2026-01-29 14:19:37,1699-12-31 00:00:00,0,False,0,,,,0,,,554a82a6-898d-45a1-bf31-904116a771af,
109576,22,cd_new_ft,,6,19,,,True,1,False,False,True,1,-1,False,False,1,109666,1,cd_new_ft,,,,True,,109612,2026-01-29 14:19:37,2026-01-29 14:19:37,1699-12-31 00:00:00,0,False,0,,,,0,,,623ffedd-cf8a-45da-950c-a84b18f632f8,
109577,22,cd_new_it,,6,19,,,True,1,False,False,True,1,-1,False,False,1,109670,1,cd_new_it,,,,True,,109613,2026-01-29 14:19:37,2026-01-29 14:19:37,1699-12-31 00:00:00,0,False,0,,,,0,,,55b8fd26-4843-40f1-b19a-5e4acd03624d,
109578,22,cd_new_r,,6,19,,,True,1,False,False,True,1,-1,False,False,1,109674,1,cd_new_r,,,,True,,109614,2026-01-29 14:19:37,2026-01-29 14:19:37,1699-12-31 00:00:00,0,False,0,,,,0,,,6eb4d657-7fed-4d2e-a69d-affd7c4157ae,
109579,22,cd_new_rc,,6,19,,,True,1,False,False,True,1,-1,False,False,1,109678,1,cd_new_rc,,,,True,,109615,2026-01-29 14:19:37,2026-01-29 14:19:37,1699-12-31 00:00:00,0,False,0,,,,0,,,3b1d63de-1b6b-41ba-85ca-06fa5f229cc2,
109580,22,cd_new_st,,6,19,,,True,1,False,False,True,1,-1,False,False,1,109682,1,cd_new_st,,,,True,,109616,2026-01-29 14:19:37,2026-01-29 14:19:37,1699-12-31 00:00:00,0,False,0,,,,0,,,305b216d-5c18-4185-922c-9a1542476906,
109581,22,cd_nsr_c,,6,19,,,True,1,False,False,True,1,-1,False,False,1,109686,1,cd_nsr_c,,,,True,,109617,2026-01-29 14:19:37,2026-01-29 14:19:37,1699-12-31 00:00:00,0,False,0,,,,0,,,d51a9134-5cbd-4e54-bab0-d9a6d071f0bd,
109582,22,cd_nsr_cb,,2,19,,,True,1,False,False,True,1,-1,False,False,1,109690,1,cd_nsr_cb,,,,True,,109618,2026-01-29 14:19:37,2026-01-29 14:19:37,1699-12-31 00:00:00,0,False,0,,,,0,,,f36b4356-a440-4ab0-b472-b5b4a5b0e250,
109583,22,cd_nsr_cg,,6,19,,,True,1,False,False,True,1,-1,False,False,1,109694,1,cd_nsr_cg,,,,True,,109619,2026-01-29 14:19:37,2026-01-29 14:19:37,1699-12-31 00:00:00,0,False,0,,,,0,,,643cab23-7099-4c84-9819-69f4da068f94,
109584,22,cd_nsr_fa,,2,19,,,True,1,False,False,True,1,-1,False,False,1,109698,1,cd_nsr_fa,,,,True,,109620,2026-01-29 14:19:37,2026-01-29 14:19:37,1699-12-31 00:00:00,0,False,0,,,,0,,,4fd6d3e2-281d-426f-bc5b-e22031b0d760,
109585,22,cd_nsr_ft,,2,19,,,True,1,False,False,True,1,-1,False,False,1,109702,1,cd_nsr_ft,,,,True,,109621,2026-01-29 14:19:37,2026-01-29 14:19:37,1699-12-31 00:00:00,0,False,0,,,,0,,,ccaaf978-c298-4d97-994b-b43fd1da6e47,
109586,22,cd_nsr_it,,2,19,,,True,1,False,False,True,1,-1,False,False,1,109706,1,cd_nsr_it,,,,True,,109622,2026-01-29 14:19:37,2026-01-29 14:19:37,1699-12-31 00:00:00,0,False,0,,,,0,,,6d429e61-857a-466d-9a4a-74ef60ac672d,
109587,22,cd_nsr_r,,2,19,,,True,1,False,False,True,1,-1,False,False,1,109710,1,cd_nsr_r,,,,True,,109623,2026-01-29 14:19:37,2026-01-29 14:19:37,1699-12-31 00:00:00,0,False,0,,,,0,,,cd344447-a7a8-4b0b-a5da-6d59fd8f0d5a,
109588,22,cd_nsr_rc,,6,19,,,True,1,False,False,True,1,-1,False,False,1,109714,1,cd_nsr_rc,,,,True,,109624,2026-01-29 14:19:37,2026-01-29 14:19:37,1699-12-31 00:00:00,0,False,0,,,,0,,,056d03a4-e399-4777-846e-05d9d343d150,
109589,22,cd_nsr_st,,2,19,,,True,1,False,False,True,1,-1,False,False,1,109718,1,cd_nsr_st,,,,True,,109625,2026-01-29 14:19:37,2026-01-29 14:19:37,1699-12-31 00:00:00,0,False,0,,,,0,,,8c6d9bb2-b2cc-413f-8612-9c8b1059e6e2,
109590,22,cd_ou,,6,19,,,True,1,False,False,True,1,-1,False,False,1,109722,1,cd_ou,,,,True,,109626,2026-01-29 14:19:37,2026-01-29 14:19:37,1699-12-31 00:00:00,0,False,0,,,,0,,,dedb41f4-63f3-4e15-a740-483e0a56d5ac,
109591,22,L1.5 - Country,,2,19,,,False,1,False,False,True,1,-1,False,False,1,109726,1,desc_c,,,,True,,109627,2026-01-29 14:19:37,2026-01-29 14:19:37,1699-12-31 00:00:00,0,False,0,,,LATAM Ship From,0,,,399e3e97-7609-40ac-b8e5-acfeaa79fcc0,
109592,22,L1.7 - Franchise Region,,2,19,,,False,1,False,False,True,1,-1,False,False,1,109730,1,desc_cg,,,,True,,109628,2026-02-26 20:29:29,2026-01-29 14:19:37,1699-12-31 00:00:00,0,False,0,,,LATAM Ship From,0,,,9ab622e0-ae8d-40dc-a65e-3c09c0304796,
109593,22,desc_country_cd,,2,19,,,True,1,False,False,True,1,-1,False,False,1,109734,1,desc_country_cd,,,,True,,109629,2026-01-29 14:19:37,2026-01-29 14:19:37,1699-12-31 00:00:00,0,False,0,,,,0,,,2b18adf8-d877-4916-8388-d95363d68e69,
109594,22,L1.2 - Bottler Zone,,2,19,,,False,1,False,False,True,1,-1,False,False,1,109738,1,desc_ft,,,,True,,109630,2026-02-26 20:29:29,2026-01-29 14:19:37,1699-12-31 00:00:00,0,False,0,,,LATAM Ship From,0,,,0665e360-f26a-4df1-89e0-64b760395251,
109595,22,L1.9 - Zone Operations,,2,19,,,False,1,False,False,True,1,-1,False,False,1,109742,1,desc_new_bu,,,,True,,109631,2026-02-26 20:29:29,2026-01-29 14:19:37,1699-12-31 00:00:00,0,False,0,,,LATAM Ship From,0,,,0e08dc37-40b5-4f9b-bf3a-d34321a04413,
109596,22,L1.3 - Bottler,,2,19,,,False,1,False,False,True,1,-1,False,False,1,109746,1,desc_new_cb,,,,True,,109632,2026-01-29 14:19:37,2026-01-29 14:19:37,1699-12-31 00:00:00,0,False,0,,,LATAM Ship From,0,,,c74bb354-d927-46b1-82c1-5a519144f7a8,
109597,22,L1.1 - Bottler SubZone,,2,19,,,False,1,False,False,True,1,-1,False,False,1,109750,1,desc_new_fa,,,,True,,109633,2026-02-26 20:29:29,2026-01-29 14:19:37,1699-12-31 00:00:00,0,False,0,,,LATAM Ship From,0,,,ee34ac79-362d-4a41-8e35-a1483f7194d0,
109598,22,L1.4 - Field Unit,,2,19,,,False,1,False,False,True,1,-1,False,False,1,109754,1,desc_new_it,,,,True,,109634,2026-02-26 20:29:29,2026-01-29 14:19:37,1699-12-31 00:00:00,0,False,0,,,LATAM Ship From,0,,,d285f23e-957b-458a-a153-372ca60cb2af,
109599,22,L1.6 - Franchise Sub Region,,2,19,,,False,1,False,False,True,1,-1,False,False,1,109758,1,desc_new_rc,,,,True,,109635,2026-02-26 20:29:29,2026-01-29 14:19:37,1699-12-31 00:00:00,0,False,0,,,LATAM Ship From,0,,,e0d01912-7516-4440-bd3a-bd78802742d2,
109600,22,L1.0 - Bottler Franchise or CEDI,,2,19,,,False,1,False,False,True,1,-1,False,False,1,109762,1,desc_new_st,,,,True,,109636,2026-02-26 20:29:29,2026-01-29 14:19:37,1699-12-31 00:00:00,0,False,0,,,LATAM Ship From,0,,,2fedd42b-60c1-4b92-bc8c-b2bfdfa9dd6e,
109601,22,L1.10 - Operating Unit,,2,19,,,False,1,False,False,True,1,-1,False,False,1,109766,1,desc_ou,,,,True,,109637,2026-01-29 14:19:37,2026-01-29 14:19:37,1699-12-31 00:00:00,0,False,0,,,LATAM Ship From,0,,,31adf385-5477-4a23-962b-a51736bfdc1e,
109602,22,L1.8 - Franchise Unit Operations,,2,19,,,False,1,False,False,True,1,-1,False,False,1,109770,1,desc_r,,,,True,,109638,2026-02-26 20:29:29,2026-01-29 14:19:37,1699-12-31 00:00:00,0,False,0,,,LATAM Ship From,0,,,aedd1eb0-9563-4c1e-b3a1-8aa35d12bb4c,
109603,22,Franchise Area Code,,2,19,,,True,1,False,False,True,1,-1,False,False,1,109774,1,Franchise Area Code,,,,True,,109639,2026-01-29 14:19:37,2026-01-29 14:19:37,1699-12-31 00:00:00,0,False,0,,,,0,,,1b44b9ee-4924-404e-942b-1849911d2ecd,
109604,22,Segmented Territory Code,,2,19,,,True,1,False,False,True,1,-1,False,False,1,109778,1,Segmented Territory Code,,,,True,,109640,2026-01-29 14:19:37,2026-01-29 14:19:37,1699-12-31 00:00:00,0,False,0,,,,0,,,8d713767-428c-4ee4-ab43-cd2517cb6d3d,
109605,22,ship_from_hier_cd ,,2,19,,,True,1,False,False,True,1,-1,False,False,1,109782,1,ship_from_hier_cd ,,,,True,,109641,2026-01-29 14:19:37,2026-01-29 14:19:37,1699-12-31 00:00:00,0,False,0,,,,0,,,19d85812-5759-4e1e-9bd1-2c1a746619a8,
26,25,RowNumber-2662979B-1795-4F74-8F37-6A1BA8059B61,,6,19,,,True,1,True,True,False,1,-1,False,False,1,8573,3,,,,,True,,27,2025-12-02 10:00:02,2025-12-02 10:00:02,1699-12-31 00:00:00,0,False,0,,,,0,,,,
830,25,ship_to_loc_id,,2,19,,,True,1,False,False,True,1,-1,False,False,1,12231,1,ship_to_loc_id,,,,True,,6074,2026-02-26 06:36:26,2025-12-02 10:00:02,1699-12-31 00:00:00,0,False,0,,,,0,,,ffb3d2fd-356d-4f42-b29e-3b0a77218da5,
885,25,Source Ship To Code,,2,19,,,True,1,False,False,True,1,-1,False,False,1,12451,1,src_ship_to_loc_cd,,,,True,,6129,2026-03-19 17:46:03,2025-12-02 10:00:02,1699-12-31 00:00:00,0,False,0,,,,0,,,90368d51-4b8f-4743-b433-7f8f54d8e10a,
898,25,LT1.1 - Tradename,,2,19,,,False,1,False,False,True,1,-1,False,False,1,12503,1,lcl_hier_4_l1_desc,,,,True,,6142,2026-02-26 06:36:26,2025-12-02 10:00:02,1699-12-31 00:00:00,0,False,0,,,LATAM Customer,0,,,fe37484a-9e5c-493e-9e70-e72d080f1789,
899,25,LT1.2 - Customer,,2,19,,,False,1,False,False,True,1,-1,False,False,1,12507,1,lcl_hier_4_l2_desc,,,,True,,6143,2026-02-26 06:36:26,2025-12-02 10:00:02,1699-12-31 00:00:00,0,False,0,,,LATAM Customer,0,,,e60c9faa-2ad6-4c73-bff5-173b2d2f73a0,
900,25,LT1.3 - Business Sub Type,,2,19,,,False,1,False,False,True,1,-1,False,False,1,12511,1,lcl_hier_4_l3_desc,,,,True,,6144,2026-02-26 06:36:26,2025-12-02 10:00:02,1699-12-31 00:00:00,0,False,0,,,LATAM Customer,0,,,8ab8f4d9-4832-4e9f-bf62-f7312294a756,
901,25,LT1.4 - Business Type,,2,19,,,False,1,False,False,True,1,-1,False,False,1,12515,1,lcl_hier_4_l4_desc,,,,True,,6145,2026-02-26 06:36:26,2025-12-02 10:00:02,1699-12-31 00:00:00,0,False,0,,,LATAM Customer,0,,,0b77a9da-e9d9-4469-9587-84962bdbc8e3,
902,25,LT1.5 - Consumption Type,,2,19,,,False,1,False,False,True,1,-1,False,False,1,12519,1,lcl_hier_4_l5_desc,,,,True,,6146,2026-02-26 06:36:26,2025-12-02 10:00:02,1699-12-31 00:00:00,0,False,0,,,LATAM Customer,0,,,f3c2ebeb-04cc-4995-b331-ca0eaa45678b,
903,25,LT1.6 - Customer Leadership,,2,19,,,False,1,False,False,True,1,-1,False,False,1,12523,1,lcl_hier_4_l6_desc,,,,True,,6147,2026-02-26 06:36:26,2025-12-02 10:00:02,1699-12-31 00:00:00,0,False,0,,,LATAM Customer,0,,,258333af-56a0-4cce-aa0e-89cbe9c4aaba,
29,28,RowNumber-2662979B-1795-4F74-8F37-6A1BA8059B61,,6,19,,,True,1,True,True,False,1,-1,False,False,1,8577,3,,,,,True,,30,2025-12-02 10:00:02,2025-12-02 10:00:02,1699-12-31 00:00:00,0,False,0,,,,0,,,,
904,28,entry_type_cd,,2,19,,,True,1,False,False,True,1,-1,False,False,1,12527,1,entry_type_cd,,,,True,,6148,2026-02-26 06:36:26,2025-12-02 10:00:02,1699-12-31 00:00:00,0,False,0,,,,0,,,c940ad76-11f0-4b4b-893a-101cda59b17a,
905,28,Record Type,,2,19,,,False,1,False,False,True,1,-1,False,False,1,12531,1,entry_type_desc,,,,True,,6149,2026-02-26 06:36:26,2025-12-02 10:00:02,1699-12-31 00:00:00,0,False,0,,,,0,,,f75fd00f-b154-415d-94b2-226c313c1ec0,
32,31,RowNumber-2662979B-1795-4F74-8F37-6A1BA8059B61,,6,19,,,True,1,True,True,False,1,-1,False,False,1,8581,3,,,,,True,,33,2025-12-02 10:00:02,2025-12-02 10:00:02,1699-12-31 00:00:00,0,False,0,,,,0,,,,
906,31,rpt_view_cd,,2,19,,,False,1,False,False,True,1,-1,False,False,1,12535,1,rpt_view_cd,,,,True,,6150,2026-02-26 06:36:26,2025-12-02 10:00:02,1699-12-31 00:00:00,0,False,0,,,,0,,,d3a2dce8-dcff-4881-9385-cca5d2481df1,
907,31,Reporting View,,1,2,,,False,1,False,False,True,1,-1,False,False,1,12539,2,,,"SWITCH('Reporting View'[rpt_view_cd],""2"",""445 Financial View"",""1"",""Operational View"")",,True,,6151,2026-02-26 06:36:26,2025-12-02 10:00:02,2026-03-16 17:59:52,0,False,0,,,,0,,,ad0c6b12-3086-463e-b03b-dd60cdc806dd,
908,31,rpt_view_desc,,2,19,,,True,1,False,False,True,1,-1,False,False,1,12543,1,rpt_view_desc,,,,True,,6152,2026-02-26 06:36:26,2025-12-02 10:00:02,1699-12-31 00:00:00,0,False,0,,,,0,,,b31dac0c-be1d-4035-8c11-2e53a07e0f4d,
35,34,RowNumber-2662979B-1795-4F74-8F37-6A1BA8059B61,,6,19,,,True,1,True,True,False,1,-1,False,False,1,8585,3,,,,,True,,36,2025-12-02 10:00:02,2025-12-02 10:00:02,1699-12-31 00:00:00,0,False,0,,,,0,,,,
909,34,trx_type_cd,,2,19,,,True,1,False,False,True,1,-1,False,False,1,12547,1,trx_type_cd,,,,True,,6153,2026-02-26 06:36:26,2025-12-02 10:00:02,1699-12-31 00:00:00,0,False,0,,,,0,,,a7efaf79-cbd0-4251-af43-440441c94a7b,
910,34,Transaction Type,,2,19,,,False,1,False,False,True,1,-1,False,False,1,12551,1,trx_type_desc,,,,True,,6154,2026-02-26 06:36:26,2025-12-02 10:00:02,1699-12-31 00:00:00,0,False,0,,,,0,,,c39b8fc1-919a-48de-944d-1f6c9261af6c,
38,37,RowNumber-2662979B-1795-4F74-8F37-6A1BA8059B61,,6,19,,,True,1,True,True,False,1,-1,False,False,1,8589,3,,,,,True,,39,2025-12-02 10:00:02,2025-12-02 10:00:02,1699-12-31 00:00:00,0,False,0,,,,0,,,,
911,37,ship_from_loc_id,,2,19,,,False,1,False,False,True,1,-1,False,False,1,12555,1,ship_from_loc_id,,,,True,,6155,2026-02-26 06:36:26,2025-12-02 10:00:02,1699-12-31 00:00:00,0,False,0,,,,0,,,b2a8d931-dbc4-4dce-82d0-c3acf1087666,
912,37,ship_to_loc_id,,2,19,,,False,1,False,False,True,1,-1,False,False,1,12983,1,ship_to_loc_id,,,,True,,6156,2026-02-26 06:36:26,2025-12-02 10:00:02,1699-12-31 00:00:00,0,False,0,,,,0,,,924d887b-8389-4cec-b5ea-ffd7cbd3740f,
913,37,prod_id,,2,19,,,False,1,False,False,True,1,-1,False,False,1,13411,1,prod_id,,,,True,,6157,2026-02-26 06:36:26,2025-12-02 10:00:02,1699-12-31 00:00:00,0,False,0,,,,0,,,2bb66e15-9b36-4cf6-96a6-98b6f297605c,
914,37,chnl_id,,2,19,,,False,1,False,False,True,1,-1,False,False,1,13839,1,chnl_id,,,,True,,6158,2026-02-26 06:36:26,2025-12-02 10:00:02,1699-12-31 00:00:00,0,False,0,,,,0,,,e887c0cc-92ab-4415-b516-942afe0af72e,
915,37,sls_type_id,,2,19,,,False,1,False,False,True,1,-1,False,False,1,14267,1,sls_type_id,,,,True,,6159,2026-02-26 06:36:26,2025-12-02 10:00:02,1699-12-31 00:00:00,0,False,0,,,,0,,,1bdbaf3c-7526-4ac7-b3eb-263629cdc943,
916,37,rpt_view_cd,,2,19,,,False,1,False,False,True,1,-1,False,False,1,14695,1,rpt_view_cd,,,,True,,6160,2026-02-26 06:36:26,2025-12-02 10:00:02,1699-12-31 00:00:00,0,False,0,,,,0,,,a65e77b9-89d1-420f-97c0-d415f4bc7132,
918,37,phys_case_amt,,10,19,,,False,1,False,False,True,1,-1,False,False,1,15551,1,phys_case_amt,,,,True,,6162,2026-02-26 06:36:26,2025-12-02 10:00:02,1699-12-31 00:00:00,0,False,0,,,,0,,,245f5b6e-7c9d-42d4-9a04-b7892f2ca5f0,
919,37,unit_case_amt,,10,19,,,False,1,False,False,True,1,-1,False,False,1,15979,1,unit_case_amt,,,,True,,6163,2026-02-26 06:36:26,2025-12-02 10:00:02,1699-12-31 00:00:00,0,False,0,,,,0,,,27b4224a-4b66-4551-84a5-b7a3c0ab6770,
920,37,liter_amt,,10,19,,,False,1,False,False,True,1,-1,False,False,1,16407,1,liter_amt,,,,True,,6164,2026-02-26 06:36:26,2025-12-02 10:00:02,1699-12-31 00:00:00,0,False,0,,,,0,,,c730af51-0d18-4396-89f7-7b5a93d37ae9,
921,37,indv_unit_amt,,10,19,,,False,1,False,False,True,1,-1,False,False,1,16835,1,indv_unit_amt,,,,True,,6165,2026-02-26 06:36:26,2025-12-02 10:00:02,1699-12-31 00:00:00,0,False,0,,,,0,,,77330af4-40e8-4ff2-94e7-0d6eab3e8cb5,
922,37,purch_trx_amt,,10,19,,,False,1,False,False,True,1,-1,False,False,1,17263,1,purch_trx_amt,,,,True,,6166,2026-02-26 06:36:26,2025-12-02 10:00:02,1699-12-31 00:00:00,0,False,0,,,,0,,,f55fa7b9-e28e-40fa-82ce-0ec65c4fa4ba,
923,37,day_id,,2,19,,,False,1,False,False,True,1,-1,False,False,1,17691,1,day_id,,,,True,,6167,2026-02-26 06:36:26,2025-12-02 10:00:02,1699-12-31 00:00:00,0,False,0,,,,0,,,b88728b4-7fac-426e-b56a-18414e03045e,
924,37,trx_type_cd,,2,19,,,False,1,False,False,True,1,-1,False,False,1,18119,1,trx_type_cd,,,,True,,6168,2026-02-26 06:36:26,2025-12-02 10:00:02,1699-12-31 00:00:00,0,False,0,,,,0,,,bf4f4cad-aaa2-43af-87c7-c0375aabaa9d,
926,37,btlr_unit_case_amt,,10,19,,,False,1,False,False,True,1,-1,False,False,1,18975,1,btlr_unit_case_amt,,,,True,,6170,2026-02-26 06:36:26,2025-12-02 10:00:02,1699-12-31 00:00:00,0,False,0,,,,0,,,00066071-43d3-4652-b310-e3a3a0b9ce8e,
929,37,src_sys_id,,2,19,,,False,1,False,False,True,1,-1,False,False,1,20259,1,src_sys_id,,,,True,,6173,2026-02-26 06:36:26,2025-12-02 10:00:02,1699-12-31 00:00:00,0,False,0,,,,0,,,b0fc8f1b-65b6-4cf2-9535-d431997503bf,
931,37,trx_dt,,2,19,,,False,1,False,False,True,1,-1,False,False,1,21115,1,trx_dt,,,,True,,6175,2026-02-26 06:36:26,2025-12-02 10:00:02,1699-12-31 00:00:00,0,False,0,,,,0,,,9e142b9a-663f-47e4-8a87-dce2f9d8cd47,
41,40,RowNumber-2662979B-1795-4F74-8F37-6A1BA8059B61,,6,19,,,True,1,True,True,False,1,-1,False,False,1,9017,3,,,,,True,,42,2025-12-02 10:00:02,2025-12-02 10:00:02,1699-12-31 00:00:00,0,False,0,,,,0,,,,
932,40,ship_from_loc_id,,2,19,,,False,1,False,False,True,1,-1,False,False,1,21543,1,ship_from_loc_id,,,,True,,6176,2026-02-26 06:36:26,2025-12-02 10:00:02,1699-12-31 00:00:00,0,False,0,,,,0,,,7bbc0bb6-2fac-431d-8083-2d61d1cde759,
933,40,day_id,,6,19,,,False,1,False,False,True,1,-1,False,False,1,21547,1,day_id,,,,True,,6177,2026-02-26 06:36:26,2025-12-02 10:00:02,1699-12-31 00:00:00,0,False,0,,,,0,,,2d4e1db4-6c4b-4cbf-a687-064f9b75677c,
934,40,wrk_day_ind,,6,19,,,False,1,False,False,True,1,-1,False,False,1,21551,1,wrk_day_ind,,,,True,,6178,2026-02-26 06:36:26,2025-12-02 10:00:02,1699-12-31 00:00:00,0,False,0,,,,0,,,a20e20de-2ea2-4c50-914e-4b990ea2ef97,
935,40,consmp_day_ind,,6,19,,,False,1,False,False,True,1,-1,False,False,1,21555,1,consmp_day_ind,,,,True,,6179,2026-02-26 06:36:26,2025-12-02 10:00:02,1699-12-31 00:00:00,0,False,0,,,,0,,,8f14186d-8978-4eac-99ad-c48be6d0755f,
936,40,file_id,,2,19,,,True,1,False,False,True,1,-1,False,False,1,21559,1,file_id,,,,True,,6180,2026-02-26 06:36:26,2025-12-02 10:00:02,1699-12-31 00:00:00,0,False,0,,,,0,,,12af5c6e-e980-469b-8211-4ad490711e3f,
44,43,RowNumber-2662979B-1795-4F74-8F37-6A1BA8059B61,,6,19,,,True,1,True,True,False,1,-1,False,False,1,9021,3,,,,,True,,45,2025-12-02 10:00:02,2025-12-02 10:00:02,1699-12-31 00:00:00,2,False,0,,,,0,,,,
937,43,,Date,1,9,,,True,1,False,False,True,1,-1,False,False,1,21563,4,[Date],,,,True,,6181,2026-03-10 18:39:51,2025-12-02 10:00:02,1699-12-31 00:00:00,2,False,0,,,,0,,,a6fdc44a-ea41-4072-9720-d7f30c17e0ef,
938,43,Date1,,1,9,,,True,1,False,False,True,1,-1,False,False,1,21567,2,,,"CALENDAR(""1/1/2016"",""1/1/2016"")",,True,,6182,2026-03-10 18:39:51,2025-12-02 10:00:02,2026-03-10 18:39:51,2,False,0,,,,0,,,d1b839d9-b7ae-4cc3-b918-f7f49817d8c9,
939,43,Date2,,1,9,,,True,1,False,False,True,1,-1,False,False,1,21571,2,,,"CALENDAR(""1/1/2016"",""1/1/2016"")",,True,,6183,2026-03-10 18:39:51,2025-12-02 10:00:02,2026-03-10 18:39:51,2,False,0,,,,0,,,32ae9633-134f-47d1-908c-c337d930401d,
940,43,Date3,,1,9,,,True,1,False,False,True,1,-1,False,False,1,21575,2,,,"CALENDAR(""1/1/2016"",""1/1/2016"")",,True,,6184,2026-03-10 18:39:51,2025-12-02 10:00:02,2026-03-10 18:39:51,2,False,0,,,,0,,,aa7eaef2-96bd-4a03-85ba-7c8e86c4ee10,
941,43,Date4,,1,9,,,True,1,False,False,True,1,-1,False,False,1,21579,2,,,"CALENDAR(""1/1/2016"",""1/1/2016"")",,True,,6185,2026-03-10 18:39:51,2025-12-02 10:00:02,2026-03-10 18:39:51,2,False,0,,,,0,,,e579377c-856f-4c54-bcf5-5c3b286e99b4,
942,43,Date5,,1,9,,,True,1,False,False,True,1,-1,False,False,1,21583,2,,,"CALENDAR(""1/1/2016"",""1/1/2016"")",,True,,6186,2026-03-10 18:39:51,2025-12-02 10:00:02,2026-03-10 18:39:51,2,False,0,,,,0,,,be901cf9-a067-44ae-9c64-690483972105,
943,43,Date6,,1,9,,,True,1,False,False,True,1,-1,False,False,1,21587,2,,,"CALENDAR(""1/1/2016"",""1/1/2016"")",,True,,6187,2026-03-10 18:39:51,2025-12-02 10:00:02,2026-03-10 18:39:51,2,False,0,,,,0,,,9edcc823-eb5d-438a-8f2d-221d989726a7,
944,43,Calculated Column 1,,1,9,,,True,1,False,False,True,1,-1,False,False,1,21591,2,,,"CALENDAR(""1/1/2016"",""1/1/2016"")",,True,,6188,2026-03-10 18:39:51,2025-12-02 10:00:02,2026-03-10 18:39:51,2,False,0,,,,0,,,1cc2e795-2184-420a-ac49-83fe92ccea4e,
945,43,Calculated Column 2,,1,9,,,True,1,False,False,True,1,-1,False,False,1,21595,2,,,"CALENDAR(""1/1/2016"",""1/1/2016"")",,True,,6189,2026-03-10 18:39:51,2025-12-02 10:00:02,2026-03-10 18:39:51,2,False,0,,,,0,,,f511257b-f791-4e60-8b31-0b56a4b552e4,
946,43,Calculated Column 3,,1,9,,,True,1,False,False,True,1,-1,False,False,1,21599,2,,,"CALENDAR(""1/1/2016"",""1/1/2016"")",,True,,6190,2026-03-10 18:39:51,2025-12-02 10:00:02,2026-03-10 18:39:51,2,False,0,,,,0,,,a5cac8be-c770-47dc-a8f4-d55762a12c15,
947,43,Calculated Column 4,,1,9,,,True,1,False,False,True,1,-1,False,False,1,21603,2,,,"CALENDAR(""1/1/2019"",""1/1/2019"")",,True,,6191,2026-03-10 18:39:51,2025-12-02 10:00:02,2026-03-10 18:39:51,2,False,0,,,,0,,,ae53d98e-a6cd-4a33-943f-0534f387cc65,
948,43,Calculated Column 5,,1,9,,,True,1,False,False,True,1,-1,False,False,1,21607,2,,,"CALENDAR(""1/1/2020"",""1/1/2020"")",,True,,6192,2026-03-10 18:39:51,2025-12-02 10:00:02,2026-03-10 18:39:51,2,False,0,,,,0,,,93a1564c-b777-467c-b82d-8a8e3ccaa8ac,
949,43,Calculated Column 6,,1,9,,,True,1,False,False,True,1,-1,False,False,1,21611,2,,,"CALENDAR(""1/1/2021"",""1/1/2021"")",,True,,6193,2026-03-10 18:39:51,2025-12-02 10:00:02,2026-03-10 18:39:51,2,False,0,,,,0,,,2c7ca6dd-0219-4ff4-a58a-021cb0c56f68,
950,43,Calculated Column 7,,1,9,,,True,1,False,False,True,1,-1,False,False,1,21615,2,,,"CALENDAR(""1/1/2022"",""1/1/2022"")",,True,,6194,2026-03-10 18:39:51,2025-12-02 10:00:02,2026-03-10 18:39:51,2,False,0,,,,0,,,a7fa24c7-8447-4a00-bc04-438b469a8294,
951,43,Calculated Column 8,,1,2,,,True,1,False,False,True,1,-1,False,False,1,21619,2,,,"""""",,True,,6195,2026-03-10 18:39:51,2025-12-02 10:00:02,2026-03-10 18:39:51,2,False,0,,,,0,,,1e525776-85eb-4a9f-b8d7-06a004b74be2,
952,43,Calculated Column 9,,1,2,,,True,1,False,False,True,1,-1,False,False,1,21623,2,,,"""B""",,True,,6196,2026-03-10 18:39:51,2025-12-02 10:00:02,2026-03-10 18:39:51,2,False,0,,,,0,,,8d48a324-b430-41c2-b878-27337d483c00,
953,43,Calculated Column 10,,1,2,,,True,1,False,False,True,1,-1,False,False,1,21627,2,,,"""C""",,True,,6197,2026-03-10 18:39:51,2025-12-02 10:00:02,2026-03-10 18:39:51,2,False,0,,,,0,,,3ea32d8d-bb46-4341-aab7-ebf687834bd9,
954,43,Calculated Column 11,,1,2,,,True,1,False,False,True,1,-1,False,False,1,21631,2,,,"""""",,True,,6198,2026-03-10 18:39:51,2025-12-02 10:00:02,2026-03-10 18:39:51,2,False,0,,,,0,,,ee5bb9d4-7012-483b-8672-513c55d70278,
955,43,Calculated Column 12,,1,2,,,True,1,False,False,True,1,-1,False,False,1,21635,2,,,"""""",,True,,6199,2026-03-10 18:39:51,2025-12-02 10:00:02,2026-03-10 18:39:51,2,False,0,,,,0,,,fa4a95b8-4dbe-43e6-96da-a27d1e6c6964,
956,43,Calculated Column 13,,1,2,,,True,1,False,False,True,1,-1,False,False,1,21639,2,,,"""""",,True,,6200,2026-03-10 18:39:51,2025-12-02 10:00:02,2026-03-10 18:39:51,2,False,0,,,,0,,,5f46fedd-cfe2-4bce-9dce-f488e82d01e8,
47,46,RowNumber-2662979B-1795-4F74-8F37-6A1BA8059B61,,6,19,,,True,1,True,True,False,1,-1,False,False,1,9025,3,,,,,True,,48,2025-12-02 10:00:02,2025-12-02 10:00:02,1699-12-31 00:00:00,0,False,0,,,,0,,,,
957,46,vrsn_type_cd,,2,19,,,False,1,False,False,True,1,-1,False,False,1,21643,1,vrsn_type_cd,,,,True,,6201,2026-02-26 06:36:26,2025-12-02 10:00:02,1699-12-31 00:00:00,0,False,0,,,,0,,,a1929cf0-2832-424c-80d0-79d8716c6c8e,
958,46,from_curr_cd,,2,19,,,False,1,False,False,True,1,-1,False,False,1,21647,1,from_curr_cd,,,,True,,6202,2026-02-26 06:36:26,2025-12-02 10:00:02,1699-12-31 00:00:00,0,False,0,,,,0,,,4f96c19e-321a-400b-969c-d45456cca26e,
959,46,c445_mth_cd,,6,19,,,False,1,False,False,True,1,-1,False,False,1,21651,1,c445_mth_cd,,,,True,,6203,2026-02-26 06:36:26,2025-12-02 10:00:02,1699-12-31 00:00:00,0,False,0,,,,0,,,8786f6ba-1328-4ea5-955f-01a160769463,
960,46,day_dt,,9,19,,,False,1,False,False,True,1,-1,False,False,1,21655,1,day_dt,,,General Date,True,,6204,2026-02-26 06:36:26,2025-12-02 10:00:02,1699-12-31 00:00:00,0,False,0,,,,0,,,49029483-c47f-41c0-b949-e9a701ab50c4,
961,46,day_id,,6,19,,,False,1,False,False,True,1,-1,False,False,1,21659,1,day_id,,,,True,,6205,2026-02-26 06:36:26,2025-12-02 10:00:02,1699-12-31 00:00:00,0,False,0,,,,0,,,90c1984a-89e5-4893-bdd6-4fe2d28f1096,
962,46,USD,,8,19,,,False,1,False,False,True,1,-1,False,False,1,21663,1,USD,,,,True,,6206,2026-02-26 06:36:26,2025-12-02 10:00:02,1699-12-31 00:00:00,0,False,0,,,,0,,,5c73b685-4bdc-4315-a360-64f95017edf2,
963,46,Concat_Curr_key,,2,19,,,False,1,False,False,True,1,-1,False,False,1,21667,1,Concat_Curr_key,,,,True,,6207,2026-02-26 06:36:26,2025-12-02 10:00:02,1699-12-31 00:00:00,0,False,0,,,,0,,,36545011-bbe0-4684-93a2-a2fafd960a52,
964,46,c445_week_cd,,6,19,,,False,1,False,False,True,1,-1,False,False,1,21671,1,c445_week_cd,,,,True,,6208,2026-02-26 06:36:26,2025-12-02 10:00:02,1699-12-31 00:00:00,0,False,0,,,,0,,,a47300f9-f5f5-4f37-b32a-fa8a7cb1a11e,
965,46,USD_445_PY,,8,19,,,False,1,False,False,True,1,-1,False,False,1,21675,1,USD_445_PY,,,,True,,6209,2026-02-26 06:36:26,2025-12-02 10:00:02,1699-12-31 00:00:00,0,False,0,,,,0,,,50e1d1e2-352c-40c7-9736-1394463b6420,
966,46,USD_445_2PY,,8,19,,,False,1,False,False,True,1,-1,False,False,1,21679,1,USD_445_2PY,,,,True,,6210,2026-02-26 06:36:26,2025-12-02 10:00:02,1699-12-31 00:00:00,0,False,0,,,,0,,,e2718ea5-a6ae-4023-95b6-9a697fedf125,
967,46,USD_445_3PY,,8,19,,,False,1,False,False,True,1,-1,False,False,1,21683,1,USD_445_3PY,,,,True,,6211,2026-02-26 06:36:26,2025-12-02 10:00:02,1699-12-31 00:00:00,0,False,0,,,,0,,,55608e98-29aa-438d-ab7c-7c8e9022fa45,
968,46,USD_445_4PY,,8,19,,,False,1,False,False,True,1,-1,False,False,1,21687,1,USD_445_4PY,,,,True,,6212,2026-02-26 06:36:26,2025-12-02 10:00:02,1699-12-31 00:00:00,0,False,0,,,,0,,,5cf551c8-0fdc-4af3-bb00-84e3a4b6e40a,
969,46,USD_445_5PY,,8,19,,,False,1,False,False,True,1,-1,False,False,1,21691,1,USD_445_5PY,,,,True,,6213,2026-02-26 06:36:26,2025-12-02 10:00:02,1699-12-31 00:00:00,0,False,0,,,,0,,,300831bc-c3f0-4330-a97b-bb20f5563d71,
970,46,USD_GREG_PY,,8,19,,,False,1,False,False,True,1,-1,False,False,1,21695,1,USD_GREG_PY,,,,True,,6214,2026-02-26 06:36:26,2025-12-02 10:00:02,1699-12-31 00:00:00,0,False,0,,,,0,,,e72f2175-c164-4293-a1eb-dc7730ad855a,
971,46,USD_GREG_2PY,,8,19,,,False,1,False,False,True,1,-1,False,False,1,21699,1,USD_GREG_2PY,,,,True,,6215,2026-02-26 06:36:26,2025-12-02 10:00:02,1699-12-31 00:00:00,0,False,0,,,,0,,,d5d2ce80-61af-48d1-9c6e-95ce274e059a,
972,46,USD_GREG_3PY,,8,19,,,False,1,False,False,True,1,-1,False,False,1,21703,1,USD_GREG_3PY,,,,True,,6216,2026-02-26 06:36:26,2025-12-02 10:00:02,1699-12-31 00:00:00,0,False,0,,,,0,,,04e5e840-52b3-4404-afe8-119d7a3d9484,
973,46,USD_GREG_4PY,,8,19,,,False,1,False,False,True,1,-1,False,False,1,21707,1,USD_GREG_4PY,,,,True,,6217,2026-02-26 06:36:26,2025-12-02 10:00:02,1699-12-31 00:00:00,0,False,0,,,,0,,,8058b80c-c628-4074-bd16-f80bba8072a7,
974,46,USD_GREG_5PY,,8,19,,,False,1,False,False,True,1,-1,False,False,1,21711,1,USD_GREG_5PY,,,,True,,6218,2026-02-26 06:36:26,2025-12-02 10:00:02,1699-12-31 00:00:00,0,False,0,,,,0,,,e3f25f9d-be3f-4c7d-a285-e8d794c428fa,
975,46,ACBP_USD,,8,19,,,False,1,False,False,True,1,-1,False,False,1,21715,1,ACBP_USD,,,,True,,6219,2026-02-26 06:36:26,2025-12-02 10:00:02,1699-12-31 00:00:00,0,False,0,,,,0,,,b5abcb57-3929-443c-a5fe-6be01fe0952d,
976,46,ACRE_USD,,8,19,,,False,1,False,False,True,1,-1,False,False,1,21719,1,ACRE_USD,,,,True,,6220,2026-02-26 06:36:26,2025-12-02 10:00:02,1699-12-31 00:00:00,0,False,0,,,,0,,,aaa139fd-19d1-4f66-a10b-e248f05d00f5,
977,46,ACWE_USD,,8,19,,,False,1,False,False,True,1,-1,False,False,1,21723,1,ACWE_USD,,,,True,,6221,2026-02-26 06:36:26,2025-12-02 10:00:02,1699-12-31 00:00:00,0,False,0,,,,0,,,07f4c30e-a404-46ad-9739-cb5b1c4c6304,
82023,46,acbp_eur,,10,19,,,False,1,False,False,True,1,-1,False,False,1,82107,1,acbp_eur,,,,True,,82065,2026-01-09 01:17:07,2026-01-09 01:17:07,1699-12-31 00:00:00,0,False,0,,,,0,,,7d0f465d-1e34-4c4a-b7ca-c7354370c8b6,
82024,46,acre_eur,,10,19,,,False,1,False,False,True,1,-1,False,False,1,82111,1,acre_eur,,,,True,,82066,2026-01-09 01:17:07,2026-01-09 01:17:07,1699-12-31 00:00:00,0,False,0,,,,0,,,1dbaf202-5b37-463e-acf0-c4992b8104e4,
82025,46,acwe_eur,,10,19,,,False,1,False,False,True,1,-1,False,False,1,82115,1,acwe_eur,,,,True,,82067,2026-01-09 01:17:07,2026-01-09 01:17:07,1699-12-31 00:00:00,0,False,0,,,,0,,,2a0204b5-33df-4234-a5b0-d134ef0368af,
82026,46,btlr_acbp_eur,,10,19,,,False,1,False,False,True,1,-1,False,False,1,82119,1,btlr_acbp_eur,,,,True,,82068,2026-01-09 01:17:07,2026-01-09 01:17:07,1699-12-31 00:00:00,0,False,0,,,,0,,,d38dc35c-9182-4c52-a8e7-c20d5f08d9ba,
82027,46,btlr_acbp_usd,,10,19,,,False,1,False,False,True,1,-1,False,False,1,82123,1,btlr_acbp_usd,,,,True,,82069,2026-01-09 01:17:07,2026-01-09 01:17:07,1699-12-31 00:00:00,0,False,0,,,,0,,,38f9d0dc-9900-42d5-bf22-189eca34a711,
82028,46,btlr_acre_eur,,10,19,,,False,1,False,False,True,1,-1,False,False,1,82127,1,btlr_acre_eur,,,,True,,82070,2026-01-09 01:17:07,2026-01-09 01:17:07,1699-12-31 00:00:00,0,False,0,,,,0,,,3f895775-baf2-42f4-b512-0f213cbaff96,
82029,46,btlr_acre_usd,,10,19,,,False,1,False,False,True,1,-1,False,False,1,82131,1,btlr_acre_usd,,,,True,,82071,2026-01-09 01:17:07,2026-01-09 01:17:07,1699-12-31 00:00:00,0,False,0,,,,0,,,b724bd52-c8e9-423a-aba4-4e3e8d004075,
82030,46,btlr_acwe_eur,,10,19,,,False,1,False,False,True,1,-1,False,False,1,82135,1,btlr_acwe_eur,,,,True,,82072,2026-01-09 01:17:07,2026-01-09 01:17:07,1699-12-31 00:00:00,0,False,0,,,,0,,,5e98ef56-c818-4cbe-bb00-eac499bd527a,
82031,46,btlr_acwe_usd,,10,19,,,False,1,False,False,True,1,-1,False,False,1,82139,1,btlr_acwe_usd,,,,True,,82073,2026-01-09 01:17:07,2026-01-09 01:17:07,1699-12-31 00:00:00,0,False,0,,,,0,,,190ffac7-ccb7-4975-98ac-de59c8db3182,
82032,46,btlr_eur,,10,19,,,False,1,False,False,True,1,-1,False,False,1,82143,1,btlr_eur,,,,True,,82074,2026-01-09 01:17:07,2026-01-09 01:17:07,1699-12-31 00:00:00,0,False,0,,,,0,,,63ed3832-2292-45de-a043-6e6e30066b00,
82033,46,btlr_eur_445_2py,,10,19,,,False,1,False,False,True,1,-1,False,False,1,82147,1,btlr_eur_445_2py,,,,True,,82075,2026-01-09 01:17:07,2026-01-09 01:17:07,1699-12-31 00:00:00,0,False,0,,,,0,,,0e710781-281e-4c28-bda4-02d4f9f5c0ca,
82034,46,btlr_eur_445_3py,,10,19,,,False,1,False,False,True,1,-1,False,False,1,82151,1,btlr_eur_445_3py,,,,True,,82076,2026-01-09 01:17:07,2026-01-09 01:17:07,1699-12-31 00:00:00,0,False,0,,,,0,,,56f9f1bf-5ab2-41b6-a3ce-febe145708c5,
82035,46,btlr_eur_445_4py,,10,19,,,False,1,False,False,True,1,-1,False,False,1,82155,1,btlr_eur_445_4py,,,,True,,82077,2026-01-09 01:17:07,2026-01-09 01:17:07,1699-12-31 00:00:00,0,False,0,,,,0,,,4b730239-edc2-475f-92e1-b12163f5e4c0,
82036,46,btlr_eur_445_5py,,10,19,,,False,1,False,False,True,1,-1,False,False,1,82159,1,btlr_eur_445_5py,,,,True,,82078,2026-01-09 01:17:07,2026-01-09 01:17:07,1699-12-31 00:00:00,0,False,0,,,,0,,,e06aeef5-6488-4953-a9d8-c95ca47b7d10,
82037,46,btlr_eur_445_py,,10,19,,,False,1,False,False,True,1,-1,False,False,1,82163,1,btlr_eur_445_py,,,,True,,82079,2026-01-09 01:17:07,2026-01-09 01:17:07,1699-12-31 00:00:00,0,False,0,,,,0,,,f5344b82-f99c-41a7-a38d-0a7255624325,
82038,46,btlr_eur_greg_2py,,10,19,,,False,1,False,False,True,1,-1,False,False,1,82167,1,btlr_eur_greg_2py,,,,True,,82080,2026-01-09 01:17:07,2026-01-09 01:17:07,1699-12-31 00:00:00,0,False,0,,,,0,,,9d5be086-3da0-48c7-a9d2-7dcf3df1bd74,
82039,46,btlr_eur_greg_3py,,10,19,,,False,1,False,False,True,1,-1,False,False,1,82171,1,btlr_eur_greg_3py,,,,True,,82081,2026-01-09 01:17:07,2026-01-09 01:17:07,1699-12-31 00:00:00,0,False,0,,,,0,,,70a0c7f2-3945-47d6-8bb8-f927201caaad,
82040,46,btlr_eur_greg_4py,,10,19,,,False,1,False,False,True,1,-1,False,False,1,82175,1,btlr_eur_greg_4py,,,,True,,82082,2026-01-09 01:17:07,2026-01-09 01:17:07,1699-12-31 00:00:00,0,False,0,,,,0,,,85f3d776-333d-4f07-93f3-ecb91c9f9370,
82041,46,btlr_eur_greg_5py,,10,19,,,False,1,False,False,True,1,-1,False,False,1,82179,1,btlr_eur_greg_5py,,,,True,,82083,2026-01-09 01:17:07,2026-01-09 01:17:07,1699-12-31 00:00:00,0,False,0,,,,0,,,a62d0762-fc5b-4206-accf-5633a2643ea5,
82042,46,btlr_eur_greg_py,,10,19,,,False,1,False,False,True,1,-1,False,False,1,82183,1,btlr_eur_greg_py,,,,True,,82084,2026-01-09 01:17:07,2026-01-09 01:17:07,1699-12-31 00:00:00,0,False,0,,,,0,,,50f968f0-4658-468b-96a9-55863d285294,
82043,46,btlr_usd,,10,19,,,False,1,False,False,True,1,-1,False,False,1,82187,1,btlr_usd,,,,True,,82085,2026-01-09 01:17:07,2026-01-09 01:17:07,1699-12-31 00:00:00,0,False,0,,,,0,,,51af9f88-f4fd-4efb-ab97-ed7082046eee,
82044,46,btlr_usd_445_2py,,10,19,,,False,1,False,False,True,1,-1,False,False,1,82191,1,btlr_usd_445_2py,,,,True,,82086,2026-01-09 01:17:07,2026-01-09 01:17:07,1699-12-31 00:00:00,0,False,0,,,,0,,,9f4f45eb-78a3-4cb9-b5e3-efdad6f4bf72,
82045,46,btlr_usd_445_3py,,10,19,,,False,1,False,False,True,1,-1,False,False,1,82195,1,btlr_usd_445_3py,,,,True,,82087,2026-01-09 01:17:07,2026-01-09 01:17:07,1699-12-31 00:00:00,0,False,0,,,,0,,,614699c7-ac75-4167-8cad-1768c90938bc,
82046,46,btlr_usd_445_4py,,10,19,,,False,1,False,False,True,1,-1,False,False,1,82199,1,btlr_usd_445_4py,,,,True,,82088,2026-01-09 01:17:07,2026-01-09 01:17:07,1699-12-31 00:00:00,0,False,0,,,,0,,,3e4b599a-d022-4cf1-9677-4cd72958f808,
82047,46,btlr_usd_445_5py,,10,19,,,False,1,False,False,True,1,-1,False,False,1,82203,1,btlr_usd_445_5py,,,,True,,82089,2026-01-09 01:17:07,2026-01-09 01:17:07,1699-12-31 00:00:00,0,False,0,,,,0,,,7abcad46-5915-4469-9972-900eddf71dbb,
82048,46,btlr_usd_445_py,,10,19,,,False,1,False,False,True,1,-1,False,False,1,82207,1,btlr_usd_445_py,,,,True,,82090,2026-01-09 01:17:07,2026-01-09 01:17:07,1699-12-31 00:00:00,0,False,0,,,,0,,,f2442e0f-aaff-4c83-8cbd-704a0f99657b,
82049,46,btlr_usd_greg_2py,,10,19,,,False,1,False,False,True,1,-1,False,False,1,82211,1,btlr_usd_greg_2py,,,,True,,82091,2026-01-09 01:17:07,2026-01-09 01:17:07,1699-12-31 00:00:00,0,False,0,,,,0,,,ae7af725-bb46-4168-99c6-8bba88e2be99,
82050,46,btlr_usd_greg_3py,,10,19,,,False,1,False,False,True,1,-1,False,False,1,82215,1,btlr_usd_greg_3py,,,,True,,82092,2026-01-09 01:17:07,2026-01-09 01:17:07,1699-12-31 00:00:00,0,False,0,,,,0,,,059c1341-0621-499e-8f91-1d7cb8e1371a,
82051,46,btlr_usd_greg_4py,,10,19,,,False,1,False,False,True,1,-1,False,False,1,82219,1,btlr_usd_greg_4py,,,,True,,82093,2026-01-09 01:17:07,2026-01-09 01:17:07,1699-12-31 00:00:00,0,False,0,,,,0,,,a283ed35-d2dc-407c-bf2f-b901eb6e6da3,
82052,46,btlr_usd_greg_5py,,10,19,,,False,1,False,False,True,1,-1,False,False,1,82223,1,btlr_usd_greg_5py,,,,True,,82094,2026-01-09 01:17:07,2026-01-09 01:17:07,1699-12-31 00:00:00,0,False,0,,,,0,,,ba226d71-378e-40a1-a805-0a63ef2e337b,
82053,46,btlr_usd_greg_py,,10,19,,,False,1,False,False,True,1,-1,False,False,1,82227,1,btlr_usd_greg_py,,,,True,,82095,2026-01-09 01:17:07,2026-01-09 01:17:07,1699-12-31 00:00:00,0,False,0,,,,0,,,8eb0b3e6-9d3b-45f4-9e48-0e8f4ea87e4f,
82054,46,eur,,10,19,,,False,1,False,False,True,1,-1,False,False,1,82231,1,eur,,,,True,,82096,2026-01-09 01:17:07,2026-01-09 01:17:07,1699-12-31 00:00:00,0,False,0,,,,0,,,316bea4b-7a39-4f3d-85e9-8a7f0d46a061,
82055,46,eur_445_2py,,10,19,,,False,1,False,False,True,1,-1,False,False,1,82235,1,eur_445_2py,,,,True,,82097,2026-01-09 01:17:07,2026-01-09 01:17:07,1699-12-31 00:00:00,0,False,0,,,,0,,,a127a8db-9bee-4461-8a15-6077a1d1e06e,
82056,46,eur_445_3py,,10,19,,,False,1,False,False,True,1,-1,False,False,1,82239,1,eur_445_3py,,,,True,,82098,2026-01-09 01:17:07,2026-01-09 01:17:07,1699-12-31 00:00:00,0,False,0,,,,0,,,65159ba5-db04-467b-ba6a-7c292d4095f1,
82057,46,eur_445_4py,,10,19,,,False,1,False,False,True,1,-1,False,False,1,82243,1,eur_445_4py,,,,True,,82099,2026-01-09 01:17:07,2026-01-09 01:17:07,1699-12-31 00:00:00,0,False,0,,,,0,,,4a6330b4-3e0a-4f2c-8889-b5ff512b93ed,
82058,46,eur_445_5py,,10,19,,,False,1,False,False,True,1,-1,False,False,1,82247,1,eur_445_5py,,,,True,,82100,2026-01-09 01:17:07,2026-01-09 01:17:07,1699-12-31 00:00:00,0,False,0,,,,0,,,caa6ab1b-036f-478a-a9f1-4ffb02fb8b0f,
82059,46,eur_445_py,,10,19,,,False,1,False,False,True,1,-1,False,False,1,82251,1,eur_445_py,,,,True,,82101,2026-01-09 01:17:07,2026-01-09 01:17:07,1699-12-31 00:00:00,0,False,0,,,,0,,,515b0d6d-f0b5-4871-9b14-54fefd9633b5,
82060,46,eur_greg_2py,,10,19,,,False,1,False,False,True,1,-1,False,False,1,82255,1,eur_greg_2py,,,,True,,82102,2026-01-09 01:17:07,2026-01-09 01:17:07,1699-12-31 00:00:00,0,False,0,,,,0,,,06e19ae1-2c45-4683-a28d-039ff5f03af8,
82061,46,eur_greg_3py,,10,19,,,False,1,False,False,True,1,-1,False,False,1,82259,1,eur_greg_3py,,,,True,,82103,2026-01-09 01:17:07,2026-01-09 01:17:07,1699-12-31 00:00:00,0,False,0,,,,0,,,94cf45a0-44b8-43c4-b675-730bcae63cf1,
82062,46,eur_greg_4py,,10,19,,,False,1,False,False,True,1,-1,False,False,1,82263,1,eur_greg_4py,,,,True,,82104,2026-01-09 01:17:07,2026-01-09 01:17:07,1699-12-31 00:00:00,0,False,0,,,,0,,,b749824e-a177-498b-ba71-f9018d126f88,
82063,46,eur_greg_5py,,10,19,,,False,1,False,False,True,1,-1,False,False,1,82267,1,eur_greg_5py,,,,True,,82105,2026-01-09 01:17:07,2026-01-09 01:17:07,1699-12-31 00:00:00,0,False,0,,,,0,,,af629e6a-1e32-44b0-af13-5b912f2b6666,
82064,46,eur_greg_py,,10,19,,,False,1,False,False,True,1,-1,False,False,1,82271,1,eur_greg_py,,,,True,,82106,2026-01-09 01:17:07,2026-01-09 01:17:07,1699-12-31 00:00:00,0,False,0,,,,0,,,1f7d2646-7598-44c4-a348-b0834fd181ba,
50,49,RowNumber-2662979B-1795-4F74-8F37-6A1BA8059B61,,6,19,,,True,1,True,True,False,1,-1,False,False,1,9029,3,,,,,True,,51,2025-12-02 10:00:02,2025-12-02 10:00:02,1699-12-31 00:00:00,0,False,0,,,,0,,,,
978,49,year_cd,,2,19,,,False,1,False,False,True,1,-1,False,False,1,21727,1,year_cd,,,,True,,6222,2026-02-26 06:36:26,2025-12-02 10:00:02,1699-12-31 00:00:00,0,False,0,,,,0,,,b672ac31-9e48-4d2b-9018-a4493d1be5f2,
979,49,vrsn_cd,,2,19,,,False,1,False,False,True,1,-1,False,False,1,21731,1,vrsn_cd,,,,True,,6223,2026-02-26 06:36:26,2025-12-02 10:00:02,1699-12-31 00:00:00,0,False,0,,,,0,,,f5b2e69c-da87-4fdf-b60f-fd09c1596f27,
980,49,c445_month_cd,,2,19,,,False,1,False,False,True,1,-1,False,False,1,21735,1,c445_month_cd,,,,True,,6224,2026-02-26 06:36:26,2025-12-02 10:00:02,1699-12-31 00:00:00,0,False,0,,,,0,,,25c4db73-e816-4abe-9e19-3c5b3205c4fb,
981,49,ship_from_cd,,2,19,,,False,1,False,False,True,1,-1,False,False,1,21739,1,ship_from_cd,,,,True,,6225,2026-02-26 06:36:26,2025-12-02 10:00:02,1699-12-31 00:00:00,0,False,0,,,,0,,,697f63cc-11de-4d95-a7aa-ece0967bab78,
982,49,ship_to_cd,,2,19,,,False,1,False,False,True,1,-1,False,False,1,21743,1,ship_to_cd,,,,True,,6226,2026-02-26 06:36:26,2025-12-02 10:00:02,1699-12-31 00:00:00,0,False,0,,,,0,,,6868a155-744f-4d28-94b5-618a428dc599,
983,49,prod_cd,,2,19,,,False,1,False,False,True,1,-1,False,False,1,21747,1,prod_cd,,,,True,,6227,2026-02-26 06:36:26,2025-12-02 10:00:02,1699-12-31 00:00:00,0,False,0,,,,0,,,418c8f3a-0181-482e-a3e6-d466894afbcf,
984,49,pkg_cd,,2,19,,,False,1,False,False,True,1,-1,False,False,1,21751,1,pkg_cd,,,,True,,6228,2026-02-26 06:36:26,2025-12-02 10:00:02,1699-12-31 00:00:00,0,False,0,,,,0,,,537219c7-3d90-4bde-8c64-5a41b94539c4,
985,49,chnl_cd,,2,19,,,False,1,False,False,True,1,-1,False,False,1,21755,1,chnl_cd,,,,True,,6229,2026-02-26 06:36:26,2025-12-02 10:00:02,1699-12-31 00:00:00,0,False,0,,,,0,,,0aab24c7-8806-4e4f-8731-4a5a10f05c62,
986,49,curr_cd,,2,19,,,False,1,False,False,True,1,-1,False,False,1,21759,1,curr_cd,,,,True,,6230,2026-02-26 06:36:26,2025-12-02 10:00:02,1699-12-31 00:00:00,0,False,0,,,,0,,,744d6a06-61cb-4381-9071-5dca7851b3ba,
987,49,unit_case_amt,,8,19,,,False,1,False,False,True,1,-1,False,False,1,21763,1,unit_case_amt,,,,True,,6231,2026-02-26 06:36:26,2025-12-02 10:00:02,1699-12-31 00:00:00,0,False,0,,,,0,,,6178e51a-4173-4768-86b1-667899919c48,
988,49,btlr_gross_rev_amt,,8,19,,,False,1,False,False,True,1,-1,False,False,1,21767,1,btlr_gross_rev_amt,,,,True,,6232,2026-02-26 06:36:26,2025-12-02 10:00:02,1699-12-31 00:00:00,0,False,0,,,,0,,,7d9eabf1-41c6-4636-abaf-95cc396a3e75,
989,49,btlr_net_sls_rev_amt,,8,19,,,False,1,False,False,True,1,-1,False,False,1,21771,1,btlr_net_sls_rev_amt,,,,True,,6233,2026-02-26 06:36:26,2025-12-02 10:00:02,1699-12-31 00:00:00,0,False,0,,,,0,,,947bfbe7-d2de-43f9-be06-11cad17d716b,
990,49,btlr_whsle_price_amt,,8,19,,,False,1,False,False,True,1,-1,False,False,1,21775,1,btlr_whsle_price_amt,,,,True,,6234,2026-02-26 06:36:26,2025-12-02 10:00:02,1699-12-31 00:00:00,0,False,0,,,,0,,,b7d322d4-6ec3-4433-a4eb-eddb9c5626ae,
991,49,total_dscnt_amt,,8,19,,,False,1,False,False,True,1,-1,False,False,1,21779,1,total_dscnt_amt,,,,True,,6235,2026-02-26 06:36:26,2025-12-02 10:00:02,1699-12-31 00:00:00,0,False,0,,,,0,,,134b2dca-ca52-495e-9e60-4384aa2ab450,
992,49,total_tax_amt,,8,19,,,False,1,False,False,True,1,-1,False,False,1,21783,1,total_tax_amt,,,,True,,6236,2026-02-26 06:36:26,2025-12-02 10:00:02,1699-12-31 00:00:00,0,False,0,,,,0,,,98911f24-0f3e-4184-92ff-406d9f7b7ef5,
993,49,conc_base_rev_amt,,8,19,,,False,1,False,False,True,1,-1,False,False,1,21787,1,conc_base_rev_amt,,,,True,,6237,2026-02-26 06:36:26,2025-12-02 10:00:02,1699-12-31 00:00:00,0,False,0,,,,0,,,c87ecc61-bd86-4eda-bad6-5561a055e2d9,
994,49,vrsn,,2,19,,,False,1,False,False,True,1,-1,False,False,1,21791,1,vrsn,,,,True,,6238,2026-02-26 06:36:26,2025-12-02 10:00:02,1699-12-31 00:00:00,0,False,0,,,,0,,,9b12a25a-32aa-4b8a-89dc-c5403329c44d,
995,49,day_id,,1,6,,,False,1,False,False,True,1,-1,False,False,1,21795,2,,,"IF (
    ISBLANK ( 'Metrics-BP'[dw_day_cd] ),
    LOOKUPVALUE (
        Period[day_id],
        Period[Year Cal Code Sort], VALUE ( LEFT ( 'Metrics-BP'[c445_month_cd], 4 ) ),
        Period[Month 445 #], VALUE ( RIGHT ( 'Metrics-BP'[c445_month_cd], 2 ) ),
        Period[day_dt], 'Metrics-BP'[day_dt]
    ),
    INT ( 'Metrics-BP'[dw_day_cd] )
)",,True,,6239,2026-02-26 06:36:26,2025-12-02 10:00:02,2026-03-23 14:57:48,0,False,0,,,,0,,,73e28bc0-97d4-4bb1-98a8-628baf22019d,
996,49,indv_unit_amt,,8,19,,,False,1,False,False,True,1,-1,False,False,1,21799,1,indv_unit_amt,,,,True,,6240,2026-02-26 06:36:26,2025-12-02 10:00:02,1699-12-31 00:00:00,0,False,0,,,,0,,,3938adba-f740-4e11-ae8a-47ce80c4cbc6,
997,49,purch_trx_amt,,8,19,,,False,1,False,False,True,1,-1,False,False,1,21803,1,purch_trx_amt,,,,True,,6241,2026-02-26 06:36:26,2025-12-02 10:00:02,1699-12-31 00:00:00,0,False,0,,,,0,,,ccad1278-642c-4bc1-be3e-d90d6fb64b69,
998,49,day_dt,,1,9,,,False,1,False,False,True,1,-1,False,False,1,21807,2,,,"LOOKUPVALUE(Period[c445_month_start_dt],Period[Year 445 Code Sort] ,VALUE(LEFT('Metrics-BP'[c445_month_cd],4)),Period[Month 445 #], VALUE(RIGHT('Metrics-BP'[c445_month_cd],2)))",,True,,6242,2026-02-26 06:36:26,2025-12-02 10:00:02,2026-03-23 14:57:47,0,False,0,,,,0,,,d6e02453-97f1-4713-9396-45f4a2ffdd8e,
999,49,c445_1py_day_dt,,1,9,,,False,1,False,False,True,1,-1,False,False,1,21811,2,,,RELATED(Period[c445_1py_day_dt]),,True,,6243,2026-02-26 06:36:26,2025-12-02 10:00:02,2026-03-23 14:57:50,0,False,0,,,,0,,,88a7f396-3199-4668-a23a-f0114277c03d,
1000,49,c445_2py_day_dt,,1,9,,,False,1,False,False,True,1,-1,False,False,1,21815,2,,,RELATED(Period[c445_2py_day_dt]),,True,,6244,2026-02-26 06:36:26,2025-12-02 10:00:02,2026-03-23 14:57:50,0,False,0,,,,0,,,697b9b37-3e12-42f9-b884-4eff023d34fc,
1001,49,ship_from_loc_id,,2,19,,,False,1,False,False,True,1,-1,False,False,1,21819,1,ship_from_loc_id,,,,True,,6245,2026-02-26 06:36:26,2025-12-02 10:00:02,1699-12-31 00:00:00,0,False,0,,,,0,,,b7c872da-a493-4ed5-94f7-52bfc95c970c,
1002,49,prod_id,,2,19,,,False,1,False,False,True,1,-1,False,False,1,21823,1,prod_id,,,,True,,6246,2026-02-26 06:36:26,2025-12-02 10:00:02,1699-12-31 00:00:00,0,False,0,,,,0,,,3fea5e31-0548-4dbe-ae3b-fc677b4b6238,
1003,49,sec_ship_from_loc_cd,,2,19,,,False,1,False,False,True,1,-1,False,False,1,21827,1,sec_ship_from_loc_cd,,,,True,,6247,2026-02-26 06:36:26,2025-12-02 10:00:02,1699-12-31 00:00:00,0,False,0,,,,0,,,353e96ec-b1f2-4b0b-8bdf-c331f5edba97,
1004,49,pkg_id,,2,19,,,False,1,False,False,True,1,-1,False,False,1,21831,1,pkg_id,,,,True,,6248,2026-02-26 06:36:26,2025-12-02 10:00:02,1699-12-31 00:00:00,0,False,0,,,,0,,,f3dfbeec-6dbf-4953-8e9c-c3aea0604e56,
1006,49,dw_day_cd,,2,19,,,False,1,False,False,True,1,-1,False,False,1,21839,1,dw_day_cd,,,,True,,6250,2026-02-26 06:36:26,2025-12-02 10:00:02,1699-12-31 00:00:00,0,False,0,,,,0,,,50e9c2e0-6a7a-403c-ba9d-69b0f07a5049,
1007,49,dw_daily_weight,,8,19,,,False,1,False,False,True,1,-1,False,False,1,21843,1,dw_daily_weight,,,,True,,6251,2026-02-26 06:36:26,2025-12-02 10:00:02,1699-12-31 00:00:00,0,False,0,,,,0,,,4c40ead6-f76c-4dd4-8e5e-6994b622cac1,
89537,49,fk_chnl,,2,19,,,False,1,False,False,True,1,-1,False,False,1,89553,1,fk_chnl,,,,True,,89545,2026-01-09 21:18:18,2026-01-09 21:18:18,1699-12-31 00:00:00,0,False,0,,,,0,,,3d48995c-e29d-4f0d-bf8d-05c840259bb1,
89538,49,fk_pack,,2,19,,,False,1,False,False,True,1,-1,False,False,1,89557,1,fk_pack,,,,True,,89546,2026-01-09 21:18:18,2026-01-09 21:18:18,1699-12-31 00:00:00,0,False,0,,,,0,,,1051ab1d-2978-4122-9735-ffbf2430f8c0,
89539,49,fk_prod,,2,19,,,False,1,False,False,True,1,-1,False,False,1,89561,1,fk_prod,,,,True,,89547,2026-01-09 21:18:18,2026-01-09 21:18:18,1699-12-31 00:00:00,0,False,0,,,,0,,,12dabcfd-d9ab-4d57-99d9-00c0d123b083,
89540,49,fk_ship_from,,2,19,,,False,1,False,False,True,1,-1,False,False,1,89565,1,fk_ship_from,,,,True,,89548,2026-01-09 21:18:18,2026-01-09 21:18:18,1699-12-31 00:00:00,0,False,0,,,,0,,,6964e7e1-7bee-44fc-8469-79b1e8e116e7,
89541,49,fk_ship_to,,2,19,,,False,1,False,False,True,1,-1,False,False,1,89569,1,fk_ship_to,,,,True,,89549,2026-01-09 21:18:18,2026-01-09 21:18:18,1699-12-31 00:00:00,0,False,0,,,,0,,,77621240-3ca8-43a4-ad5a-3bf3aa9712e5,
89542,49,id,,2,19,,,False,1,False,False,True,1,-1,False,False,1,89573,1,id,,,,True,,89550,2026-01-09 21:18:18,2026-01-09 21:18:18,1699-12-31 00:00:00,0,False,0,,,,0,,,f4acc6c7-9400-4066-b6f7-cbde981f00ca,
89543,49,load_dt,,2,19,,,False,1,False,False,True,1,-1,False,False,1,89577,1,load_dt,,,,True,,89551,2026-01-09 21:18:18,2026-01-09 21:18:18,1699-12-31 00:00:00,0,False,0,,,,0,,,07f40c7b-5013-417c-8dc2-08b7fbb84fcb,
89544,49,load_dttm,,2,19,,,False,1,False,False,True,1,-1,False,False,1,89581,1,load_dttm,,,,True,,89552,2026-01-09 21:18:18,2026-01-09 21:18:18,1699-12-31 00:00:00,0,False,0,,,,0,,,19eead29-2beb-4547-b2fe-e8e21ad8f576,
53,52,RowNumber-2662979B-1795-4F74-8F37-6A1BA8059B61,,6,19,,,True,1,True,True,False,1,-1,False,False,1,9033,3,,,,,True,,54,2025-12-02 10:00:02,2025-12-02 10:00:02,1699-12-31 00:00:00,0,False,0,,,,0,,,,
1008,52,year_cd,,6,19,,,False,1,False,False,True,1,-1,False,False,1,21847,1,year_cd,,,,True,,6252,2026-02-26 06:36:26,2025-12-02 10:00:02,1699-12-31 00:00:00,0,False,0,,,,0,,,8cbc8ebc-a1bb-443f-9e68-723d97a12a1e,
1009,52,ship_from_cd,,2,19,,,False,1,False,False,True,1,-1,False,False,1,21851,1,ship_from_cd,,,,True,,6253,2026-02-26 06:36:26,2025-12-02 10:00:02,1699-12-31 00:00:00,0,False,0,,,,0,,,270b4603-7b34-4f58-ab47-20119b8a1ac0,
1010,52,lcl_pop_cnt,,8,19,,,False,1,False,False,True,1,-1,False,False,1,21855,1,lcl_pop_cnt,,,,True,,6254,2026-02-26 06:36:26,2025-12-02 10:00:02,1699-12-31 00:00:00,0,False,0,,,,0,,,6a252eda-c115-4f4c-a145-c1a31e7d5b47,
1011,52,day_id,,6,19,,,False,1,False,False,True,1,-1,False,False,1,21859,1,day_id,,,,True,,6255,2026-02-26 06:36:26,2025-12-02 10:00:02,1699-12-31 00:00:00,0,False,0,,,,0,,,ef5fb3f9-b3fa-41bf-bb32-f07d843ae092,
1012,52,ship_from_loc_id,,2,19,,,False,1,False,False,True,1,-1,False,False,1,21863,1,ship_from_loc_id,,,,True,,6256,2026-02-26 06:36:26,2025-12-02 10:00:02,1699-12-31 00:00:00,0,False,0,,,,0,,,fcfa6486-2e88-4475-a40d-a2210d74f0ba,
56,55,RowNumber-2662979B-1795-4F74-8F37-6A1BA8059B61,,6,19,,,True,1,True,True,False,1,-1,False,False,1,9037,3,,,,,True,,57,2025-12-02 10:00:02,2025-12-02 10:00:02,1699-12-31 00:00:00,0,False,0,,,,0,,,,
1013,55,month_cd,,2,19,,,False,1,False,False,True,1,-1,False,False,1,21867,1,month_cd,,,,True,,6257,2026-02-26 06:36:26,2025-12-02 10:00:02,1699-12-31 00:00:00,0,False,0,,,,0,,,643d045d-6a5c-487f-a907-af37804aa8c7,
1014,55,vrsn_cd,,2,19,,,False,1,False,False,True,1,-1,False,False,1,21871,1,vrsn_cd,,,,True,,6258,2026-02-26 06:36:26,2025-12-02 10:00:02,1699-12-31 00:00:00,0,False,0,,,,0,,,0711f77b-3c1f-4cb0-929b-f17bb88ae21c,
1015,55,c445_month_cd,,2,19,,,False,1,False,False,True,1,-1,False,False,1,21875,1,c445_month_cd,,,,True,,6259,2026-02-26 06:36:26,2025-12-02 10:00:02,1699-12-31 00:00:00,0,False,0,,,,0,,,f0781f28-78a5-4ce5-af14-4365fa786d73,
1016,55,ship_from_cd,,2,19,,,False,1,False,False,True,1,-1,False,False,1,21879,1,ship_from_cd,,,,True,,6260,2026-02-26 06:36:26,2025-12-02 10:00:02,1699-12-31 00:00:00,0,False,0,,,,0,,,ab348786-c83a-4225-9067-e7b9610c3236,
1017,55,ship_to_cd,,2,19,,,False,1,False,False,True,1,-1,False,False,1,21883,1,ship_to_cd,,,,True,,6261,2026-02-26 06:36:26,2025-12-02 10:00:02,1699-12-31 00:00:00,0,False,0,,,,0,,,4fce742e-8a46-4654-9302-04224a9161b5,
1018,55,prod_cd,,2,19,,,False,1,False,False,True,1,-1,False,False,1,21887,1,prod_cd,,,,True,,6262,2026-02-26 06:36:26,2025-12-02 10:00:02,1699-12-31 00:00:00,0,False,0,,,,0,,,fdffd8c6-10a4-4686-b0b4-54ac20e51a28,
1019,55,pkg_cd,,2,19,,,False,1,False,False,True,1,-1,False,False,1,21891,1,pkg_cd,,,,True,,6263,2026-02-26 06:36:26,2025-12-02 10:00:02,1699-12-31 00:00:00,0,False,0,,,,0,,,d74fddec-b859-464b-afc6-33967f7c6965,
1020,55,chnl_cd,,2,19,,,False,1,False,False,True,1,-1,False,False,1,21895,1,chnl_cd,,,,True,,6264,2026-02-26 06:36:26,2025-12-02 10:00:02,1699-12-31 00:00:00,0,False,0,,,,0,,,e557b7ba-1938-4d36-83e5-e27997c98efb,
1021,55,curr_cd,,2,19,,,False,1,False,False,True,1,-1,False,False,1,21899,1,curr_cd,,,,True,,6265,2026-02-26 06:36:26,2025-12-02 10:00:02,1699-12-31 00:00:00,0,False,0,,,,0,,,fe760c73-d56f-4ca4-907c-abe556953f7d,
1022,55,unit_case_amt,,8,19,,,False,1,False,False,True,1,-1,False,False,1,21903,1,unit_case_amt,,,,True,,6266,2026-02-26 06:36:26,2025-12-02 10:00:02,1699-12-31 00:00:00,0,False,0,,,,0,,,6ba2d53c-7dee-4c3c-9064-7daf1d883185,
1023,55,btlr_gross_rev_amt,,8,19,,,False,1,False,False,True,1,-1,False,False,1,21907,1,btlr_gross_rev_amt,,,,True,,6267,2026-02-26 06:36:26,2025-12-02 10:00:02,1699-12-31 00:00:00,0,False,0,,,,0,,,8c1aa7aa-91c9-422b-86b3-3ca4b81f5460,
1024,55,btlr_net_sls_rev_amt,,8,19,,,False,1,False,False,True,1,-1,False,False,1,21911,1,btlr_net_sls_rev_amt,,,,True,,6268,2026-02-26 06:36:26,2025-12-02 10:00:02,1699-12-31 00:00:00,0,False,0,,,,0,,,ef23e45c-9623-46d5-bba6-22f60f01bbce,
1025,55,btlr_whsle_price_amt,,8,19,,,False,1,False,False,True,1,-1,False,False,1,21915,1,btlr_whsle_price_amt,,,,True,,6269,2026-02-26 06:36:26,2025-12-02 10:00:02,1699-12-31 00:00:00,0,False,0,,,,0,,,dc409911-c674-463f-820f-ce886646b63c,
1026,55,total_dscnt_amt,,8,19,,,False,1,False,False,True,1,-1,False,False,1,21919,1,total_dscnt_amt,,,,True,,6270,2026-02-26 06:36:26,2025-12-02 10:00:02,1699-12-31 00:00:00,0,False,0,,,,0,,,8327b136-101b-4762-a642-fa03db620f65,
1027,55,total_tax_amt,,8,19,,,False,1,False,False,True,1,-1,False,False,1,21923,1,total_tax_amt,,,,True,,6271,2026-02-26 06:36:26,2025-12-02 10:00:02,1699-12-31 00:00:00,0,False,0,,,,0,,,3dd0e120-9da3-48a8-9655-92e7e4a65bbb,
1028,55,conc_base_rev_amt,,8,19,,,False,1,False,False,True,1,-1,False,False,1,21927,1,conc_base_rev_amt,,,,True,,6272,2026-02-26 06:36:26,2025-12-02 10:00:02,1699-12-31 00:00:00,0,False,0,,,,0,,,aaabf578-85a6-4359-9bbf-8e2681852f29,
1029,55,indv_unit_amt,,8,19,,,False,1,False,False,True,1,-1,False,False,1,21931,1,indv_unit_amt,,,,True,,6273,2026-02-26 06:36:26,2025-12-02 10:00:02,1699-12-31 00:00:00,0,False,0,,,,0,,,efa49e43-1a5b-446e-bca1-72b4b2de0c0d,
1030,55,purch_trx_amt,,8,19,,,False,1,False,False,True,1,-1,False,False,1,21935,1,purch_trx_amt,,,,True,,6274,2026-02-26 06:36:26,2025-12-02 10:00:02,1699-12-31 00:00:00,0,False,0,,,,0,,,e68b25d7-b5fa-4d5b-8114-a88b84a50006,
1031,55,vrsn,,2,19,,,False,1,False,False,True,1,-1,False,False,1,21939,1,vrsn,,,,True,,6275,2026-02-26 06:36:26,2025-12-02 10:00:02,1699-12-31 00:00:00,0,False,0,,,,0,,,5ebb50bc-585c-4414-b8e2-7cd03a5ae20d,
1032,55,day_dt,,1,9,,,False,1,False,False,True,1,-1,False,False,1,21943,2,,,"LOOKUPVALUE(Period[c445_month_start_dt],Period[Year 445 Code Sort] ,VALUE(LEFT('Metrics-RE'[c445_month_cd],4)),Period[Month 445 #], VALUE(RIGHT('Metrics-RE'[c445_month_cd],2)))",,True,,6276,2026-02-26 06:36:26,2025-12-02 10:00:02,2026-03-16 18:00:19,0,False,0,,,,0,,,5b18ac09-0310-4093-a67d-86afe198b801,
1033,55,day_id,,1,6,,,False,1,False,False,True,1,-1,False,False,1,21947,2,,,"IF (
    ISBLANK ( 'Metrics-RE'[dw_day_cd] ),
    LOOKUPVALUE (
        Period[day_id],
        Period[Year Cal Code Sort], VALUE ( LEFT ( 'Metrics-RE'[c445_month_cd], 4 ) ),
        Period[Month 445 #], VALUE ( RIGHT ( 'Metrics-RE'[c445_month_cd], 2 ) ),
        Period[day_dt], 'Metrics-RE'[day_dt]
    ),
    INT ( 'Metrics-RE'[dw_day_cd] )
)",,True,,6277,2026-02-26 06:36:26,2025-12-02 10:00:02,2026-03-16 18:00:21,0,False,0,,,,0,,,d39e81a1-b379-4351-889f-9f9c543e6ed4,
1034,55,prod_id,,2,19,,,False,1,False,False,True,1,-1,False,False,1,21951,1,prod_id,,,,True,,6278,2026-02-26 06:36:26,2025-12-02 10:00:02,1699-12-31 00:00:00,0,False,0,,,,0,,,f8950ea4-2919-4149-8ade-a7df2321b212,
1035,55,sec_ship_from_loc_cd,,2,19,,,False,1,False,False,True,1,-1,False,False,1,21955,1,sec_ship_from_loc_cd,,,,True,,6279,2026-02-26 06:36:26,2025-12-02 10:00:02,1699-12-31 00:00:00,0,False,0,,,,0,,,00074346-ccc7-4b18-a5a1-512b9f794b18,
1036,55,file_id,,2,19,,,False,1,False,False,True,1,-1,False,False,1,21959,1,file_id,,,,True,,6280,2026-02-26 06:36:26,2025-12-02 10:00:02,1699-12-31 00:00:00,0,False,0,,,,0,,,69ebb9b6-f67a-4bea-a10a-42442ec30d5f,
1037,55,ship_from_loc_id,,2,19,,,False,1,False,False,True,1,-1,False,False,1,21963,1,ship_from_loc_id,,,,True,,6281,2026-02-26 06:36:26,2025-12-02 10:00:02,1699-12-31 00:00:00,0,False,0,,,,0,,,c341cc4c-a527-4874-8b03-a9c1cc24ce14,
1038,55,pkg_id,,2,19,,,False,1,False,False,True,1,-1,False,False,1,21967,1,pkg_id,,,,True,,6282,2026-02-26 06:36:26,2025-12-02 10:00:02,1699-12-31 00:00:00,0,False,0,,,,0,,,7fab6040-581c-453c-b476-4a1b8d378549,
1040,55,dw_day_cd,,2,19,,,False,1,False,False,True,1,-1,False,False,1,21975,1,dw_day_cd,,,,True,,6284,2026-02-26 06:36:26,2025-12-02 10:00:02,1699-12-31 00:00:00,0,False,0,,,,0,,,c1331703-7c1f-4248-a9af-9a54dd043d89,
1041,55,dw_daily_weight,,8,19,,,False,1,False,False,True,1,-1,False,False,1,21979,1,dw_daily_weight,,,,True,,6285,2026-02-26 06:36:26,2025-12-02 10:00:02,1699-12-31 00:00:00,0,False,0,,,,0,,,4c9e94ba-aa29-4e0d-821d-a10731ee62d2,
92046,55,fk_chnl,,2,19,,,False,1,False,False,True,1,-1,False,False,1,92064,1,fk_chnl,,,,True,,92055,2026-01-10 01:38:23,2026-01-10 01:38:23,1699-12-31 00:00:00,0,False,0,,,,0,,,d1e1303f-19d0-4bbd-8a68-db90dd1b1c6d,
92047,55,fk_pack,,2,19,,,False,1,False,False,True,1,-1,False,False,1,92068,1,fk_pack,,,,True,,92056,2026-01-10 01:38:23,2026-01-10 01:38:23,1699-12-31 00:00:00,0,False,0,,,,0,,,a82a97ca-d1d1-45e4-a1fe-88e52ff8e852,
92048,55,fk_prod,,2,19,,,False,1,False,False,True,1,-1,False,False,1,92072,1,fk_prod,,,,True,,92057,2026-01-10 01:38:23,2026-01-10 01:38:23,1699-12-31 00:00:00,0,False,0,,,,0,,,7fb349e4-2970-44ff-a7ed-392dc96edc05,
92049,55,fk_ship_from,,2,19,,,False,1,False,False,True,1,-1,False,False,1,92076,1,fk_ship_from,,,,True,,92058,2026-01-10 01:38:23,2026-01-10 01:38:23,1699-12-31 00:00:00,0,False,0,,,,0,,,8e7cd3fc-5101-43ee-934a-1a0aa8ac220a,
92050,55,fk_ship_to,,2,19,,,False,1,False,False,True,1,-1,False,False,1,92080,1,fk_ship_to,,,,True,,92059,2026-01-10 01:38:23,2026-01-10 01:38:23,1699-12-31 00:00:00,0,False,0,,,,0,,,cf2c1f77-3cc6-4d85-9aee-21e05d03901f,
92051,55,id,,2,19,,,False,1,False,False,True,1,-1,False,False,1,92084,1,id,,,,True,,92060,2026-01-10 01:38:23,2026-01-10 01:38:23,1699-12-31 00:00:00,0,False,0,,,,0,,,437de3ff-ec05-4d85-84f3-55d9e8841b48,
92052,55,load_dt,,2,19,,,False,1,False,False,True,1,-1,False,False,1,92088,1,load_dt,,,,True,,92061,2026-01-10 01:38:23,2026-01-10 01:38:23,1699-12-31 00:00:00,0,False,0,,,,0,,,3836d48f-c9c3-4439-aa34-a5ed7f21e1b3,
92053,55,load_dttm,,2,19,,,False,1,False,False,True,1,-1,False,False,1,92092,1,load_dttm,,,,True,,92062,2026-01-10 01:38:23,2026-01-10 01:38:23,1699-12-31 00:00:00,0,False,0,,,,0,,,ec5b19c6-df05-4b03-8b2b-812ea813e1d0,
92054,55,year_cd,,6,19,,,False,1,False,False,True,1,-1,False,False,1,92096,1,year_cd,,,,True,,92063,2026-01-10 01:38:23,2026-01-10 01:38:23,1699-12-31 00:00:00,0,False,0,,,,0,,,8f70385a-85f5-49c2-a180-cda4cef7760b,
59,58,RowNumber-2662979B-1795-4F74-8F37-6A1BA8059B61,,6,19,,,True,1,True,True,False,1,-1,False,False,1,9041,3,,,,,True,,60,2025-12-02 10:00:02,2025-12-02 10:00:02,1699-12-31 00:00:00,0,False,0,,,,0,,,,
1042,58,day_id,,2,19,,,False,1,False,False,True,1,-1,False,False,1,21983,1,day_id,,,,True,,6286,2026-02-26 06:36:26,2025-12-02 10:00:02,1699-12-31 00:00:00,0,False,0,,,,0,,,3a5acd67-985e-4cf7-963f-2ce78e7f171d,
1043,58,ship_from_loc_id,,2,19,,,False,1,False,False,True,1,-1,False,False,1,22409,1,ship_from_loc_id,,,,True,,6287,2026-02-26 06:36:26,2025-12-02 10:00:02,1699-12-31 00:00:00,0,False,0,,,,0,,,54182b46-f693-4a94-a3ef-ea64c8328d50,
1044,58,ship_to_loc_id,,2,19,,,False,1,False,False,True,1,-1,False,False,1,22835,1,ship_to_loc_id,,,,True,,6288,2026-02-26 06:36:26,2025-12-02 10:00:02,1699-12-31 00:00:00,0,False,0,,,,0,,,cb4ce4a5-45d4-4f27-9c9e-0fc2b316c88c,
1045,58,prod_id,,2,19,,,False,1,False,False,True,1,-1,False,False,1,23261,1,prod_id,,,,True,,6289,2026-02-26 06:36:26,2025-12-02 10:00:02,1699-12-31 00:00:00,0,False,0,,,,0,,,3ae602a6-4d4c-443b-8b2b-711e07100036,
1046,58,chnl_id,,2,19,,,False,1,False,False,True,1,-1,False,False,1,23687,1,chnl_id,,,,True,,6290,2026-02-26 06:36:26,2025-12-02 10:00:02,1699-12-31 00:00:00,0,False,0,,,,0,,,496b83f3-f374-49a8-9ed4-34859c52cf54,
1047,58,sls_type_id,,2,19,,,False,1,False,False,True,1,-1,False,False,1,24113,1,sls_type_id,,,,True,,6291,2026-02-26 06:36:26,2025-12-02 10:00:02,1699-12-31 00:00:00,0,False,0,,,,0,,,5f3f940a-d8a2-4e5c-9948-b2650ed8ebdf,
1048,58,trx_type_cd,,2,19,,,False,1,False,False,True,1,-1,False,False,1,24539,1,trx_type_cd,,,,True,,6292,2026-02-26 06:36:26,2025-12-02 10:00:02,1699-12-31 00:00:00,0,False,0,,,,0,,,97bff6be-90e8-4e6e-8b8f-24e7aec86e5a,
1049,58,curr_cd,,2,19,,,False,1,False,False,True,1,-1,False,False,1,24965,1,curr_cd,,,,True,,6293,2026-02-26 06:36:26,2025-12-02 10:00:02,1699-12-31 00:00:00,0,False,0,,,,0,,,904ecfdd-0338-4d1c-8ed0-ad718ed47ec7,
1051,58,rpt_view_cd,,2,19,,,False,1,False,False,True,1,-1,False,False,1,25817,1,rpt_view_cd,,,,True,,6295,2026-02-26 06:36:26,2025-12-02 10:00:02,1699-12-31 00:00:00,0,False,0,,,,0,,,317cb726-a7ae-47d7-861e-13da8392c318,
1052,58,btlr_gross_rev_amt,,8,19,,,False,1,False,False,True,1,-1,False,False,1,26243,1,btlr_gross_rev_amt,,,,True,,6296,2026-02-26 06:36:26,2025-12-02 10:00:02,1699-12-31 00:00:00,0,False,0,,,,0,,,63b78d8c-efda-4024-8125-3daadcc1cfa9,
1053,58,btlr_net_sls_rev_amt,,8,19,,,False,1,False,False,True,1,-1,False,False,1,26669,1,btlr_net_sls_rev_amt,,,,True,,6297,2026-02-26 06:36:26,2025-12-02 10:00:02,1699-12-31 00:00:00,0,False,0,,,,0,,,51c0b362-81dd-4bd6-82a1-570e0e824117,
1054,58,btlr_wholesale_price,,8,19,,,False,1,False,False,True,1,-1,False,False,1,27095,1,btlr_wholesale_price,,,,True,,6298,2026-02-26 06:36:26,2025-12-02 10:00:02,1699-12-31 00:00:00,0,False,0,,,,0,,,c56c15d7-ef62-43b9-af33-73d366db3e36,
1057,58,Concat_Curr_key,,2,19,,,False,1,False,False,True,1,-1,False,False,1,28373,1,Concat_Curr_key,,,,True,,6301,2026-02-26 06:36:26,2025-12-02 10:00:02,1699-12-31 00:00:00,0,False,0,,,,0,,,dbe0b518-50c5-426d-834b-58f52c0db123,
1058,58,trx_dt,,2,19,,,False,1,False,False,True,1,-1,False,False,1,28799,1,trx_dt,,,,True,,6302,2026-02-26 06:36:26,2025-12-02 10:00:02,1699-12-31 00:00:00,0,False,0,,,,0,,,3819732a-d492-4a6c-9885-beda01ded7e4,
1059,58,src_sys_id,,2,19,,,False,1,False,False,True,1,-1,False,False,1,29225,1,src_sys_id,,,,True,,6303,2026-02-26 06:36:26,2025-12-02 10:00:02,1699-12-31 00:00:00,0,False,0,,,,0,,,f5bb0422-50fc-4ba1-a6aa-9f03e2e6e457,
68070,58,src_day_cd,,2,19,,,False,1,False,False,True,1,-1,False,False,1,68072,1,src_day_cd,,,,True,,68071,2025-12-03 13:44:19,2025-12-03 13:44:19,1699-12-31 00:00:00,0,False,0,,,,0,,,fb8318d7-8877-4386-a983-7d303a26d9d6,
62,61,RowNumber-2662979B-1795-4F74-8F37-6A1BA8059B61,,6,19,,,True,1,True,True,False,1,-1,False,False,1,9467,3,,,,,True,,63,2025-12-02 10:00:02,2025-12-02 10:00:02,1699-12-31 00:00:00,0,False,0,,,,0,,,,
1062,61,day_id,,2,19,,,False,1,False,False,True,1,-1,False,False,1,30503,1,day_id,,,,True,,6306,2026-02-26 06:36:26,2025-12-02 10:00:02,1699-12-31 00:00:00,0,False,0,,,,0,,,6b15b00a-4136-4251-a118-b08ee2a1ad41,
1063,61,ship_from_loc_id,,2,19,,,False,1,False,False,True,1,-1,False,False,1,30537,1,ship_from_loc_id,,,,True,,6307,2026-02-26 06:36:26,2025-12-02 10:00:02,1699-12-31 00:00:00,0,False,0,,,,0,,,51e74ec2-09f9-463d-910b-12e48940ce48,
1064,61,ship_to_loc_id,,2,19,,,False,1,False,False,True,1,-1,False,False,1,30571,1,ship_to_loc_id,,,,True,,6308,2026-02-26 06:36:26,2025-12-02 10:00:02,1699-12-31 00:00:00,0,False,0,,,,0,,,ec906791-b14f-4d0b-97ba-b8e7bc363fa9,
1065,61,prod_id,,2,19,,,False,1,False,False,True,1,-1,False,False,1,30605,1,prod_id,,,,True,,6309,2026-02-26 06:36:26,2025-12-02 10:00:02,1699-12-31 00:00:00,0,False,0,,,,0,,,68f3a12b-dcb4-4942-90bd-dcdc9ab7e74c,
1066,61,chnl_id,,2,19,,,False,1,False,False,True,1,-1,False,False,1,30639,1,chnl_id,,,,True,,6310,2026-02-26 06:36:26,2025-12-02 10:00:02,1699-12-31 00:00:00,0,False,0,,,,0,,,3a6c805c-2bca-4856-b104-c3290465765a,
1067,61,sls_type_id,,2,19,,,False,1,False,False,True,1,-1,False,False,1,30673,1,sls_type_id,,,,True,,6311,2026-02-26 06:36:26,2025-12-02 10:00:02,1699-12-31 00:00:00,0,False,0,,,,0,,,9c53e004-dbec-4c45-9dfb-24d2d27cb664,
1068,61,on_inv_blk_dscnt_id,,2,19,,,False,1,False,False,True,1,-1,False,False,1,30707,1,on_inv_blk_dscnt_id,,,,True,,6312,2026-02-26 06:36:26,2025-12-02 10:00:02,1699-12-31 00:00:00,0,False,0,,,,0,,,871717ab-a5f8-4d09-a963-58569b9f0218,
1069,61,curr_cd,,2,19,,,False,1,False,False,True,1,-1,False,False,1,30741,1,curr_cd,,,,True,,6313,2026-02-26 06:36:26,2025-12-02 10:00:02,1699-12-31 00:00:00,0,False,0,,,,0,,,806322c2-afba-441f-ab6c-80592dc9571b,
1070,61,entry_type_cd,,6,19,,,False,1,False,False,True,1,-1,False,False,1,30775,1,entry_type_cd,,,,True,,6314,2026-02-26 06:36:26,2025-12-02 10:00:02,1699-12-31 00:00:00,0,False,0,,,,0,,,4b971a8c-9556-4d9d-bf5e-9610f53a1d24,
1071,61,rpt_view_cd,,2,19,,,False,1,False,False,True,1,-1,False,False,1,30809,1,rpt_view_cd,,,,True,,6315,2026-02-26 06:36:26,2025-12-02 10:00:02,1699-12-31 00:00:00,0,False,0,,,,0,,,eb84eb47-d063-4bc3-8206-6683cfab0bd1,
1072,61,dscnt_amt,,8,19,,,False,1,False,False,True,1,-1,False,False,1,30843,1,dscnt_amt,,,,True,,6316,2026-02-26 06:36:26,2025-12-02 10:00:02,1699-12-31 00:00:00,0,False,0,,,,0,,,283a37dd-72cd-4ff4-91c0-358e64ebae0b,
1073,61,load_dttm,,2,19,,,False,1,False,False,True,1,-1,False,False,1,30877,1,load_dttm,,,,True,,6317,2026-02-26 06:36:26,2025-12-02 10:00:02,1699-12-31 00:00:00,0,False,0,,,,0,,,dc9068f3-0cf0-470c-88bb-50c56177e954,
1074,61,load_date,,2,19,,,False,1,False,False,True,1,-1,False,False,1,30911,1,load_date,,,,True,,6318,2026-02-26 06:36:26,2025-12-02 10:00:02,1699-12-31 00:00:00,0,False,0,,,,0,,,7c6ecb38-dbaf-40df-ac5b-3236c5d35fa2,
1075,61,Concat_Curr_key,,2,19,,,False,1,False,False,True,1,-1,False,False,1,30945,1,Concat_Curr_key,,,,True,,6319,2026-02-26 06:36:26,2025-12-02 10:00:02,1699-12-31 00:00:00,0,False,0,,,,0,,,04401855-572c-4887-9c7f-fa65be52b42f,
1076,61,trx_dt,,2,19,,,False,1,False,False,True,1,-1,False,False,1,30979,1,trx_dt,,,,True,,6320,2026-02-26 06:36:26,2025-12-02 10:00:02,1699-12-31 00:00:00,0,False,0,,,,0,,,80863732-8d42-4e62-8576-47652153b7b0,
1077,61,src_sys_id,,2,19,,,False,1,False,False,True,1,-1,False,False,1,31013,1,src_sys_id,,,,True,,6321,2026-02-26 06:36:26,2025-12-02 10:00:02,1699-12-31 00:00:00,0,False,0,,,,0,,,340f159f-4bb3-4e2c-96b9-4dd33154e7a5,
1078,61,file_id,,2,19,,,False,1,False,False,True,1,-1,False,False,1,31047,1,file_id,,,,True,,6322,2026-02-26 06:36:26,2025-12-02 10:00:02,1699-12-31 00:00:00,0,False,0,,,,0,,,e9bb7f94-5c8c-4d42-9668-4dd7b55257c8,
1079,61,dscnt_cd,,2,19,,,True,1,False,False,True,1,-1,False,False,1,31081,1,dscnt_cd,,,,True,,6323,2026-02-26 06:36:26,2025-12-02 10:00:02,1699-12-31 00:00:00,0,False,0,,,,0,,,2a9112b9-eb92-4eb4-bf30-5ad3a3fdfd47,
65,64,RowNumber-2662979B-1795-4F74-8F37-6A1BA8059B61,,6,19,,,True,1,True,True,False,1,-1,False,False,1,9501,3,,,,,True,,66,2025-12-02 10:00:02,2025-12-02 10:00:02,1699-12-31 00:00:00,0,False,0,,,,0,,,,
1080,64,day_id,,2,19,,,False,1,False,False,True,1,-1,False,False,1,31115,1,day_id,,,,True,,6324,2026-02-26 06:36:26,2025-12-02 10:00:02,1699-12-31 00:00:00,0,False,0,,,,0,,,3c3145e8-f77b-4ccb-bf21-a563a4d9e244,
1081,64,ship_from_loc_id,,2,19,,,False,1,False,False,True,1,-1,False,False,1,31149,1,ship_from_loc_id,,,,True,,6325,2026-02-26 06:36:26,2025-12-02 10:00:02,1699-12-31 00:00:00,0,False,0,,,,0,,,4e584aed-d054-4fec-ae78-4dd04e6d7e69,
1082,64,ship_to_loc_id,,2,19,,,False,1,False,False,True,1,-1,False,False,1,31183,1,ship_to_loc_id,,,,True,,6326,2026-02-26 06:36:26,2025-12-02 10:00:02,1699-12-31 00:00:00,0,False,0,,,,0,,,6dbc8c62-7e74-4099-94a9-f5d6236ec18c,
1083,64,prod_id,,2,19,,,False,1,False,False,True,1,-1,False,False,1,31217,1,prod_id,,,,True,,6327,2026-02-26 06:36:26,2025-12-02 10:00:02,1699-12-31 00:00:00,0,False,0,,,,0,,,82a6702f-cd85-4fce-bc36-0c4838da3807,
1084,64,chnl_id,,2,19,,,False,1,False,False,True,1,-1,False,False,1,31251,1,chnl_id,,,,True,,6328,2026-02-26 06:36:26,2025-12-02 10:00:02,1699-12-31 00:00:00,0,False,0,,,,0,,,50f9146f-6200-436a-8856-70ea1134da83,
1085,64,sls_type_id,,2,19,,,False,1,False,False,True,1,-1,False,False,1,31285,1,sls_type_id,,,,True,,6329,2026-02-26 06:36:26,2025-12-02 10:00:02,1699-12-31 00:00:00,0,False,0,,,,0,,,e964f001-73e3-442b-9e14-b379e551f859,
1086,64,off_inv_dscnt_id,,2,19,,,False,1,False,False,True,1,-1,False,False,1,31319,1,off_inv_dscnt_id,,,,True,,6330,2026-02-26 06:36:26,2025-12-02 10:00:02,1699-12-31 00:00:00,0,False,0,,,,0,,,75637a0d-67c3-41b2-8ee3-43016d445a05,
1087,64,curr_cd,,2,19,,,False,1,False,False,True,1,-1,False,False,1,31353,1,curr_cd,,,,True,,6331,2026-02-26 06:36:26,2025-12-02 10:00:02,1699-12-31 00:00:00,0,False,0,,,,0,,,55d14d87-d8e3-49fc-84be-964807f30ee7,
1088,64,entry_type_cd,,6,19,,,False,1,False,False,True,1,-1,False,False,1,31387,1,entry_type_cd,,,,True,,6332,2026-02-26 06:36:26,2025-12-02 10:00:02,1699-12-31 00:00:00,0,False,0,,,,0,,,2b074c0d-4b27-4d35-8da4-4adaac57de8a,
1089,64,rpt_view_cd,,2,19,,,False,1,False,False,True,1,-1,False,False,1,31421,1,rpt_view_cd,,,,True,,6333,2026-02-26 06:36:26,2025-12-02 10:00:02,1699-12-31 00:00:00,0,False,0,,,,0,,,2e501bc1-f781-4127-9ced-5b75d264d18d,
1090,64,dscnt_amt,,8,19,,,False,1,False,False,True,1,-1,False,False,1,31455,1,dscnt_amt,,,,True,,6334,2026-02-26 06:36:26,2025-12-02 10:00:02,1699-12-31 00:00:00,0,False,0,,,,0,,,59d05e60-c781-4dea-a507-4c743a2240cb,
1091,64,load_dttm,,2,19,,,False,1,False,False,True,1,-1,False,False,1,31489,1,load_dttm,,,,True,,6335,2026-02-26 06:36:26,2025-12-02 10:00:02,1699-12-31 00:00:00,0,False,0,,,,0,,,4a8fae63-2902-4b9d-b4b8-9884e8d605f9,
1092,64,load_date,,2,19,,,False,1,False,False,True,1,-1,False,False,1,31523,1,load_date,,,,True,,6336,2026-02-26 06:36:26,2025-12-02 10:00:02,1699-12-31 00:00:00,0,False,0,,,,0,,,d1465dc5-0ed6-4554-a190-4094cd47a67e,
1093,64,Concat_Curr_key,,2,19,,,False,1,False,False,True,1,-1,False,False,1,31557,1,Concat_Curr_key,,,,True,,6337,2026-02-26 06:36:26,2025-12-02 10:00:02,1699-12-31 00:00:00,0,False,0,,,,0,,,09ee16b3-bb50-42bd-99e7-69b168b0743f,
1094,64,trx_dt,,2,19,,,False,1,False,False,True,1,-1,False,False,1,31591,1,trx_dt,,,,True,,6338,2026-02-26 06:36:26,2025-12-02 10:00:02,1699-12-31 00:00:00,0,False,0,,,,0,,,53b575bb-d5df-44ab-867a-1f4c3c223224,
1095,64,src_sys_id,,2,19,,,False,1,False,False,True,1,-1,False,False,1,31625,1,src_sys_id,,,,True,,6339,2026-02-26 06:36:26,2025-12-02 10:00:02,1699-12-31 00:00:00,0,False,0,,,,0,,,60c06af9-7ecc-4fda-b2e0-e746aaac5b6e,
1096,64,file_id,,2,19,,,False,1,False,False,True,1,-1,False,False,1,31659,1,file_id,,,,True,,6340,2026-02-26 06:36:26,2025-12-02 10:00:02,1699-12-31 00:00:00,0,False,0,,,,0,,,0787779b-5bd4-454a-9e3f-f226265bb63e,
68,67,RowNumber-2662979B-1795-4F74-8F37-6A1BA8059B61,,6,19,,,True,1,True,True,False,1,-1,False,False,1,9535,3,,,,,True,,69,2025-12-02 10:00:02,2025-12-02 10:00:02,1699-12-31 00:00:00,0,False,0,,,,0,,,,
1097,67,day_id,,2,19,,,False,1,False,False,True,1,-1,False,False,1,31693,1,day_id,,,,True,,6341,2026-02-26 06:36:26,2025-12-02 10:00:02,1699-12-31 00:00:00,0,False,0,,,,0,,,b327ccbe-5ab4-4cc2-af64-bce6570346d9,
1098,67,ship_from_loc_id,,2,19,,,False,1,False,False,True,1,-1,False,False,1,31925,1,ship_from_loc_id,,,,True,,6342,2026-02-26 06:36:26,2025-12-02 10:00:02,1699-12-31 00:00:00,0,False,0,,,,0,,,20e47846-6188-40c6-8906-9c8c8cd5ba96,
1099,67,ship_to_loc_id,,2,19,,,False,1,False,False,True,1,-1,False,False,1,32157,1,ship_to_loc_id,,,,True,,6343,2026-02-26 06:36:26,2025-12-02 10:00:02,1699-12-31 00:00:00,0,False,0,,,,0,,,a37fcc82-42dc-4bb0-a7d7-613214286b33,
1100,67,prod_id,,2,19,,,False,1,False,False,True,1,-1,False,False,1,32389,1,prod_id,,,,True,,6344,2026-02-26 06:36:26,2025-12-02 10:00:02,1699-12-31 00:00:00,0,False,0,,,,0,,,d996615e-d580-42fa-a4ea-c9a2dd3511cd,
1101,67,chnl_id,,2,19,,,False,1,False,False,True,1,-1,False,False,1,32621,1,chnl_id,,,,True,,6345,2026-02-26 06:36:26,2025-12-02 10:00:02,1699-12-31 00:00:00,0,False,0,,,,0,,,7cf1af4b-1eb7-4365-8129-d5758708a62c,
1102,67,sls_type_id,,2,19,,,False,1,False,False,True,1,-1,False,False,1,32853,1,sls_type_id,,,,True,,6346,2026-02-26 06:36:26,2025-12-02 10:00:02,1699-12-31 00:00:00,0,False,0,,,,0,,,9ebc5451-501d-46ec-ae6c-041573048216,
1103,67,on_inv_std_dscnt_id,,2,19,,,False,1,False,False,True,1,-1,False,False,1,33085,1,on_inv_std_dscnt_id,,,,True,,6347,2026-02-26 06:36:26,2025-12-02 10:00:02,1699-12-31 00:00:00,0,False,0,,,,0,,,b7496a92-ee45-412a-8d10-7523a52b9744,
1105,67,curr_cd,,2,19,,,False,1,False,False,True,1,-1,False,False,1,33549,1,curr_cd,,,,True,,6349,2026-02-26 06:36:26,2025-12-02 10:00:02,1699-12-31 00:00:00,0,False,0,,,,0,,,99e62812-5536-477c-8adb-c57412418825,
1107,67,rpt_view_cd,,2,19,,,False,1,False,False,True,1,-1,False,False,1,34013,1,rpt_view_cd,,,,True,,6351,2026-02-26 06:36:26,2025-12-02 10:00:02,1699-12-31 00:00:00,0,False,0,,,,0,,,8b9ad166-8b15-4649-9171-7eb866b46f6c,
1108,67,dscnt_catg_cd,,2,19,,,False,1,False,False,True,1,-1,False,False,1,34245,1,dscnt_catg_cd,,,,True,,6352,2026-02-26 06:36:26,2025-12-02 10:00:02,1699-12-31 00:00:00,0,False,0,,,,0,,,7953fcc4-b362-4ef0-b44e-29bbe01142d4,
1109,67,dscnt_cd,,2,19,,,False,1,False,False,True,1,-1,False,False,1,34477,1,dscnt_cd,,,,True,,6353,2026-02-26 06:36:26,2025-12-02 10:00:02,1699-12-31 00:00:00,0,False,0,,,,0,,,8f098b37-d8dd-4a77-8364-ebf6d4a0674f,
1110,67,dscnt_amt,,10,19,,,False,1,False,False,True,1,-1,False,False,1,34709,1,dscnt_amt,,,,True,,6354,2026-02-26 06:36:26,2025-12-02 10:00:02,1699-12-31 00:00:00,0,False,0,,,,0,,,36998177-5cb2-481a-9fa5-82c0a8743cda,
1113,67,Concat_Std_key,,2,19,,,False,1,False,False,True,1,-1,False,False,1,35405,1,Concat_Std_key,,,,True,,6357,2026-02-26 06:36:26,2025-12-02 10:00:02,1699-12-31 00:00:00,0,False,0,,,,0,,,7da31a18-aa01-4626-85c0-5dc45b1bbf21,
1114,67,Concat_Curr_key,,2,19,,,False,1,False,False,True,1,-1,False,False,1,35637,1,Concat_Curr_key,,,,True,,6358,2026-02-26 06:36:26,2025-12-02 10:00:02,1699-12-31 00:00:00,0,False,0,,,,0,,,9356d999-06a1-425b-991b-24c21605da55,
1115,67,trx_dt,,2,19,,,False,1,False,False,True,1,-1,False,False,1,35869,1,trx_dt,,,,True,,6359,2026-02-26 06:36:26,2025-12-02 10:00:02,1699-12-31 00:00:00,0,False,0,,,,0,,,61504046-b01d-4410-b41c-f8ec53690de8,
1116,67,trx_type_cd,,2,19,,,False,1,False,False,True,1,-1,False,False,1,36101,1,trx_type_cd,,,,True,,6360,2026-02-26 06:36:26,2025-12-02 10:00:02,1699-12-31 00:00:00,0,False,0,,,,0,,,55eeaa4a-3ba1-4bba-a58a-573fdd57261a,
1117,67,src_sys_id,,2,19,,,False,1,False,False,True,1,-1,False,False,1,36333,1,src_sys_id,,,,True,,6361,2026-02-26 06:36:26,2025-12-02 10:00:02,1699-12-31 00:00:00,0,False,0,,,,0,,,4583c87f-201b-49db-bc92-abf74c495c9a,
71,70,RowNumber-2662979B-1795-4F74-8F37-6A1BA8059B61,,6,19,,,True,1,True,True,False,1,-1,False,False,1,9767,3,,,,,True,,72,2025-12-02 10:00:02,2025-12-02 10:00:02,1699-12-31 00:00:00,0,False,0,,,,0,,,,
1119,70,off_inv_dscnt_id,,2,19,,,True,1,False,False,True,1,-1,False,False,1,36797,1,off_inv_dscnt_id,,,,True,,6363,2026-02-26 06:36:26,2025-12-02 10:00:02,1699-12-31 00:00:00,0,False,0,,,,0,,,7d51dc06-7abf-4086-81fb-bdd6f600dbf2,
1120,70,src_ship_from_loc_cd,,2,19,,,True,1,False,False,True,1,-1,False,False,1,36801,1,src_ship_from_loc_cd,,,,True,,6364,2026-02-26 06:36:26,2025-12-02 10:00:02,1699-12-31 00:00:00,0,False,0,,,,0,,,e37c5804-26c1-4e1d-831c-eead36df6343,
1122,70,Off Discount Category,,2,19,,,False,1,False,False,True,1,-1,False,False,1,36809,1,dscnt_catg_desc,,,,True,,6366,2026-02-26 06:36:26,2025-12-02 10:00:02,1699-12-31 00:00:00,0,False,0,,,,0,,,0ce0a709-ed9a-4420-8a9d-a4f6a861e533,
1123,70,dscnt_cd,,2,19,,,True,1,False,False,True,1,-1,False,False,1,36813,1,dscnt_cd,,,,True,,6367,2026-02-26 06:36:26,2025-12-02 10:00:02,1699-12-31 00:00:00,0,False,0,,,,0,,,9e06a654-e9a0-419c-adc4-8e1275b12814,
1124,70,Off Discount Code,,2,19,,,False,1,False,False,True,1,-1,False,False,1,36817,1,dscnt_desc,,,,True,,6368,2026-02-26 06:36:26,2025-12-02 10:00:02,1699-12-31 00:00:00,0,False,0,,,,0,,,2946d266-dc3d-4987-b0f9-b82c2ebf51a4,
1125,70,src_grp_id,,6,19,,,True,1,False,False,True,1,-1,False,False,1,36821,1,src_grp_id,,,,True,,6369,2026-02-26 06:36:26,2025-12-02 10:00:02,1699-12-31 00:00:00,0,False,0,,,,0,,,40b745a7-cc52-4cb6-89a5-ff96c44a959e,
1126,70,src_sys_id,,6,19,,,True,1,False,False,True,1,-1,False,False,1,36825,1,src_sys_id,,,,True,,6370,2026-02-26 06:36:26,2025-12-02 10:00:02,1699-12-31 00:00:00,0,False,0,,,,0,,,8689e231-4664-4456-8e3e-52b9a55fa05e,
1127,70,dscnt_grp_id,,6,19,,,True,1,False,False,True,1,-1,False,False,1,36829,1,dscnt_grp_id,,,,True,,6371,2026-02-26 06:36:26,2025-12-02 10:00:02,1699-12-31 00:00:00,0,False,0,,,,0,,,b16ee33e-9a33-4469-8a9e-7a3c0970b1d5,
1128,70,dscnt_catg_cd,,2,19,,,True,1,False,False,True,1,-1,False,False,1,36833,1,dscnt_catg_cd,,,,True,,6372,2026-02-26 06:36:26,2025-12-02 10:00:02,1699-12-31 00:00:00,0,False,0,,,,0,,,d377da86-1541-4c00-9651-ac42c0d4c875,
74,73,RowNumber-2662979B-1795-4F74-8F37-6A1BA8059B61,,6,19,,,True,1,True,True,False,1,-1,False,False,1,9771,3,,,,,True,,75,2025-12-02 10:00:02,2025-12-02 10:00:02,1699-12-31 00:00:00,0,False,0,,,,0,,,,
1129,73,on_inv_blk_dscnt_id,,2,19,,,True,1,False,False,True,1,-1,False,False,1,36837,1,on_inv_blk_dscnt_id,,,,True,,6373,2026-02-26 06:36:26,2025-12-02 10:00:02,1699-12-31 00:00:00,0,False,0,,,,0,,,bb9f18f9-fe67-4405-b608-6d367ea90831,
1130,73,src_ship_from_loc_cd,,2,19,,,True,1,False,False,True,1,-1,False,False,1,36841,1,src_ship_from_loc_cd,,,,True,,6374,2026-02-26 06:36:26,2025-12-02 10:00:02,1699-12-31 00:00:00,0,False,0,,,,0,,,0bf1351e-ef6c-4b13-8e28-7974942bbcae,
1132,73,On Bulk Discount Category,,2,19,,,False,1,False,False,True,1,-1,False,False,1,36849,1,dscnt_catg_desc,,,,True,,6376,2026-02-26 06:36:26,2025-12-02 10:00:02,1699-12-31 00:00:00,0,False,0,,,,0,,,7c97e116-3279-4084-965f-a8d8fa71cd34,
1133,73,On Bulk Discount Code,,2,19,,,False,1,False,False,True,1,-1,False,False,1,36853,1,dscnt_desc,,,,True,,6377,2026-02-26 06:36:26,2025-12-02 10:00:02,1699-12-31 00:00:00,0,False,0,,,,0,,,153a7643-e1c7-4f28-b758-5b487981ee50,
1134,73,src_grp_id,,6,19,,,True,1,False,False,True,1,-1,False,False,1,36857,1,src_grp_id,,,,True,,6378,2026-02-26 06:36:26,2025-12-02 10:00:02,1699-12-31 00:00:00,0,False,0,,,,0,,,d732c6f3-a7c0-4173-ad02-efc17355f827,
1135,73,src_sys_id,,6,19,,,True,1,False,False,True,1,-1,False,False,1,36861,1,src_sys_id,,,,True,,6379,2026-02-26 06:36:26,2025-12-02 10:00:02,1699-12-31 00:00:00,0,False,0,,,,0,,,6f928e0b-93e6-4ba8-b069-19ef63c677a9,
1136,73,dscnt_grp_id,,6,19,,,True,1,False,False,True,1,-1,False,False,1,36865,1,dscnt_grp_id,,,,True,,6380,2026-02-26 06:36:26,2025-12-02 10:00:02,1699-12-31 00:00:00,0,False,0,,,,0,,,0e2bb9c7-55b4-4ca6-9af3-3e468f354fc0,
1137,73,dscnt_catg_cd,,2,19,,,True,1,False,False,True,1,-1,False,False,1,36869,1,dscnt_catg_cd,,,,True,,6381,2026-02-26 06:36:26,2025-12-02 10:00:02,1699-12-31 00:00:00,0,False,0,,,,0,,,21c0d1f0-7d15-4637-b263-0ff3583532fc,
1138,73,dscnt_cd,,2,19,,,True,1,False,False,True,1,-1,False,False,1,36873,1,dscnt_cd,,,,True,,6382,2026-02-26 06:36:26,2025-12-02 10:00:02,1699-12-31 00:00:00,0,False,0,,,,0,,,38229bd5-474c-4cee-91c1-632108d3c317,
77,76,RowNumber-2662979B-1795-4F74-8F37-6A1BA8059B61,,6,19,,,True,1,True,True,False,1,-1,False,False,1,9775,3,,,,,True,,78,2025-12-02 10:00:02,2025-12-02 10:00:02,1699-12-31 00:00:00,0,False,0,,,,0,,,,
1139,76,on_inv_std_dscnt_id,,2,19,,,True,1,False,False,True,1,-1,False,False,1,36877,1,on_inv_std_dscnt_id,,,,True,,6383,2026-02-26 06:36:26,2025-12-02 10:00:02,1699-12-31 00:00:00,0,False,0,,,,0,,,c148e205-89ff-4235-be77-b6c5feef1ebf,
1140,76,src_ship_from_loc_cd,,2,19,,,True,1,False,False,True,1,-1,False,False,1,36881,1,src_ship_from_loc_cd,,,,True,,6384,2026-02-26 06:36:26,2025-12-02 10:00:02,1699-12-31 00:00:00,0,False,0,,,,0,,,9e1b483c-c089-4eb8-bd5c-6e6db4f81b43,
1142,76,On Standard Discount Category,,2,19,,,False,1,False,False,True,1,-1,False,False,1,36889,1,dscnt_catg_desc,,,,True,,6386,2026-02-26 06:36:26,2025-12-02 10:00:02,1699-12-31 00:00:00,0,False,0,,,,0,,,f8585cac-075f-46d2-a517-bc38207ca749,
1143,76,On Standard Discount Code,,2,19,,,False,1,False,False,True,1,-1,False,False,1,36893,1,dscnt_desc,,,,True,,6387,2026-02-26 06:36:26,2025-12-02 10:00:02,1699-12-31 00:00:00,0,False,0,,,,0,,,f0dba5df-2d44-4d50-accf-50973288ad16,
1144,76,src_grp_id,,6,19,,,True,1,False,False,True,1,-1,False,False,1,36897,1,src_grp_id,,,,True,,6388,2026-02-26 06:36:26,2025-12-02 10:00:02,1699-12-31 00:00:00,0,False,0,,,,0,,,1de8d54f-a39b-4b85-94fb-e0044bde5cb6,
1145,76,src_sys_id,,6,19,,,True,1,False,False,True,1,-1,False,False,1,36901,1,src_sys_id,,,,True,,6389,2026-02-26 06:36:26,2025-12-02 10:00:02,1699-12-31 00:00:00,0,False,0,,,,0,,,d31ddeca-c620-46d9-bb53-a7716a7c6b31,
1146,76,dscnt_grp_id,,6,19,,,True,1,False,False,True,1,-1,False,False,1,36905,1,dscnt_grp_id,,,,True,,6390,2026-02-26 06:36:26,2025-12-02 10:00:02,1699-12-31 00:00:00,0,False,0,,,,0,,,b8532e65-052d-40f2-8ecf-267d982cdf8c,
1147,76,dscnt_catg_cd,,2,19,,,True,1,False,False,True,1,-1,False,False,1,36909,1,dscnt_catg_cd,,,,True,,6391,2026-02-26 06:36:26,2025-12-02 10:00:02,1699-12-31 00:00:00,0,False,0,,,,0,,,54b63820-9354-47e1-8bff-feb101480e54,
1148,76,dscnt_cd,,2,19,,,True,1,False,False,True,1,-1,False,False,1,36913,1,dscnt_cd,,,,True,,6392,2026-02-26 06:36:26,2025-12-02 10:00:02,1699-12-31 00:00:00,0,False,0,,,,0,,,98d7f75f-73f3-40fc-8671-417f1994f73a,
1149,76,dscnt_id,,2,19,,,True,1,False,False,True,1,-1,False,False,1,36917,1,dscnt_id,,,,True,,6393,2026-02-26 06:36:26,2025-12-02 10:00:02,1699-12-31 00:00:00,0,False,0,,,,0,,,8dc92397-4ee2-4e7e-be98-f4f9bb1c02ad,
1150,76,dscnt_concept_id,,6,19,,,True,1,False,False,True,1,-1,False,False,1,36921,1,dm_dim_concept_classification/Partition.dscnt_concept_id,,,,True,,6394,2026-02-26 06:36:26,2025-12-02 10:00:02,1699-12-31 00:00:00,0,False,0,,,,0,,,1efcf52a-92c5-434b-aa30-53e4203e80a3,
1151,76,On Standard Discount Concept,,2,19,,,False,1,False,False,True,1,-1,False,False,1,36925,1,nsr_mart_mx dm_dim_dscnt_concept/Partition.dscnt_concept_description,,,,True,,6395,2026-02-26 06:36:26,2025-12-02 10:00:02,1699-12-31 00:00:00,0,False,0,,,,0,,,e286254d-fa3f-44c9-9a80-d40f514a2500,
80,79,RowNumber-2662979B-1795-4F74-8F37-6A1BA8059B61,,6,19,,,True,1,True,True,False,1,-1,False,False,1,9779,3,,,,,True,,81,2025-12-02 10:00:02,2025-12-02 10:00:02,1699-12-31 00:00:00,0,False,0,,,,0,,,,
1152,79,dscnt_grp_id,,2,19,,,True,1,False,False,True,1,-1,False,False,1,36929,1,dscnt_grp_id,,,,True,,6396,2026-02-26 06:36:26,2025-12-02 10:00:02,1699-12-31 00:00:00,0,False,0,,,,0,,,f76e9902-6498-4d37-b868-b9aa0eceb19c,
1153,79,sales_grp_id,,2,19,,,True,1,False,False,True,1,-1,False,False,1,36933,1,sales_grp_id,,,,True,,6397,2026-02-26 06:36:26,2025-12-02 10:00:02,1699-12-31 00:00:00,0,False,0,,,,0,,,d672b416-6136-4c4e-9b59-983bcdc4e63c,
1154,79,Concat_Std_key,,2,19,,,True,1,False,False,True,1,-1,False,False,1,36937,1,Concat_Std_key,,,,True,,6398,2026-02-26 06:36:26,2025-12-02 10:00:02,1699-12-31 00:00:00,0,False,0,,,,0,,,00c92a66-9853-4d24-86da-6f230af43fd5,
1155,79,chnl_id,,2,19,,,True,1,False,False,True,1,-1,False,False,1,36941,1,chnl_id,,,,True,,6399,2026-02-26 06:36:26,2025-12-02 10:00:02,1699-12-31 00:00:00,0,False,0,,,,0,,,c1ce8d34-a831-4077-ac11-85a2940429d9,
1156,79,dscnt_cd,,2,19,,,True,1,False,False,True,1,-1,False,False,1,36945,1,dscnt_cd,,,,True,,6400,2026-02-26 06:36:26,2025-12-02 10:00:02,1699-12-31 00:00:00,0,False,0,,,,0,,,942a9c77-b86d-494c-9de9-36f0af6f60f2,
1157,79,dscnt_catg_cd,,2,19,,,True,1,False,False,True,1,-1,False,False,1,36949,1,dscnt_catg_cd,,,,True,,6401,2026-02-26 06:36:26,2025-12-02 10:00:02,1699-12-31 00:00:00,0,False,0,,,,0,,,b2df4742-cdd8-4d80-83d1-6168efff3b85,
1158,79,src_sys_id,,2,19,,,True,1,False,False,True,1,-1,False,False,1,36953,1,src_sys_id,,,,True,,6402,2026-02-26 06:36:26,2025-12-02 10:00:02,1699-12-31 00:00:00,0,False,0,,,,0,,,df35183a-dcfd-46d4-8b28-f33f083e0a4a,
1159,79,dscnt_id,,2,19,,,True,1,False,False,True,1,-1,False,False,1,36957,1,dscnt_id,,,,True,,6403,2026-02-26 06:36:26,2025-12-02 10:00:02,1699-12-31 00:00:00,0,False,0,,,,0,,,237c0b76-2c19-4636-9d47-1f3f04ce1dfe,
1160,79,Discount Applied Flag,,2,19,,,False,1,False,False,True,1,-1,False,False,1,36961,1,dscnt_applied_flg,,,,True,,6404,2026-02-26 06:36:26,2025-12-02 10:00:02,1699-12-31 00:00:00,0,False,0,,,,0,,,4773e320-6f64-41f8-aff9-4a53396ae281,
1161,79,Discount Group,,2,19,,,False,1,False,False,True,1,-1,False,False,1,36965,1,dscnt_grp_desc,,,,True,,6405,2026-02-26 06:36:26,2025-12-02 10:00:02,1699-12-31 00:00:00,0,False,0,,,,0,,,6e28378a-5c4c-46a3-bf0b-d6dac37c7e03,
1162,79,Sales Group,,2,19,,,False,1,False,False,True,1,-1,False,False,1,36969,1,sales_grp_desc,,,,True,,6406,2026-02-26 06:36:26,2025-12-02 10:00:02,1699-12-31 00:00:00,0,False,0,,,,0,,,65d90a7d-8742-4e49-8522-c49a2c144be8,
83,82,RowNumber-2662979B-1795-4F74-8F37-6A1BA8059B61,,6,19,,,True,1,True,True,False,1,-1,False,False,1,9783,3,,,,,True,,84,2025-12-02 10:00:02,2025-12-02 10:00:02,1699-12-31 00:00:00,0,False,0,,,,0,,,,
1163,82,vrsn_cd,,2,19,,,False,1,False,False,True,1,-1,False,False,1,36973,1,vrsn_cd,,,,True,,6407,2026-02-26 06:36:26,2025-12-02 10:00:02,1699-12-31 00:00:00,0,False,0,,,,0,,,59d96a1a-99f4-464c-af41-51ac041d3a4d,
1164,82,c445_week_cd,,2,19,,,False,1,False,False,True,1,-1,False,False,1,36977,1,c445_week_cd,,,,True,,6408,2026-02-26 06:36:26,2025-12-02 10:00:02,1699-12-31 00:00:00,0,False,0,,,,0,,,f3b75568-d3cb-4e3c-8fda-548c6dfd6a31,
1165,82,ship_from_cd,,2,19,,,False,1,False,False,True,1,-1,False,False,1,36981,1,ship_from_cd,,,,True,,6409,2026-02-26 06:36:26,2025-12-02 10:00:02,1699-12-31 00:00:00,0,False,0,,,,0,,,b7730f7b-744b-4470-b106-75e564471b0d,
1166,82,curr_cd,,2,19,,,False,1,False,False,True,1,-1,False,False,1,36985,1,curr_cd,,,,True,,6410,2026-02-26 06:36:26,2025-12-02 10:00:02,1699-12-31 00:00:00,0,False,0,,,,0,,,5ada8976-0e56-4e3f-84bd-d5d2be65d79d,
1167,82,unit_case_amt,,8,19,,,False,1,False,False,True,1,-1,False,False,1,36989,1,unit_case_amt,,,,True,,6411,2026-02-26 06:36:26,2025-12-02 10:00:02,1699-12-31 00:00:00,0,False,0,,,,0,,,fdeda7ac-42a1-45e3-a040-8672c36c3be5,
1168,82,btlr_gross_rev_amt,,8,19,,,False,1,False,False,True,1,-1,False,False,1,36993,1,btlr_gross_rev_amt,,,,True,,6412,2026-02-26 06:36:26,2025-12-02 10:00:02,1699-12-31 00:00:00,0,False,0,,,,0,,,1f79ad5c-169a-4011-8e22-7e009de82361,
1169,82,btlr_net_sls_rev_amt,,8,19,,,False,1,False,False,True,1,-1,False,False,1,36997,1,btlr_net_sls_rev_amt,,,,True,,6413,2026-02-26 06:36:26,2025-12-02 10:00:02,1699-12-31 00:00:00,0,False,0,,,,0,,,0dd90e0d-3c61-4c7f-ba95-e4c464fa625f,
1170,82,sec_ship_from_cd,,2,19,,,False,1,False,False,True,1,-1,False,False,1,37001,1,sec_ship_from_cd,,,,True,,6414,2026-02-26 06:36:26,2025-12-02 10:00:02,1699-12-31 00:00:00,0,False,0,,,,0,,,cbe85b5e-a3f0-46c0-8fee-f0579e504f4e,
1171,82,ship_from_loc_id,,2,19,,,False,1,False,False,True,1,-1,False,False,1,37005,1,ship_from_loc_id,,,,True,,6415,2026-02-26 06:36:26,2025-12-02 10:00:02,1699-12-31 00:00:00,0,False,0,,,,0,,,b251dd51-d229-4dc5-8ef5-be8c060c7c76,
1172,82,day_dt,,1,9,,,False,1,False,False,True,1,-1,False,False,1,37009,2,,,"LOOKUPVALUE(Period[c445_week_start_dt],
Period[Year 445 Code Sort] ,VALUE(LEFT('Metrics-WE'[c445_week_cd],4)),
Period[Month 445 #] ,VALUE(MID('Metrics-WE'[c445_week_cd],5,2)),
Period[c445_MonthWeek#],VALUE(RIGHT('Metrics-WE'[c445_week_cd],2))
)
",,True,,6416,2026-02-26 06:36:26,2025-12-02 10:00:02,2026-03-16 18:00:18,0,False,0,,,,0,,,6bac215e-6708-435f-b360-37e99e73f214,
1173,82,day_id,,1,6,,,False,1,False,False,True,1,-1,False,False,1,37013,2,,,"LOOKUPVALUE(Period[day_id],Period[Year Cal Code Sort],VALUE(LEFT('Metrics-WE'[c445_week_cd],4)),Period[Month 445 #] ,VALUE(MID('Metrics-WE'[c445_week_cd],5,2)),Period[c445_MonthWeek#], VALUE(RIGHT('Metrics-WE'[c445_week_cd],2)),Period[day_dt],'Metrics-WE'[day_dt])",,True,,6417,2026-02-26 06:36:26,2025-12-02 10:00:02,2026-03-16 18:00:18,0,False,0,,,,0,,,256dfa43-1801-4afd-85ef-b4c1574cf738,
1174,82,c445_1py_day_dt,,1,9,,,False,1,False,False,True,1,-1,False,False,1,37017,2,,,RELATED(Period[c445_1py_day_dt]),,True,,6418,2026-02-26 06:36:26,2025-12-02 10:00:02,2026-03-16 18:00:18,0,False,0,,,,0,,,6521cef0-55b8-4338-9309-ac425c63d671,
1175,82,c445_2py_day_dt,,1,9,,,False,1,False,False,True,1,-1,False,False,1,37021,2,,,RELATED(Period[c445_2py_day_dt]),,True,,6419,2026-02-26 06:36:26,2025-12-02 10:00:02,2026-03-16 18:00:18,0,False,0,,,,0,,,0a0c0b8a-2958-4bcf-abdd-1b2813d06001,
1176,82,file_id,,2,19,,,False,1,False,False,True,1,-1,False,False,1,37025,1,file_id,,,,True,,6420,2026-02-26 06:36:26,2025-12-02 10:00:02,1699-12-31 00:00:00,0,False,0,,,,0,,,d5fa0a71-267d-49dc-b133-a424eb4b9cd0,
1177,82,vrsn,,2,19,,,False,1,False,False,True,1,-1,False,False,1,37029,1,vrsn,,,,True,,6421,2026-02-26 06:36:26,2025-12-02 10:00:02,1699-12-31 00:00:00,0,False,0,,,,0,,,32525f1a-ea35-4796-971f-005d0f85ad3a,
86,85,RowNumber-2662979B-1795-4F74-8F37-6A1BA8059B61,,6,19,,,True,1,True,True,False,1,-1,False,False,1,9787,3,,,,,True,,87,2025-12-02 10:00:02,2025-12-02 10:00:02,1699-12-31 00:00:00,0,False,0,,,,0,,,,
1178,85,day_id,,2,19,,,False,1,False,False,True,1,-1,False,False,1,37033,1,day_id,,,,True,,6422,2026-02-26 06:36:26,2025-12-02 10:00:02,1699-12-31 00:00:00,0,False,0,,,,0,,,49156794-ef98-4ebe-ae5e-24857f1bcdb4,
1179,85,ship_from_loc_id,,2,19,,,False,1,False,False,True,1,-1,False,False,1,37037,1,ship_from_loc_id,,,,True,,6423,2026-02-26 06:36:26,2025-12-02 10:00:02,1699-12-31 00:00:00,0,False,0,,,,0,,,7e73108a-9658-413a-8a97-e5a9ebb52c5c,
1180,85,ship_to_loc_id,,2,19,,,False,1,False,False,True,1,-1,False,False,1,37041,1,ship_to_loc_id,,,,True,,6424,2026-02-26 06:36:26,2025-12-02 10:00:02,1699-12-31 00:00:00,0,False,0,,,,0,,,8315bac6-ffd4-44b3-9f62-fcc09981c353,
1181,85,prod_id,,2,19,,,False,1,False,False,True,1,-1,False,False,1,37045,1,prod_id,,,,True,,6425,2026-02-26 06:36:26,2025-12-02 10:00:02,1699-12-31 00:00:00,0,False,0,,,,0,,,d6570505-bc3b-48bc-a3b7-ebd9b6fbe1c9,
1182,85,chnl_id,,2,19,,,False,1,False,False,True,1,-1,False,False,1,37049,1,chnl_id,,,,True,,6426,2026-02-26 06:36:26,2025-12-02 10:00:02,1699-12-31 00:00:00,0,False,0,,,,0,,,0b17392f-e65b-4625-95e8-169da08b1888,
1183,85,sls_type_id,,2,19,,,False,1,False,False,True,1,-1,False,False,1,37053,1,sls_type_id,,,,True,,6427,2026-02-26 06:36:26,2025-12-02 10:00:02,1699-12-31 00:00:00,0,False,0,,,,0,,,295a9ee5-dd62-4fb8-9d05-0720df1492fe,
1184,85,other_dscnt_id,,2,19,,,False,1,False,False,True,1,-1,False,False,1,37057,1,other_dscnt_id,,,,True,,6428,2026-02-26 06:36:26,2025-12-02 10:00:02,1699-12-31 00:00:00,0,False,0,,,,0,,,ed94c57f-255e-448d-9d21-c16f96e4df50,
1185,85,curr_cd,,2,19,,,False,1,False,False,True,1,-1,False,False,1,37061,1,curr_cd,,,,True,,6429,2026-02-26 06:36:26,2025-12-02 10:00:02,1699-12-31 00:00:00,0,False,0,,,,0,,,0b6a7754-9314-4200-ac8c-d280f7de5a56,
1186,85,entry_type_cd,,6,19,,,False,1,False,False,True,1,-1,False,False,1,37065,1,entry_type_cd,,,,True,,6430,2026-02-26 06:36:26,2025-12-02 10:00:02,1699-12-31 00:00:00,0,False,0,,,,0,,,36054af9-0229-4f41-a129-100772d5ecbe,
1187,85,rpt_view_cd,,2,19,,,False,1,False,False,True,1,-1,False,False,1,37069,1,rpt_view_cd,,,,True,,6431,2026-02-26 06:36:26,2025-12-02 10:00:02,1699-12-31 00:00:00,0,False,0,,,,0,,,62a378a8-856e-4aa4-a4ae-df45794ea2d4,
1188,85,dscnt_amt,,8,19,,,False,1,False,False,True,1,-1,False,False,1,37073,1,dscnt_amt,,,,True,,6432,2026-02-26 06:36:26,2025-12-02 10:00:02,1699-12-31 00:00:00,0,False,0,,,,0,,,03fa796b-9cbb-4241-a247-900bfb84e3fd,
1189,85,load_dttm,,2,19,,,False,1,False,False,True,1,-1,False,False,1,37077,1,load_dttm,,,,True,,6433,2026-02-26 06:36:26,2025-12-02 10:00:02,1699-12-31 00:00:00,0,False,0,,,,0,,,1dea6195-8b9f-4af2-98d4-4e5aaf18c49a,
1190,85,load_date,,2,19,,,False,1,False,False,True,1,-1,False,False,1,37081,1,load_date,,,,True,,6434,2026-02-26 06:36:26,2025-12-02 10:00:02,1699-12-31 00:00:00,0,False,0,,,,0,,,baf6e614-4b64-4d19-ac9c-dffa67389804,
1191,85,Concat_Curr_key,,2,19,,,False,1,False,False,True,1,-1,False,False,1,37085,1,Concat_Curr_key,,,,True,,6435,2026-02-26 06:36:26,2025-12-02 10:00:02,1699-12-31 00:00:00,0,False,0,,,,0,,,5bf16000-66f2-4fc0-84dc-15b003b749f6,
1192,85,trx_dt,,2,19,,,False,1,False,False,True,1,-1,False,False,1,37089,1,trx_dt,,,,True,,6436,2026-02-26 06:36:26,2025-12-02 10:00:02,1699-12-31 00:00:00,0,False,0,,,,0,,,b8d8696c-d3c3-41c1-8dc7-0a7b99faf4d1,
1193,85,src_sys_id,,2,19,,,False,1,False,False,True,1,-1,False,False,1,37093,1,src_sys_id,,,,True,,6437,2026-02-26 06:36:26,2025-12-02 10:00:02,1699-12-31 00:00:00,0,False,0,,,,0,,,1d167768-4292-4f75-a1f7-e949e41a29dc,
1194,85,file_id,,2,19,,,False,1,False,False,True,1,-1,False,False,1,37097,1,file_id,,,,True,,6438,2026-02-26 06:36:26,2025-12-02 10:00:02,1699-12-31 00:00:00,0,False,0,,,,0,,,24c4a14e-e8ac-4919-9689-00db38bc8fb4,
89,88,RowNumber-2662979B-1795-4F74-8F37-6A1BA8059B61,,6,19,,,True,1,True,True,False,1,-1,False,False,1,9791,3,,,,,True,,90,2025-12-02 10:00:02,2025-12-02 10:00:02,1699-12-31 00:00:00,0,False,0,,,,0,,,,
1195,88,src_grp_id,,6,19,,,True,1,False,False,True,1,-1,False,False,1,37101,1,src_grp_id,,,,True,,6439,2026-02-26 06:36:26,2025-12-02 10:00:02,1699-12-31 00:00:00,0,False,0,,,,0,,,15a30e1a-c594-4cbf-9f65-7ae4e1f170ae,
1196,88,src_sys_id,,6,19,,,True,1,False,False,True,1,-1,False,False,1,37105,1,src_sys_id,,,,True,,6440,2026-02-26 06:36:26,2025-12-02 10:00:02,1699-12-31 00:00:00,0,False,0,,,,0,,,b871b6d5-5320-4d46-a055-e3d1d0ad87cc,
1197,88,src_ship_from_loc_cd,,2,19,,,True,1,False,False,True,1,-1,False,False,1,37109,1,src_ship_from_loc_cd,,,,True,,6441,2026-02-26 06:36:26,2025-12-02 10:00:02,1699-12-31 00:00:00,0,False,0,,,,0,,,991a95f7-6ccc-40b6-81d5-624b6aee971a,
1198,88,dscnt_catg_cd,,2,19,,,True,1,False,False,True,1,-1,False,False,1,37113,1,dscnt_catg_cd,,,,True,,6442,2026-02-26 06:36:26,2025-12-02 10:00:02,1699-12-31 00:00:00,0,False,0,,,,0,,,a20f9e8f-8a08-4692-916f-03d778494d00,
1199,88,Other Discount Category,,2,19,,,False,1,False,False,True,1,-1,False,False,1,37117,1,dscnt_catg_desc,,,,True,,6443,2026-02-26 06:36:26,2025-12-02 10:00:02,1699-12-31 00:00:00,0,False,0,,,,0,,,d43cdd00-1d9e-4680-82b6-f1bee9184b99,
1200,88,dscnt_cd,,2,19,,,True,1,False,False,True,1,-1,False,False,1,37121,1,dscnt_cd,,,,True,,6444,2026-02-26 06:36:26,2025-12-02 10:00:02,1699-12-31 00:00:00,0,False,0,,,,0,,,6d36bad6-3105-49db-a9e8-01e9fa6af313,
1201,88,Other Discount Code,,2,19,,,False,1,False,False,True,1,-1,False,False,1,37125,1,dscnt_desc,,,,True,,6445,2026-02-26 06:36:26,2025-12-02 10:00:02,1699-12-31 00:00:00,0,False,0,,,,0,,,25e7d872-c186-4672-ab40-633909b22426,
1203,88,other_dscnt_id,,2,19,,,True,1,False,False,True,1,-1,False,False,1,37133,1,other_dscnt_id,,,,True,,6447,2026-02-26 06:36:26,2025-12-02 10:00:02,1699-12-31 00:00:00,0,False,0,,,,0,,,5e0548dc-e336-4873-beae-dd4d6ead3689,
1204,88,dscnt_grp_id,,6,19,,,True,1,False,False,True,1,-1,False,False,1,37137,1,dscnt_grp_id,,,,True,,6448,2026-02-26 06:36:26,2025-12-02 10:00:02,1699-12-31 00:00:00,0,False,0,,,,0,,,e428d4fb-c771-4e5b-b2c6-f72274d6ccb9,
92,91,RowNumber-2662979B-1795-4F74-8F37-6A1BA8059B61,,6,19,,,True,1,True,True,False,1,-1,False,False,1,9795,3,,,,,True,,93,2025-12-02 10:00:02,2025-12-02 10:00:02,1699-12-31 00:00:00,0,False,0,,,,0,,,,
1205,91,src_sys_id,,6,19,,,False,1,False,False,True,1,-1,False,False,1,37141,1,src_sys_id,,,,True,,6449,2026-02-26 06:36:26,2025-12-02 10:00:02,1699-12-31 00:00:00,0,False,0,,,,0,,,214f6549-4b5b-45fd-89a3-13c85249be52,
1206,91,src_grp_id,,6,19,,,False,1,False,False,True,1,-1,False,False,1,37145,1,src_grp_id,,,,True,,6450,2026-02-26 06:36:26,2025-12-02 10:00:02,1699-12-31 00:00:00,0,False,0,,,,0,,,e3181420-b502-466a-b768-544bbe807e3a,
1207,91,dscnt_catg_cd,,2,19,,,False,1,False,False,True,1,-1,False,False,1,37149,1,dscnt_catg_cd,,,,True,,6451,2026-02-26 06:36:26,2025-12-02 10:00:02,1699-12-31 00:00:00,0,False,0,,,,0,,,14a902d1-cd83-45f5-a3f2-10bd2061955d,
1208,91,dscnt_concept_id,,6,19,,,False,1,False,False,True,1,-1,False,False,1,37153,1,dscnt_concept_id,,,,True,,6452,2026-02-26 06:36:26,2025-12-02 10:00:02,1699-12-31 00:00:00,0,False,0,,,,0,,,08175140-6803-46b8-b958-3d0c24d140fc,
1209,91,dscnt_cd,,2,19,,,False,1,False,False,True,1,-1,False,False,1,37157,1,dscnt_cd,,,,True,,6453,2026-02-26 06:36:26,2025-12-02 10:00:02,1699-12-31 00:00:00,0,False,0,,,,0,,,16242134-7962-476c-9ba2-d95680cdd5e1,
95,94,RowNumber-2662979B-1795-4F74-8F37-6A1BA8059B61,,6,19,,,True,1,True,True,False,1,-1,False,False,1,9799,3,,,,,True,,96,2025-12-02 10:00:02,2025-12-02 10:00:02,1699-12-31 00:00:00,0,False,0,,,,0,,,,
1210,94,src_grp_id,,6,19,,,False,1,False,False,True,1,-1,False,False,1,37161,1,src_grp_id,,,,True,,6454,2026-02-26 06:36:26,2025-12-02 10:00:02,1699-12-31 00:00:00,0,False,0,,,,0,,,7f06bf28-e513-4a25-ac3e-ba799477d26d,
1211,94,dscnt_concept_id,,6,19,,,False,1,False,False,True,1,-1,False,False,1,37165,1,dscnt_concept_id,,,,True,,6455,2026-02-26 06:36:26,2025-12-02 10:00:02,1699-12-31 00:00:00,0,False,0,,,,0,,,239cdfb8-8f2a-4f6d-b23c-8089eb6758c0,
1212,94,dscnt_concept_description,,2,19,,,False,1,False,False,True,1,-1,False,False,1,37169,1,dscnt_concept_description,,,,True,,6456,2026-02-26 06:36:26,2025-12-02 10:00:02,1699-12-31 00:00:00,0,False,0,,,,0,,,9731f108-bf40-4bed-85f9-3be5a68ad4fc,
98,97,RowNumber-2662979B-1795-4F74-8F37-6A1BA8059B61,,6,19,,,True,1,True,True,False,1,-1,False,False,1,9803,3,,,,,True,,99,2025-12-02 10:00:02,2025-12-02 10:00:02,1699-12-31 00:00:00,0,False,0,,,,0,,,,
1213,97,day_id,,6,19,,,True,1,False,False,True,1,-1,False,False,1,37173,1,day_id,,,,True,,6457,2026-02-26 06:36:26,2025-12-02 10:00:02,1699-12-31 00:00:00,0,False,0,,,,0,,,c9ee109c-d932-4c99-8169-cc4cf47657d1,
1214,97,day_dt,,9,19,,,True,1,False,False,True,1,-1,False,False,1,37177,1,day_dt,,,General Date,True,,6458,2026-02-26 06:36:26,2025-12-02 10:00:02,1699-12-31 00:00:00,0,False,0,,date,,0,,,7e7d49a6-3d04-4787-af58-1038d64bbecf,
1215,97,c445_week_start_dt,,9,19,,,True,1,False,False,True,1,-1,False,False,1,37181,1,c445_week_start_dt,,,General Date,True,,6459,2026-02-26 06:36:26,2025-12-02 10:00:02,1699-12-31 00:00:00,0,False,0,,date,,0,,,8441482a-2f98-4098-bd62-48a01523adb1,
1216,97,c445_week_end_dt,,9,19,,,True,1,False,False,True,1,-1,False,False,1,37185,1,c445_week_end_dt,,,General Date,True,,6460,2026-02-26 06:36:26,2025-12-02 10:00:02,1699-12-31 00:00:00,0,False,0,,date,,0,,,6da939f0-ea0d-40c1-8ea8-162e5e90877f,
1217,97,c445_month_start_dt,,9,19,,,True,1,False,False,True,1,-1,False,False,1,37189,1,c445_month_start_dt,,,General Date,True,,6461,2026-02-26 06:36:26,2025-12-02 10:00:02,1699-12-31 00:00:00,0,False,0,,date,,0,,,4a9576ab-28d1-40b8-96a2-0573fa7ba8fe,
1218,97,c445_month_end_dt,,9,19,,,True,1,False,False,True,1,-1,False,False,1,37193,1,c445_month_end_dt,,,General Date,True,,6462,2026-02-26 06:36:26,2025-12-02 10:00:02,1699-12-31 00:00:00,0,False,0,,date,,0,,,22ecde6a-1d8f-43f8-a990-4fa2b8f8c3e6,
1219,97,c445_quarter_date_range,,2,19,,,True,1,False,False,True,1,-1,False,False,1,37197,1,c445_quarter_date_range,,,,True,,6463,2026-02-26 06:36:26,2025-12-02 10:00:02,1699-12-31 00:00:00,0,False,0,,,,0,,,405981ee-eb4e-4c3a-a128-66ec4ef7f9a6,
1220,97,c445_quarter_start_dt,,9,19,,,True,1,False,False,True,1,-1,False,False,1,37201,1,c445_quarter_start_dt,,,General Date,True,,6464,2026-02-26 06:36:26,2025-12-02 10:00:02,1699-12-31 00:00:00,0,False,0,,date,,0,,,30df4bee-74a6-4e2b-bd9a-64e8a87cb65d,
1221,97,c445_quarter_end_dt,,9,19,,,True,1,False,False,True,1,-1,False,False,1,37205,1,c445_quarter_end_dt,,,General Date,True,,6465,2026-02-26 06:36:26,2025-12-02 10:00:02,1699-12-31 00:00:00,0,False,0,,date,,0,,,cb6f8cc3-8cbe-4d2b-83b4-29b4a276174c,
1222,97,c445_1py_day_dt,,9,19,,,True,1,False,False,True,1,-1,False,False,1,37209,1,c445_1py_day_dt,,,,True,,6466,2026-02-26 06:36:26,2025-12-02 10:00:02,1699-12-31 00:00:00,0,False,0,,,,0,,,c1aa569b-4efe-48d9-99b3-51ab85d7d28a,
1223,97,c445_2py_day_dt,,9,19,,,True,1,False,False,True,1,-1,False,False,1,37213,1,c445_2py_day_dt,,,,True,,6467,2026-02-26 06:36:26,2025-12-02 10:00:02,1699-12-31 00:00:00,0,False,0,,,,0,,,667940c0-17b7-477f-87a1-c9e4b33ced92,
1224,97,c445_3py_day_dt,,9,19,,,True,1,False,False,True,1,-1,False,False,1,37217,1,c445_3py_day_dt,,,,True,,6468,2026-02-26 06:36:26,2025-12-02 10:00:02,1699-12-31 00:00:00,0,False,0,,,,0,,,43a0c66f-4e35-425e-ab91-89b4d49583dd,
1225,97,c445_4py_day_dt,,9,19,,,True,1,False,False,True,1,-1,False,False,1,37221,1,c445_4py_day_dt,,,,True,,6469,2026-02-26 06:36:26,2025-12-02 10:00:02,1699-12-31 00:00:00,0,False,0,,,,0,,,8b9f0c2d-5fbf-4ce1-bb83-33fe2fc6c802,
1226,97,c445_5py_day_dt,,9,19,,,True,1,False,False,True,1,-1,False,False,1,37225,1,c445_5py_day_dt,,,,True,,6470,2026-02-26 06:36:26,2025-12-02 10:00:02,1699-12-31 00:00:00,0,False,0,,,,0,,,ff8d5f43-3c54-40b4-828f-c721ff7acce8,
1227,97,greg_month_nm,,2,19,,,True,1,False,False,True,1,-1,False,False,1,37229,1,greg_month_nm,,,,True,,6471,2026-02-26 06:36:26,2025-12-02 10:00:02,1699-12-31 00:00:00,0,False,0,,,,0,,,6b20c967-5df8-4273-b667-1c3b00cbebf3,
1228,97,greg_month_day_nbr,,6,19,,,True,1,False,False,True,1,-1,False,False,1,37233,1,greg_month_day_nbr,,,,True,,6472,2026-02-26 06:36:26,2025-12-02 10:00:02,1699-12-31 00:00:00,0,False,0,,,,0,,,bf1e0d61-2ec1-4229-8d69-d0bed5d74f86,
1229,97,greg_quarter_nm,,2,19,,,True,1,False,False,True,1,-1,False,False,1,37237,1,greg_quarter_nm,,,,True,,6473,2026-02-26 06:36:26,2025-12-02 10:00:02,1699-12-31 00:00:00,0,False,0,,,,0,,,97c22004-afc0-4c68-a93d-673002cfae81,
1230,97,greg_quarter_day_nbr,,6,19,,,True,1,False,False,True,1,-1,False,False,1,37241,1,greg_quarter_day_nbr,,,,True,,6474,2026-02-26 06:36:26,2025-12-02 10:00:02,1699-12-31 00:00:00,0,False,0,,,,0,,,f9febbb0-12db-44ea-813a-ebd7d36be4c8,
1231,97,greg_semester_desc,,2,19,,,True,1,False,False,True,1,-1,False,False,1,37245,1,greg_semester_desc,,,,True,,6475,2026-02-26 06:36:26,2025-12-02 10:00:02,1699-12-31 00:00:00,0,False,0,,,,0,,,112d0fa8-579f-4855-a78f-86d0081e1686,
1232,97,greg_semester_nm,,2,19,,,True,1,False,False,True,1,-1,False,False,1,37249,1,greg_semester_nm,,,,True,,6476,2026-02-26 06:36:26,2025-12-02 10:00:02,1699-12-31 00:00:00,0,False,0,,,,0,,,4d333d90-20c2-4cd3-91d2-93cae2435bf7,
1233,97,greg_year_desc,,2,19,,,True,1,False,False,True,1,-1,False,False,1,37253,1,greg_year_desc,,,,True,,6477,2026-02-26 06:36:26,2025-12-02 10:00:02,1699-12-31 00:00:00,0,False,0,,,,0,,,61f69a02-b756-419a-b1e0-e0c875571dea,
1234,97,Day 445,,2,19,,,False,1,False,False,True,1,-1,False,False,1,37257,1,day_desc,,,,True,1213.0,6478,2026-02-26 06:36:26,2025-12-02 10:00:02,1699-12-31 00:00:00,0,False,0,,,Calendar 445,0,,,5678f521-086a-4491-b3f8-7b098adb33da,
1235,97,Week 445 #,,6,19,,,False,1,False,False,True,1,-1,False,False,1,37261,1,c445_week_nbr,,,,True,1256.0,6479,2026-02-26 06:36:26,2025-12-02 10:00:02,1699-12-31 00:00:00,0,False,0,,,Period Attributes,0,,,4b42e7b9-f585-4d06-8a34-c281a7361185,
1236,97,Week 445,,2,19,,,False,1,False,False,True,1,-1,False,False,1,37265,1,c445_week_desc,,,,True,1278.0,6480,2026-02-26 06:36:26,2025-12-02 10:00:02,1699-12-31 00:00:00,0,False,0,,,Calendar 445,0,,,96e14a96-22e1-40ec-85e7-10e0ff5dbc6b,
1237,97,Week 445 Begin – End,,2,19,,,False,1,False,False,True,1,-1,False,False,1,37269,1,c445_week_date_range,,,,True,,6481,2026-02-26 06:36:26,2025-12-02 10:00:02,1699-12-31 00:00:00,0,False,0,,,Period Attributes,0,,,c7b60fee-13a2-44c7-8a77-73bfc6fd0afe,
1238,97,Month 445 #,,6,19,,,False,1,False,False,True,1,-1,False,False,1,37273,1,c445_month_nbr,,,,True,1257.0,6482,2026-02-26 06:36:26,2025-12-02 10:00:02,1699-12-31 00:00:00,0,False,0,,,Period Attributes,0,,,713953f5-5aed-4e68-88b6-8969ea37f7da,
1239,97,Month 445,,2,19,,,False,1,False,False,True,1,-1,False,False,1,37277,1,c445_month_desc,,,,True,1277.0,6483,2026-02-26 06:36:26,2025-12-02 10:00:02,1699-12-31 00:00:00,0,False,0,,,Calendar 445,0,,,defbbb91-aeaa-4919-a682-d878f10b42ca,
1240,97,Month 445 Name,,2,19,,,False,1,False,False,True,1,-1,False,False,1,37281,1,c445_month_nm,,,,True,1257.0,6484,2026-02-26 06:36:26,2025-12-02 10:00:02,1699-12-31 00:00:00,0,False,0,,,Period Attributes,0,,,050f4fde-65ed-442f-b77c-990522876637,
1241,97,Month 445 Begin – End,,2,19,,,False,1,False,False,True,1,-1,False,False,1,37285,1,c445_month_date_range,,,,True,,6485,2026-02-26 06:36:26,2025-12-02 10:00:02,1699-12-31 00:00:00,0,False,0,,,Period Attributes,0,,,f775774b-10ad-494d-ac2b-d910a84e1b20,
1242,97,Quarter 445,,2,19,,,False,1,False,False,True,1,-1,False,False,1,37289,1,c445_quarter_desc,,,,True,1280.0,6486,2026-02-26 06:36:26,2025-12-02 10:00:02,1699-12-31 00:00:00,0,False,0,,,Calendar 445,0,,,17cccfa8-153a-45b6-a04c-4f017d8d0ac1,
1243,97,Quarter 445 Name,,2,19,,,False,1,False,False,True,1,-1,False,False,1,37293,1,c445_quarter_nm,,,,True,,6487,2026-02-26 06:36:26,2025-12-02 10:00:02,1699-12-31 00:00:00,0,False,0,,,Period Attributes,0,,,f5b8a246-c377-451b-912e-fb9b4aaf8b24,
1244,97,Half 445,,2,19,,,False,1,False,False,True,1,-1,False,False,1,37297,1,c445_semester_desc,,,,True,1281.0,6488,2026-02-26 06:36:26,2025-12-02 10:00:02,1699-12-31 00:00:00,0,False,0,,,Calendar 445,0,,,f4adbe11-131e-402f-9134-fe410eca1f8a,
1245,97,Half 445 Name,,2,19,,,False,1,False,False,True,1,-1,False,False,1,37301,1,c445_semester_nm,,,,True,,6489,2026-02-26 06:36:26,2025-12-02 10:00:02,1699-12-31 00:00:00,0,False,0,,,Period Attributes,0,,,d6984269-6fc2-45e1-870e-0dbd8aa05b9f,
1246,97,Year 445,,2,19,,,False,1,False,False,True,1,-1,False,False,1,37305,1,c445_year_desc,,,,True,1276.0,6490,2026-02-26 06:36:26,2025-12-02 10:00:02,1699-12-31 00:00:00,0,False,0,,,Calendar 445,0,,,c70f9d85-f020-4b7a-8404-79e768e8361c,
1247,97,Month Cal,,2,19,,,False,1,False,False,True,1,-1,False,False,1,37309,1,greg_month_desc,,,,True,1283.0,6491,2026-02-26 06:36:26,2025-12-02 10:00:02,1699-12-31 00:00:00,0,False,0,,,Calendar Gregorian,0,,,d0edbcd2-0c1d-4e64-9cad-5ca1d20c8850,
1248,97,Quarter Cal,,2,19,,,False,1,False,False,True,1,-1,False,False,1,37313,1,greg_quarter_desc,,,,True,1284.0,6492,2026-02-26 06:36:26,2025-12-02 10:00:02,1699-12-31 00:00:00,0,False,0,,,Calendar Gregorian,0,,,8c6c1392-02a1-45b3-a8d5-37857c6a7db4,
1249,97,Day Cal,,1,2,,,False,1,False,False,True,1,-1,False,False,1,37317,2,,,"CONCATENATE(""c"",'Period'[Day 445])",,True,1213.0,6493,2026-02-26 06:36:26,2025-12-02 10:00:02,2026-03-16 18:00:18,0,False,0,,,Calendar Gregorian,0,,,4035ab93-1543-48f9-9fa9-d33a537a3669,
1250,97,Half Cal,,1,2,,,False,1,False,False,True,1,-1,False,False,1,37321,2,,,"CONCATENATE(""c"",Period[greg_semester_desc])",,True,1286.0,6494,2026-02-26 06:36:26,2025-12-02 10:00:02,2026-03-16 18:00:18,0,False,0,,,Calendar Gregorian,0,,,42e25771-5a4e-45f4-b7f1-d9f32b1c5371,
1251,97,Year Cal,,1,2,,,False,1,False,False,True,1,-1,False,False,1,37325,2,,,"CONCATENATE(""c"",Period[greg_year_desc])",,True,1282.0,6495,2026-02-26 06:36:26,2025-12-02 10:00:02,2026-03-16 18:00:18,0,False,0,,,Calendar Gregorian,0,,,02ca9f13-185e-4eb9-955c-cbb7b3037205,
1252,97,Month Cal Name,,1,2,,,False,1,False,False,True,1,-1,False,False,1,37329,2,,,"CONCATENATE(""c"",Period[greg_month_nm])",,True,1255.0,6496,2026-02-26 06:36:26,2025-12-02 10:00:02,2026-03-16 18:00:18,0,False,0,,,Period Attributes,0,,,e5a76e81-8126-4fb5-9722-68c8e22b0401,
1253,97,Quarter Cal Name,,1,2,,,False,1,False,False,True,1,-1,False,False,1,37333,2,,,"CONCATENATE(""c"",Period[greg_quarter_nm])",,True,,6497,2026-02-26 06:36:26,2025-12-02 10:00:02,2026-03-16 18:00:18,0,False,0,,,Period Attributes,0,,,75489aef-e586-460b-aaea-42693519c1c0,
1254,97,Half Cal Name,,1,2,,,False,1,False,False,True,1,-1,False,False,1,37337,2,,,"CONCATENATE(""c"",Period[greg_semester_nm])",,True,,6498,2026-02-26 06:36:26,2025-12-02 10:00:02,2026-03-16 18:00:18,0,False,0,,,Period Attributes,0,,,97624701-d455-45a5-bdd0-36b1a9fbc73a,
1255,97,greg_month_nbr,,6,2,,,True,1,False,False,True,1,-1,False,False,1,37341,2,,,"RIGHT(Period[Month Cal Code],2)",0,True,,6499,2026-02-26 06:36:26,2025-12-02 10:00:02,2026-03-16 18:00:18,0,False,0,,,,0,,,ee93c4db-c7c2-4d8e-9c1f-eb28e3819920,
1256,97,Week_445#_sort_order,,6,2,,,True,1,False,False,True,1,-1,False,False,1,37345,2,,,"RIGHT(Period[Week 445],2)",,True,,6500,2026-02-26 06:36:26,2025-12-02 10:00:02,2026-03-16 18:00:18,0,False,0,,,,0,,,e3ea7a79-8572-4990-b9c0-21fa906a0f57,
1257,97,Month_445#_sort_order,,6,2,,,True,1,False,False,True,1,-1,False,False,1,37349,2,,,"RIGHT(Period[Month 445 Code],2)",,True,,6501,2026-02-26 06:36:26,2025-12-02 10:00:02,2026-03-16 18:00:18,0,False,0,,,,0,,,e99f8a4c-cac7-4335-9f30-ecd69ea1cb90,
1258,97,day_id_dateFormat,,1,9,,,True,1,False,False,True,1,-1,False,False,1,37353,2,,,"DATE(INT(LEFT(Period[day_id],4)),INT(MID(Period[day_id],5,2)),INT(RIGHT(Period[day_id],2)))",,True,,6502,2026-02-26 06:36:26,2025-12-02 10:00:02,2026-03-16 18:00:18,0,False,0,,,,0,,,45f55e07-9cae-4f12-ad03-62d77cac2a7e,
1259,97,Day_#,,6,2,,,True,1,False,False,True,1,-1,False,False,1,37357,2,,,"RIGHT(Period[day_id],2)",,True,,6503,2026-02-26 06:36:26,2025-12-02 10:00:02,2026-03-16 18:00:18,0,False,0,,,,0,,,c5afb72e-38d2-40c5-a9ce-3d5eef7e66c0,
1260,97,greg_quarter_nbr,,1,6,,,True,1,False,False,True,1,-1,False,False,1,37361,2,,,"SWITCH(Period[greg_quarter_nm], ""Q1"",1,""Q2"",2,""Q3"",3,""Q4"",4)",,True,,6504,2026-02-26 06:36:26,2025-12-02 10:00:02,2026-03-16 18:00:18,0,False,0,,,,0,,,0f8f7d49-b0b1-480f-922d-5b58c6a82507,
1261,97,Day of Week,,1,6,,,True,1,False,False,True,1,-1,False,False,1,37365,2,,,WEEKDAY(Period[day_dt]) ,,True,,6505,2026-02-26 06:36:26,2025-12-02 10:00:02,2026-03-16 18:00:17,0,False,0,,,,0,,,649aaa5a-aac3-41a0-93b6-d56a4fd18b5c,
1262,97,PY Dt,,1,9,,,True,1,False,False,True,1,-1,False,False,1,37369,2,,,"DATE(YEAR(Period[day_dt]) -1,MONTH(Period[day_dt]), DAY(Period[day_dt]))",,True,,6506,2026-02-26 06:36:26,2025-12-02 10:00:02,2026-03-16 18:00:17,0,False,0,,,,0,,,988e75fa-4fe8-40b0-8de2-5fb4337caf7a,
1263,97,2 PY Date,,1,9,,,True,1,False,False,True,1,-1,False,False,1,37373,2,,,"DATE(YEAR(Period[day_dt]) -2,MONTH(Period[day_dt]), DAY(Period[day_dt]))",,True,,6507,2026-02-26 06:36:26,2025-12-02 10:00:02,2026-03-16 18:00:17,0,False,0,,,,0,,,af01b218-3e77-45dc-9ede-e98128e9c84c,
1264,97,Quarter 445 #,,1,6,,,True,1,False,False,True,1,-1,False,False,1,37377,2,,,"SWITCH(Period[Quarter 445 Name],""Q1"",1,""Q2"",2,""Q3"",3,""Q4"",4)",,True,,6508,2026-02-26 06:36:26,2025-12-02 10:00:02,2026-03-16 18:00:18,0,False,0,,,,0,,,6ee61b12-823f-4498-8bf4-c0e800d15298,
1265,97,Week 445 Code,,6,19,,,False,1,False,False,True,1,-1,False,False,1,37381,1,c445_week_cd,,,,True,,6509,2026-02-26 06:36:26,2025-12-02 10:00:02,1699-12-31 00:00:00,0,False,0,,,Calendar 445,0,,,759cd11a-0720-447a-9cd5-584fc0ed05e0,
1266,97,Month 445 Code,,2,19,,,False,1,False,False,True,1,-1,False,False,1,37385,1,c445_month_cd,,,,True,,6510,2026-02-26 06:36:26,2025-12-02 10:00:02,1699-12-31 00:00:00,0,False,0,,,Calendar 445,0,,,5525556f-a4e9-45a8-94db-6075ed9a43bf,
1267,97,Quarter 445 Code,,2,19,,,False,1,False,False,True,1,-1,False,False,1,37389,1,c445_quarter_cd,,,,True,,6511,2026-02-26 06:36:26,2025-12-02 10:00:02,1699-12-31 00:00:00,0,False,0,,,Calendar 445,0,,,83b23dbf-cdec-41f1-9d7d-b0bfdae90e61,
1268,97,Half 445 Code,,2,19,,,False,1,False,False,True,1,-1,False,False,1,37393,1,c445_semester_cd,,,,True,,6512,2026-02-26 06:36:26,2025-12-02 10:00:02,1699-12-31 00:00:00,0,False,0,,,Calendar 445,0,,,ec5d5cb4-ab59-42d0-b3c8-62ce99b87ac6,
1269,97,Year 445 Code,,2,19,,,False,1,False,False,True,1,-1,False,False,1,37397,1,c445_year_cd,,,,True,,6513,2026-02-26 06:36:26,2025-12-02 10:00:02,1699-12-31 00:00:00,0,False,0,,,Calendar 445,0,,,c9d3aa4b-b540-4c65-8abc-1960168ae985,
1270,97,Month Cal Code,,2,19,,,False,1,False,False,True,1,-1,False,False,1,37401,1,greg_month_cd,,,,True,,6514,2026-02-26 06:36:26,2025-12-02 10:00:02,1699-12-31 00:00:00,0,False,0,,,Calendar Gregorian,0,,,f836d339-602a-4c7f-bbdd-6efbeb1194db,
1271,97,Quarter Cal Code,,2,19,,,False,1,False,False,True,1,-1,False,False,1,37405,1,greg_quarter_cd,,,,True,,6515,2026-02-26 06:36:26,2025-12-02 10:00:02,1699-12-31 00:00:00,0,False,0,,,Calendar Gregorian,0,,,bc57e212-6c96-498f-835d-ce61b8b39d82,
1272,97,Half Cal Code,,2,19,,,False,1,False,False,True,1,-1,False,False,1,37409,1,greg_semester_cd,,,,True,,6516,2026-02-26 06:36:26,2025-12-02 10:00:02,1699-12-31 00:00:00,0,False,0,,,Calendar Gregorian,0,,,fa885282-f8b0-4d12-8204-ba8608b064ac,
1273,97,Year Cal Code,,2,19,,,False,1,False,False,True,1,-1,False,False,1,37413,1,greg_year_cd,,,,True,,6517,2026-02-26 06:36:26,2025-12-02 10:00:02,1699-12-31 00:00:00,0,False,0,,,Calendar Gregorian,0,,,1cbcb378-f8d3-4f8f-904a-4208823b599a,
1274,97,Day 445 Code,,2,6,,,False,1,False,False,True,1,-1,False,False,1,37417,2,,,Period[day_id],,True,,6518,2026-02-26 06:36:26,2025-12-02 10:00:02,2026-03-16 18:00:18,0,False,0,,,Calendar 445,0,,,49e39b59-93d9-4651-aefd-f59885fbc81d,
1275,97,Day Cal Code,,2,6,,,False,1,False,False,True,1,-1,False,False,1,37421,2,,,Period[day_id],,True,,6519,2026-02-26 06:36:26,2025-12-02 10:00:02,2026-03-16 18:00:18,0,False,0,,,Calendar Gregorian,0,,,58ae2032-9f08-48f8-adf3-ff6f5c65ca27,
1276,97,Year 445 Code Sort,,6,2,,,True,1,False,False,True,1,-1,False,False,1,37425,2,,,Period[Year 445 Code],,True,,6520,2026-02-26 06:36:26,2025-12-02 10:00:02,2026-03-16 18:00:18,0,False,0,,,,0,,,d8f161a1-f494-4ae8-9419-3bc7bd174f26,
1277,97,Month 445 Code Sort,,6,2,,,True,1,False,False,True,1,-1,False,False,1,37429,2,,,Period[Month 445 Code],,True,,6521,2026-02-26 06:36:26,2025-12-02 10:00:02,2026-03-16 18:00:18,0,False,0,,,,0,,,94cc7288-869b-4a55-8cc1-707c4b8ec9a6,
1278,97,Week 445 Code Sort,,6,6,,,True,1,False,False,True,1,-1,False,False,1,37433,2,,,Period[Week 445 Code],,True,,6522,2026-02-26 06:36:26,2025-12-02 10:00:02,2026-03-16 18:00:18,0,False,0,,,,0,,,6a38f906-4f4b-4623-8388-72b27b9c25ef,
1279,97,Day 445 Code Sort,,6,2,,,True,1,False,False,True,1,-1,False,False,1,37437,2,,,Period[Day 445 Code],,True,,6523,2026-02-26 06:36:26,2025-12-02 10:00:02,2026-03-16 18:00:18,0,False,0,,,,0,,,941d9ff5-18b2-4a04-8da8-3be9667a23a5,
1280,97,Quarter 445 Code Sort,,6,2,,,True,1,False,False,True,1,-1,False,False,1,37441,2,,,Period[Quarter 445 Code],,True,,6524,2026-02-26 06:36:26,2025-12-02 10:00:02,2026-03-16 18:00:18,0,False,0,,,,0,,,7f21419b-3f34-486e-8ea2-8f28b4d54777,
1281,97,Half 445 Code Sort,,6,2,,,True,1,False,False,True,1,-1,False,False,1,37445,2,,,Period[Half 445 Code],,True,,6525,2026-02-26 06:36:26,2025-12-02 10:00:02,2026-03-16 18:00:18,0,False,0,,,,0,,,1b5f534b-7a3f-44b0-b0f4-cf4ae1da7737,
1282,97,Year Cal Code Sort,,6,2,,,True,1,False,False,True,1,-1,False,False,1,37449,2,,,Period[Year Cal Code],,True,,6526,2026-02-26 06:36:26,2025-12-02 10:00:02,2026-03-16 18:00:18,0,False,0,,,,0,,,77b9b2d1-12aa-4efc-9a91-611d0e67728c,
1283,97,Month Cal Code Sort,,6,2,,,True,1,False,False,True,1,-1,False,False,1,37453,2,,,Period[Month Cal Code],,True,,6527,2026-02-26 06:36:26,2025-12-02 10:00:02,2026-03-16 18:00:18,0,False,0,,,,0,,,5a2eae9e-af15-4624-a9f5-3838b2059812,
1284,97,Quarter Cal Code Sort,,6,2,,,True,1,False,False,True,1,-1,False,False,1,37457,2,,,Period[Quarter Cal Code],,True,,6528,2026-02-26 06:36:26,2025-12-02 10:00:02,2026-03-16 18:00:18,0,False,0,,,,0,,,c199d9ea-bce8-4a59-acc0-3d74bddabeb8,
1285,97,Day Cal Code Sort,,6,2,,,True,1,False,False,True,1,-1,False,False,1,37461,2,,,Period[Day Cal Code],,True,,6529,2026-02-26 06:36:26,2025-12-02 10:00:02,2026-03-16 18:00:18,0,False,0,,,,0,,,bad90172-cae4-4fe1-97d0-b9b8e478d04a,
1286,97,Half Cal Code Sort,,6,2,,,True,1,False,False,True,1,-1,False,False,1,37465,2,,,Period[Half Cal Code],,True,,6530,2026-02-26 06:36:26,2025-12-02 10:00:02,2026-03-16 18:00:18,0,False,0,,,,0,,,7f8a7add-1eb6-4bfd-a9b2-68e83ed64f9b,
1287,97,c445_MonthWeek#,,6,2,,,True,1,False,False,True,1,-1,False,False,1,37469,2,,,"RIGHT(Period[Week 445 Code],2)",,True,,6531,2026-02-26 06:36:26,2025-12-02 10:00:02,2026-03-16 18:00:18,0,False,0,,,,0,,,7e98535a-5f44-44c3-8e70-44a1e17c7370,
1288,97,Latest Day 445,,2,19,,,True,1,False,False,True,1,-1,False,False,1,37473,1,Latest_Day445,,,,True,,6532,2026-02-26 06:36:26,2025-12-02 10:00:02,1699-12-31 00:00:00,0,False,0,,,Period Attributes,0,,,62ec6b01-d984-4219-ba17-b5ef895c3141,
1289,97,Latest Week 445,,2,19,,,True,1,False,False,True,1,-1,False,False,1,37477,1,Latest_Week445,,,,True,,6533,2026-02-26 06:36:26,2025-12-02 10:00:02,1699-12-31 00:00:00,0,False,0,,,Period Attributes,0,,,8f52307f-df64-48cb-938f-558eeb040803,
1290,97,Latest Month 445,,2,19,,,True,1,False,False,True,1,-1,False,False,1,37481,1,Latest_Month445,,,,True,,6534,2026-02-26 06:36:26,2025-12-02 10:00:02,1699-12-31 00:00:00,0,False,0,,,Period Attributes,0,,,4d754b23-65b6-4a54-8530-28a4acb24d21,
1291,97,Latest Quarter 445,,2,19,,,True,1,False,False,True,1,-1,False,False,1,37485,1,Latest_Quarter445,,,,True,,6535,2026-02-26 06:36:26,2025-12-02 10:00:02,1699-12-31 00:00:00,0,False,0,,,Period Attributes,0,,,e674105d-0112-485e-869b-72fbff5f77a0,
1292,97,greg_day_desc,,2,19,,,True,1,False,False,True,1,-1,False,False,1,37489,1,greg_day_desc,,,,True,,6536,2026-02-26 06:36:26,2025-12-02 10:00:02,1699-12-31 00:00:00,0,False,0,,,,0,,,6708288d-6b24-47c3-af48-020bd87d79cf,
101,100,RowNumber-2662979B-1795-4F74-8F37-6A1BA8059B61,,6,19,,,True,1,True,True,False,1,-1,False,False,1,9807,3,,,,,True,,102,2025-12-02 10:00:02,2025-12-02 10:00:02,1699-12-31 00:00:00,0,False,0,,,,0,,,,
1293,100,ship_from_loc_id,,2,19,,,False,1,False,False,True,1,-1,False,False,1,37493,1,ship_from_loc_id,,,,True,,6537,2026-02-26 06:36:26,2025-12-02 10:00:02,1699-12-31 00:00:00,0,False,0,,,,0,,,dfed5e80-ea39-4ee4-b11e-ec1a4e8879e4,
1294,100,src_sys_id,,2,19,,,False,1,False,False,True,1,-1,False,False,1,37497,1,src_sys_id,,,,True,,6538,2026-02-26 06:36:26,2025-12-02 10:00:02,1699-12-31 00:00:00,0,False,0,,,,0,,,5af2be8f-4760-4a86-be4a-dea65f2d4112,
1295,100,src_ship_from_loc_cd,,2,19,,,False,1,False,False,True,1,-1,False,False,1,37501,1,src_ship_from_loc_cd,,,,True,,6539,2026-02-26 06:36:26,2025-12-02 10:00:02,1699-12-31 00:00:00,0,False,0,,,,0,,,fe2d5114-aee3-4e75-932d-9575ec52e455,
1296,100,src_ship_from_loc_desc,,2,19,,,False,1,False,False,True,1,-1,False,False,1,37505,1,src_ship_from_loc_desc,,,,True,,6540,2026-02-26 06:36:26,2025-12-02 10:00:02,1699-12-31 00:00:00,0,False,0,,,,0,,,8cf78747-4da6-46b7-b7ec-fe625e6cbce6,
1297,100,src_grp_id,,2,19,,,False,1,False,False,True,1,-1,False,False,1,37509,1,src_grp_id,,,,True,,6541,2026-02-26 06:36:26,2025-12-02 10:00:02,1699-12-31 00:00:00,0,False,0,,,,0,,,23c2e2f5-406f-4551-8397-bae9bfe70d24,
1298,100,bu_ship_from_loc_cd,,2,19,,,False,1,False,False,True,1,-1,False,False,1,37513,1,bu_ship_from_loc_cd,,,,True,,6542,2026-02-26 06:36:26,2025-12-02 10:00:02,1699-12-31 00:00:00,0,False,0,,,,0,,,4caa83c0-70fa-4702-9334-8fc78acdeef3,
1299,100,bu_ship_from_loc_desc,,2,19,,,False,1,False,False,True,1,-1,False,False,1,37517,1,bu_ship_from_loc_desc,,,,True,,6543,2026-02-26 06:36:26,2025-12-02 10:00:02,1699-12-31 00:00:00,0,False,0,,,,0,,,6372d16b-be7e-4a09-ae95-c20910c9ef68,
1300,100,btlr_loc_cd,,2,19,,,False,1,False,False,True,1,-1,False,False,1,37521,1,btlr_loc_cd,,,,True,,6544,2026-02-26 06:36:26,2025-12-02 10:00:02,1699-12-31 00:00:00,0,False,0,,,,0,,,462b6f5a-e579-47d5-8f51-d0f6b321d9eb,
1301,100,btlr_loc_desc,,2,19,,,False,1,False,False,True,1,-1,False,False,1,37525,1,btlr_loc_desc,,,,True,,6545,2026-02-26 06:36:26,2025-12-02 10:00:02,1699-12-31 00:00:00,0,False,0,,,,0,,,e078ab51-faa5-445f-9019-d7b9d065c081,
1302,100,ctry_cd,,2,19,,,False,1,False,False,True,1,-1,False,False,1,37529,1,ctry_cd,,,,True,,6546,2026-02-26 06:36:26,2025-12-02 10:00:02,1699-12-31 00:00:00,0,False,0,,,,0,,,c13c9b61-ffe0-47a5-9d86-d9fd6b9292c9,
1303,100,ctry_nm,,2,19,,,False,1,False,False,True,1,-1,False,False,1,37533,1,ctry_nm,,,,True,,6547,2026-02-26 06:36:26,2025-12-02 10:00:02,1699-12-31 00:00:00,0,False,0,,,,0,,,f97602a7-a7c0-4bc3-86d7-ba4b1e44331f,
1304,100,ctry_long_nm,,2,19,,,False,1,False,False,True,1,-1,False,False,1,37537,1,ctry_long_nm,,,,True,,6548,2026-02-26 06:36:26,2025-12-02 10:00:02,1699-12-31 00:00:00,0,False,0,,,,0,,,e9c3f1b2-7cf8-459b-9f73-899f83b7d611,
1305,100,rgn_cd,,2,19,,,False,1,False,False,True,1,-1,False,False,1,37541,1,rgn_cd,,,,True,,6549,2026-02-26 06:36:26,2025-12-02 10:00:02,1699-12-31 00:00:00,0,False,0,,,,0,,,c5202227-e407-46a0-9e2a-adb9cebd4a87,
1306,100,rgn_nm,,2,19,,,False,1,False,False,True,1,-1,False,False,1,37545,1,rgn_nm,,,,True,,6550,2026-02-26 06:36:26,2025-12-02 10:00:02,1699-12-31 00:00:00,0,False,0,,,,0,,,63069445-69f0-4ed9-847f-1c3f17f73216,
1307,100,rgn_long_nm,,2,19,,,False,1,False,False,True,1,-1,False,False,1,37549,1,rgn_long_nm,,,,True,,6551,2026-02-26 06:36:26,2025-12-02 10:00:02,1699-12-31 00:00:00,0,False,0,,,,0,,,d62cae25-5eef-4086-a090-63603689c0bf,
1308,100,bu_cd,,2,19,,,False,1,False,False,True,1,-1,False,False,1,37553,1,bu_cd,,,,True,,6552,2026-02-26 06:36:26,2025-12-02 10:00:02,1699-12-31 00:00:00,0,False,0,,,,0,,,cb930c2d-32a9-40b4-8781-04de67a9e39e,
1309,100,bu_nm,,2,19,,,False,1,False,False,True,1,-1,False,False,1,37557,1,bu_nm,,,,True,,6553,2026-02-26 06:36:26,2025-12-02 10:00:02,1699-12-31 00:00:00,0,False,0,,,,0,,,171c897e-b2fa-4ef5-9fc5-38f5b7456711,
1310,100,bu_long_nm,,2,19,,,False,1,False,False,True,1,-1,False,False,1,37561,1,bu_long_nm,,,,True,,6554,2026-02-26 06:36:26,2025-12-02 10:00:02,1699-12-31 00:00:00,0,False,0,,,,0,,,b57f0514-8831-4885-97ec-ff3a08cd239a,
1311,100,sgrp_cd,,2,19,,,False,1,False,False,True,1,-1,False,False,1,37565,1,sgrp_cd,,,,True,,6555,2026-02-26 06:36:26,2025-12-02 10:00:02,1699-12-31 00:00:00,0,False,0,,,,0,,,3a44fea6-9f2a-40be-80b2-9b5c1288550f,
1312,100,sgrp_nm,,2,19,,,False,1,False,False,True,1,-1,False,False,1,37569,1,sgrp_nm,,,,True,,6556,2026-02-26 06:36:26,2025-12-02 10:00:02,1699-12-31 00:00:00,0,False,0,,,,0,,,bf60c71a-df37-4ebb-9c3d-75353a63df48,
1313,100,sgrp_long_nm,,2,19,,,False,1,False,False,True,1,-1,False,False,1,37573,1,sgrp_long_nm,,,,True,,6557,2026-02-26 06:36:26,2025-12-02 10:00:02,1699-12-31 00:00:00,0,False,0,,,,0,,,3708fefd-61df-412a-8fb2-3eeb00908115,
1314,100,grp_cd,,2,19,,,False,1,False,False,True,1,-1,False,False,1,37577,1,grp_cd,,,,True,,6558,2026-02-26 06:36:26,2025-12-02 10:00:02,1699-12-31 00:00:00,0,False,0,,,,0,,,ef98466d-d381-4ae0-a9a2-e842becddc07,
1315,100,grp_nm,,2,19,,,False,1,False,False,True,1,-1,False,False,1,37581,1,grp_nm,,,,True,,6559,2026-02-26 06:36:26,2025-12-02 10:00:02,1699-12-31 00:00:00,0,False,0,,,,0,,,e41b4dad-5c5c-416c-9e27-81440f8bdbe6,
1316,100,grp_long_nm,,2,19,,,False,1,False,False,True,1,-1,False,False,1,37585,1,grp_long_nm,,,,True,,6560,2026-02-26 06:36:26,2025-12-02 10:00:02,1699-12-31 00:00:00,0,False,0,,,,0,,,a42ac469-c70f-4af1-b2e8-a0f870bc1351,
1317,100,lcl_hier_1_l1_cd,,2,19,,,False,1,False,False,True,1,-1,False,False,1,37589,1,lcl_hier_1_l1_cd,,,,True,,6561,2026-02-26 06:36:26,2025-12-02 10:00:02,1699-12-31 00:00:00,0,False,0,,,,0,,,5189809c-5df1-4622-9dcf-711ec884e337,
1318,100,lcl_hier_1_l1_desc,,2,19,,,False,1,False,False,True,1,-1,False,False,1,37593,1,lcl_hier_1_l1_desc,,,,True,,6562,2026-02-26 06:36:26,2025-12-02 10:00:02,1699-12-31 00:00:00,0,False,0,,,,0,,,f305e08b-9791-4a3f-8162-ae759ea36383,
1319,100,lcl_hier_1_l1_sort_order,,2,19,,,False,1,False,False,True,1,-1,False,False,1,37597,1,lcl_hier_1_l1_sort_order,,,,True,,6563,2026-02-26 06:36:26,2025-12-02 10:00:02,1699-12-31 00:00:00,0,False,0,,,,0,,,01788f47-0289-4e62-ae09-76e05f42b9e5,
1320,100,lcl_hier_1_l2_cd,,2,19,,,False,1,False,False,True,1,-1,False,False,1,37601,1,lcl_hier_1_l2_cd,,,,True,,6564,2026-02-26 06:36:26,2025-12-02 10:00:02,1699-12-31 00:00:00,0,False,0,,,,0,,,e60d5dca-9344-4594-bae7-8992b486406b,
1321,100,lcl_hier_1_l2_desc,,2,19,,,False,1,False,False,True,1,-1,False,False,1,37605,1,lcl_hier_1_l2_desc,,,,True,,6565,2026-02-26 06:36:26,2025-12-02 10:00:02,1699-12-31 00:00:00,0,False,0,,,,0,,,63f56f37-71b8-4c99-9291-34f498d0f858,
1322,100,lcl_hier_1_l2_sort_order,,2,19,,,False,1,False,False,True,1,-1,False,False,1,37609,1,lcl_hier_1_l2_sort_order,,,,True,,6566,2026-02-26 06:36:26,2025-12-02 10:00:02,1699-12-31 00:00:00,0,False,0,,,,0,,,e2c396d4-4b1e-4362-b7de-4977f3aa1305,
1323,100,lcl_hier_1_l3_cd,,2,19,,,False,1,False,False,True,1,-1,False,False,1,37613,1,lcl_hier_1_l3_cd,,,,True,,6567,2026-02-26 06:36:26,2025-12-02 10:00:02,1699-12-31 00:00:00,0,False,0,,,,0,,,2d0a56b7-9d5c-4e4d-8ccb-27adc292cb2b,
1324,100,lcl_hier_1_l3_desc,,2,19,,,False,1,False,False,True,1,-1,False,False,1,37617,1,lcl_hier_1_l3_desc,,,,True,,6568,2026-02-26 06:36:26,2025-12-02 10:00:02,1699-12-31 00:00:00,0,False,0,,,,0,,,da1ffd31-543e-4fde-ab55-82addd62da10,
1325,100,lcl_hier_1_l3_sort_order,,2,19,,,False,1,False,False,True,1,-1,False,False,1,37621,1,lcl_hier_1_l3_sort_order,,,,True,,6569,2026-02-26 06:36:26,2025-12-02 10:00:02,1699-12-31 00:00:00,0,False,0,,,,0,,,92573252-769b-4c45-b9a7-0bff975e73d1,
1326,100,lcl_hier_1_l4_cd,,2,19,,,False,1,False,False,True,1,-1,False,False,1,37625,1,lcl_hier_1_l4_cd,,,,True,,6570,2026-02-26 06:36:26,2025-12-02 10:00:02,1699-12-31 00:00:00,0,False,0,,,,0,,,97ac640c-86d9-4aa9-bd5d-9e697788aaea,
1327,100,lcl_hier_1_l4_desc,,2,19,,,False,1,False,False,True,1,-1,False,False,1,37629,1,lcl_hier_1_l4_desc,,,,True,,6571,2026-02-26 06:36:26,2025-12-02 10:00:02,1699-12-31 00:00:00,0,False,0,,,,0,,,49bbc071-c01a-42a9-b709-748d4079940e,
1328,100,lcl_hier_1_l4_sort_order,,2,19,,,False,1,False,False,True,1,-1,False,False,1,37633,1,lcl_hier_1_l4_sort_order,,,,True,,6572,2026-02-26 06:36:26,2025-12-02 10:00:02,1699-12-31 00:00:00,0,False,0,,,,0,,,61e9f9d0-28c9-43c3-9288-ce1536ce17cc,
1329,100,lcl_hier_1_l5_cd,,2,19,,,False,1,False,False,True,1,-1,False,False,1,37637,1,lcl_hier_1_l5_cd,,,,True,,6573,2026-02-26 06:36:26,2025-12-02 10:00:02,1699-12-31 00:00:00,0,False,0,,,,0,,,c1de4fcf-61d7-4286-a1f9-23d74f9f7f6d,
1330,100,lcl_hier_1_l5_desc,,2,19,,,False,1,False,False,True,1,-1,False,False,1,37641,1,lcl_hier_1_l5_desc,,,,True,,6574,2026-02-26 06:36:26,2025-12-02 10:00:02,1699-12-31 00:00:00,0,False,0,,,,0,,,594e28aa-3d90-45d0-a2ea-350ee14a5a06,
1331,100,lcl_hier_1_l5_sort_order,,2,19,,,False,1,False,False,True,1,-1,False,False,1,37645,1,lcl_hier_1_l5_sort_order,,,,True,,6575,2026-02-26 06:36:26,2025-12-02 10:00:02,1699-12-31 00:00:00,0,False,0,,,,0,,,4cc81ca1-e6cf-46b2-8b64-ca5a9774d286,
1332,100,lcl_hier_1_l6_cd,,2,19,,,False,1,False,False,True,1,-1,False,False,1,37649,1,lcl_hier_1_l6_cd,,,,True,,6576,2026-02-26 06:36:26,2025-12-02 10:00:02,1699-12-31 00:00:00,0,False,0,,,,0,,,9854d8d5-0a35-4d71-b6fa-9c7926fe134b,
1333,100,lcl_hier_1_l6_desc,,2,19,,,False,1,False,False,True,1,-1,False,False,1,37653,1,lcl_hier_1_l6_desc,,,,True,,6577,2026-02-26 06:36:26,2025-12-02 10:00:02,1699-12-31 00:00:00,0,False,0,,,,0,,,ecf3b32a-239e-4668-8eee-27b72a19c5f7,
1334,100,lcl_hier_1_l6_sort_order,,2,19,,,False,1,False,False,True,1,-1,False,False,1,37657,1,lcl_hier_1_l6_sort_order,,,,True,,6578,2026-02-26 06:36:26,2025-12-02 10:00:02,1699-12-31 00:00:00,0,False,0,,,,0,,,e0c1b92d-b512-464b-9c99-683bd058028a,
1335,100,lcl_hier_1_l7_cd,,2,19,,,False,1,False,False,True,1,-1,False,False,1,37661,1,lcl_hier_1_l7_cd,,,,True,,6579,2026-02-26 06:36:26,2025-12-02 10:00:02,1699-12-31 00:00:00,0,False,0,,,,0,,,f8edffdf-37da-4b85-968c-ab029c13cbda,
1336,100,lcl_hier_1_l7_desc,,2,19,,,False,1,False,False,True,1,-1,False,False,1,37665,1,lcl_hier_1_l7_desc,,,,True,,6580,2026-02-26 06:36:26,2025-12-02 10:00:02,1699-12-31 00:00:00,0,False,0,,,,0,,,889aca2d-e806-4129-aa7b-670a409adaee,
1337,100,lcl_hier_1_l7_sort_order,,2,19,,,False,1,False,False,True,1,-1,False,False,1,37669,1,lcl_hier_1_l7_sort_order,,,,True,,6581,2026-02-26 06:36:26,2025-12-02 10:00:02,1699-12-31 00:00:00,0,False,0,,,,0,,,d50d8c6e-9b29-4cd3-ad98-9635aa1b3e7a,
1338,100,lcl_hier_1_l8_cd,,2,19,,,False,1,False,False,True,1,-1,False,False,1,37673,1,lcl_hier_1_l8_cd,,,,True,,6582,2026-02-26 06:36:26,2025-12-02 10:00:02,1699-12-31 00:00:00,0,False,0,,,,0,,,9d03bab3-09d9-472d-8a61-a29df034593b,
1339,100,lcl_hier_1_l8_desc,,2,19,,,False,1,False,False,True,1,-1,False,False,1,37677,1,lcl_hier_1_l8_desc,,,,True,,6583,2026-02-26 06:36:26,2025-12-02 10:00:02,1699-12-31 00:00:00,0,False,0,,,,0,,,3078f33a-9b0e-4751-b3cd-6b498e07d932,
1340,100,lcl_hier_1_l8_sort_order,,2,19,,,False,1,False,False,True,1,-1,False,False,1,37681,1,lcl_hier_1_l8_sort_order,,,,True,,6584,2026-02-26 06:36:26,2025-12-02 10:00:02,1699-12-31 00:00:00,0,False,0,,,,0,,,53692599-8dcf-42f1-be38-07a134f7d372,
1341,100,lcl_hier_1_l9_cd,,2,19,,,False,1,False,False,True,1,-1,False,False,1,37685,1,lcl_hier_1_l9_cd,,,,True,,6585,2026-02-26 06:36:26,2025-12-02 10:00:02,1699-12-31 00:00:00,0,False,0,,,,0,,,6612e7fd-daf1-422b-a716-a6e486fe28ab,
1342,100,lcl_hier_1_l9_desc,,2,19,,,False,1,False,False,True,1,-1,False,False,1,37689,1,lcl_hier_1_l9_desc,,,,True,,6586,2026-02-26 06:36:26,2025-12-02 10:00:02,1699-12-31 00:00:00,0,False,0,,,,0,,,858d04a6-e52b-45f0-81ff-28adf16df9ee,
1343,100,lcl_hier_1_l9_sort_order,,2,19,,,False,1,False,False,True,1,-1,False,False,1,37693,1,lcl_hier_1_l9_sort_order,,,,True,,6587,2026-02-26 06:36:26,2025-12-02 10:00:02,1699-12-31 00:00:00,0,False,0,,,,0,,,be60bf79-73ea-4e4b-97d6-0d6d593f2981,
1344,100,lcl_hier_1_l10_cd,,2,19,,,False,1,False,False,True,1,-1,False,False,1,37697,1,lcl_hier_1_l10_cd,,,,True,,6588,2026-02-26 06:36:26,2025-12-02 10:00:02,1699-12-31 00:00:00,0,False,0,,,,0,,,093c9014-a51e-47cf-a5d0-012107e2feef,
1345,100,lcl_hier_1_l10_desc,,2,19,,,False,1,False,False,True,1,-1,False,False,1,37701,1,lcl_hier_1_l10_desc,,,,True,,6589,2026-02-26 06:36:26,2025-12-02 10:00:02,1699-12-31 00:00:00,0,False,0,,,,0,,,833535c0-ecba-4c99-b9b3-ee8789eaed77,
1346,100,lcl_hier_1_l10_sort_order,,2,19,,,False,1,False,False,True,1,-1,False,False,1,37705,1,lcl_hier_1_l10_sort_order,,,,True,,6590,2026-02-26 06:36:26,2025-12-02 10:00:02,1699-12-31 00:00:00,0,False,0,,,,0,,,0d395f69-4b2c-41d2-857b-67d074fc6263,
1347,100,lcl_hier_1_l11_cd,,2,19,,,False,1,False,False,True,1,-1,False,False,1,37709,1,lcl_hier_1_l11_cd,,,,True,,6591,2026-02-26 06:36:26,2025-12-02 10:00:02,1699-12-31 00:00:00,0,False,0,,,,0,,,ff9fe117-9d90-47f1-911e-fde9a1e3e59b,
1348,100,lcl_hier_1_l11_desc,,2,19,,,False,1,False,False,True,1,-1,False,False,1,37713,1,lcl_hier_1_l11_desc,,,,True,,6592,2026-02-26 06:36:26,2025-12-02 10:00:02,1699-12-31 00:00:00,0,False,0,,,,0,,,599bc164-9ba1-476a-acb9-895e569b92a2,
1349,100,lcl_hier_1_l11_sort_order,,2,19,,,False,1,False,False,True,1,-1,False,False,1,37717,1,lcl_hier_1_l11_sort_order,,,,True,,6593,2026-02-26 06:36:26,2025-12-02 10:00:02,1699-12-31 00:00:00,0,False,0,,,,0,,,8caf5384-ffd6-4d62-ac52-6415464db2d2,
1350,100,lcl_hier_1_l12_cd,,2,19,,,False,1,False,False,True,1,-1,False,False,1,37721,1,lcl_hier_1_l12_cd,,,,True,,6594,2026-02-26 06:36:26,2025-12-02 10:00:02,1699-12-31 00:00:00,0,False,0,,,,0,,,97716b1b-1895-488d-9016-fbc301c92252,
1351,100,lcl_hier_1_l12_desc,,2,19,,,False,1,False,False,True,1,-1,False,False,1,37725,1,lcl_hier_1_l12_desc,,,,True,,6595,2026-02-26 06:36:26,2025-12-02 10:00:02,1699-12-31 00:00:00,0,False,0,,,,0,,,69a59f51-1e6e-4ee3-9d8a-ff707217518a,
1352,100,lcl_hier_1_l12_sort_order,,2,19,,,False,1,False,False,True,1,-1,False,False,1,37729,1,lcl_hier_1_l12_sort_order,,,,True,,6596,2026-02-26 06:36:26,2025-12-02 10:00:02,1699-12-31 00:00:00,0,False,0,,,,0,,,311c57ec-fcdb-4160-932b-51f47280814f,
1353,100,lcl_hier_1_l13_cd,,2,19,,,False,1,False,False,True,1,-1,False,False,1,37733,1,lcl_hier_1_l13_cd,,,,True,,6597,2026-02-26 06:36:26,2025-12-02 10:00:02,1699-12-31 00:00:00,0,False,0,,,,0,,,944f0b72-357a-42e3-ae2c-90f27e6dc374,
1354,100,lcl_hier_1_l13_desc,,2,19,,,False,1,False,False,True,1,-1,False,False,1,37737,1,lcl_hier_1_l13_desc,,,,True,,6598,2026-02-26 06:36:26,2025-12-02 10:00:02,1699-12-31 00:00:00,0,False,0,,,,0,,,aec2758d-4e10-45c5-b8f7-35b44ca7c3d3,
1355,100,lcl_hier_1_l13_sort_order,,2,19,,,False,1,False,False,True,1,-1,False,False,1,37741,1,lcl_hier_1_l13_sort_order,,,,True,,6599,2026-02-26 06:36:26,2025-12-02 10:00:02,1699-12-31 00:00:00,0,False,0,,,,0,,,8cb64996-8974-4d42-bfb8-9b3d2a697fd2,
1356,100,lcl_hier_1_l14_cd,,2,19,,,False,1,False,False,True,1,-1,False,False,1,37745,1,lcl_hier_1_l14_cd,,,,True,,6600,2026-02-26 06:36:26,2025-12-02 10:00:02,1699-12-31 00:00:00,0,False,0,,,,0,,,0c52f9f8-84e8-4366-b44b-f5b5502bf6d1,
1357,100,lcl_hier_1_l14_desc,,2,19,,,False,1,False,False,True,1,-1,False,False,1,37749,1,lcl_hier_1_l14_desc,,,,True,,6601,2026-02-26 06:36:26,2025-12-02 10:00:02,1699-12-31 00:00:00,0,False,0,,,,0,,,0dd88168-4ff3-4409-9e28-46684b882db1,
1358,100,lcl_hier_1_l14_sort_order,,2,19,,,False,1,False,False,True,1,-1,False,False,1,37753,1,lcl_hier_1_l14_sort_order,,,,True,,6602,2026-02-26 06:36:26,2025-12-02 10:00:02,1699-12-31 00:00:00,0,False,0,,,,0,,,94a11738-b4d4-44d0-85dc-436496266666,
1359,100,lcl_hier_1_l15_cd,,2,19,,,False,1,False,False,True,1,-1,False,False,1,37757,1,lcl_hier_1_l15_cd,,,,True,,6603,2026-02-26 06:36:26,2025-12-02 10:00:02,1699-12-31 00:00:00,0,False,0,,,,0,,,fe9b0818-0a75-469f-befe-6bc2a2bbbaf9,
1360,100,lcl_hier_1_l15_desc,,2,19,,,False,1,False,False,True,1,-1,False,False,1,37761,1,lcl_hier_1_l15_desc,,,,True,,6604,2026-02-26 06:36:26,2025-12-02 10:00:02,1699-12-31 00:00:00,0,False,0,,,,0,,,abda3988-0770-48b5-9178-cc9036f2b469,
1361,100,lcl_hier_1_l15_sort_order,,2,19,,,False,1,False,False,True,1,-1,False,False,1,37765,1,lcl_hier_1_l15_sort_order,,,,True,,6605,2026-02-26 06:36:26,2025-12-02 10:00:02,1699-12-31 00:00:00,0,False,0,,,,0,,,16876a7c-2e44-49ac-afeb-0534aa28a44a,
1362,100,lcl_hier_2_l1_cd,,2,19,,,False,1,False,False,True,1,-1,False,False,1,37769,1,lcl_hier_2_l1_cd,,,,True,,6606,2026-02-26 06:36:26,2025-12-02 10:00:02,1699-12-31 00:00:00,0,False,0,,,,0,,,3b77d316-35e4-4568-af95-342d80f5a9af,
1363,100,lcl_hier_2_l1_desc,,2,19,,,False,1,False,False,True,1,-1,False,False,1,37773,1,lcl_hier_2_l1_desc,,,,True,,6607,2026-02-26 06:36:26,2025-12-02 10:00:02,1699-12-31 00:00:00,0,False,0,,,,0,,,c0ef61a2-180a-47e3-a046-caefbbb5497b,
1364,100,lcl_hier_2_l1_sort_order,,2,19,,,False,1,False,False,True,1,-1,False,False,1,37777,1,lcl_hier_2_l1_sort_order,,,,True,,6608,2026-02-26 06:36:26,2025-12-02 10:00:02,1699-12-31 00:00:00,0,False,0,,,,0,,,4c9fa14d-8631-48bb-8b4a-1b94362ff012,
1365,100,lcl_hier_2_l2_cd,,2,19,,,False,1,False,False,True,1,-1,False,False,1,37781,1,lcl_hier_2_l2_cd,,,,True,,6609,2026-02-26 06:36:26,2025-12-02 10:00:02,1699-12-31 00:00:00,0,False,0,,,,0,,,3d06be34-12ae-42c4-aea5-1e52466964ec,
1366,100,lcl_hier_2_l2_desc,,2,19,,,False,1,False,False,True,1,-1,False,False,1,37785,1,lcl_hier_2_l2_desc,,,,True,,6610,2026-02-26 06:36:26,2025-12-02 10:00:02,1699-12-31 00:00:00,0,False,0,,,,0,,,2f58bec4-c773-4915-bb93-b81551c89d9a,
1367,100,lcl_hier_2_l2_sort_order,,2,19,,,False,1,False,False,True,1,-1,False,False,1,37789,1,lcl_hier_2_l2_sort_order,,,,True,,6611,2026-02-26 06:36:26,2025-12-02 10:00:02,1699-12-31 00:00:00,0,False,0,,,,0,,,eb61fded-32e7-4e3e-92b0-ad88b031a039,
1368,100,lcl_hier_2_l3_cd,,2,19,,,False,1,False,False,True,1,-1,False,False,1,37793,1,lcl_hier_2_l3_cd,,,,True,,6612,2026-02-26 06:36:26,2025-12-02 10:00:02,1699-12-31 00:00:00,0,False,0,,,,0,,,26656139-5c9c-4b94-a19f-5b0991eeb4ba,
1369,100,lcl_hier_2_l3_desc,,2,19,,,False,1,False,False,True,1,-1,False,False,1,37797,1,lcl_hier_2_l3_desc,,,,True,,6613,2026-02-26 06:36:26,2025-12-02 10:00:02,1699-12-31 00:00:00,0,False,0,,,,0,,,62ec14ab-39a8-4686-aa9a-e98b4aa8c7ca,
1370,100,lcl_hier_2_l3_sort_order,,2,19,,,False,1,False,False,True,1,-1,False,False,1,37801,1,lcl_hier_2_l3_sort_order,,,,True,,6614,2026-02-26 06:36:26,2025-12-02 10:00:02,1699-12-31 00:00:00,0,False,0,,,,0,,,ac583efe-a3be-462a-b4c6-a895216b78ba,
1371,100,lcl_hier_2_l4_cd,,2,19,,,False,1,False,False,True,1,-1,False,False,1,37805,1,lcl_hier_2_l4_cd,,,,True,,6615,2026-02-26 06:36:26,2025-12-02 10:00:02,1699-12-31 00:00:00,0,False,0,,,,0,,,80fd2a78-c202-4f35-80f3-457f406c7570,
1372,100,lcl_hier_2_l4_desc,,2,19,,,False,1,False,False,True,1,-1,False,False,1,37809,1,lcl_hier_2_l4_desc,,,,True,,6616,2026-02-26 06:36:26,2025-12-02 10:00:02,1699-12-31 00:00:00,0,False,0,,,,0,,,e2ffdf05-c45a-4412-bd81-a964d1cb7065,
1373,100,lcl_hier_2_l4_sort_order,,2,19,,,False,1,False,False,True,1,-1,False,False,1,37813,1,lcl_hier_2_l4_sort_order,,,,True,,6617,2026-02-26 06:36:26,2025-12-02 10:00:02,1699-12-31 00:00:00,0,False,0,,,,0,,,8947e572-2e23-4f67-9d27-d82767462648,
1374,100,lcl_hier_2_l5_cd,,2,19,,,False,1,False,False,True,1,-1,False,False,1,37817,1,lcl_hier_2_l5_cd,,,,True,,6618,2026-02-26 06:36:26,2025-12-02 10:00:02,1699-12-31 00:00:00,0,False,0,,,,0,,,a85490f7-c386-4d7b-a628-e5620b70f1ed,
1375,100,lcl_hier_2_l5_desc,,2,19,,,False,1,False,False,True,1,-1,False,False,1,37821,1,lcl_hier_2_l5_desc,,,,True,,6619,2026-02-26 06:36:26,2025-12-02 10:00:02,1699-12-31 00:00:00,0,False,0,,,,0,,,06a376d3-1a1f-4391-b07f-a49a50e0c2b9,
1376,100,lcl_hier_2_l5_sort_order,,2,19,,,False,1,False,False,True,1,-1,False,False,1,37825,1,lcl_hier_2_l5_sort_order,,,,True,,6620,2026-02-26 06:36:26,2025-12-02 10:00:02,1699-12-31 00:00:00,0,False,0,,,,0,,,052b7eb2-8d5a-40e1-83ab-8dab366d829f,
1377,100,lcl_hier_2_l6_cd,,2,19,,,False,1,False,False,True,1,-1,False,False,1,37829,1,lcl_hier_2_l6_cd,,,,True,,6621,2026-02-26 06:36:26,2025-12-02 10:00:02,1699-12-31 00:00:00,0,False,0,,,,0,,,0f8c27c2-9281-4fb5-b969-e0737d8d8a9e,
1378,100,lcl_hier_2_l6_desc,,2,19,,,False,1,False,False,True,1,-1,False,False,1,37833,1,lcl_hier_2_l6_desc,,,,True,,6622,2026-02-26 06:36:26,2025-12-02 10:00:02,1699-12-31 00:00:00,0,False,0,,,,0,,,1bd0f991-a06a-4aea-b636-cc92465181c8,
1379,100,lcl_hier_2_l6_sort_order,,2,19,,,False,1,False,False,True,1,-1,False,False,1,37837,1,lcl_hier_2_l6_sort_order,,,,True,,6623,2026-02-26 06:36:26,2025-12-02 10:00:02,1699-12-31 00:00:00,0,False,0,,,,0,,,6d649210-2497-403a-b536-379953ed6d62,
1380,100,lcl_hier_2_l7_cd,,2,19,,,False,1,False,False,True,1,-1,False,False,1,37841,1,lcl_hier_2_l7_cd,,,,True,,6624,2026-02-26 06:36:26,2025-12-02 10:00:02,1699-12-31 00:00:00,0,False,0,,,,0,,,4a68af88-2db3-4cde-92bd-4fffc7f58990,
1381,100,lcl_hier_2_l7_desc,,2,19,,,False,1,False,False,True,1,-1,False,False,1,37845,1,lcl_hier_2_l7_desc,,,,True,,6625,2026-02-26 06:36:26,2025-12-02 10:00:02,1699-12-31 00:00:00,0,False,0,,,,0,,,bb276dba-8e1a-442e-9716-1cbdd5802c0e,
1382,100,lcl_hier_2_l7_sort_order,,2,19,,,False,1,False,False,True,1,-1,False,False,1,37849,1,lcl_hier_2_l7_sort_order,,,,True,,6626,2026-02-26 06:36:26,2025-12-02 10:00:02,1699-12-31 00:00:00,0,False,0,,,,0,,,201a71ef-5b20-4a13-a85c-d8bda2a7de08,
1383,100,lcl_hier_2_l8_cd,,2,19,,,False,1,False,False,True,1,-1,False,False,1,37853,1,lcl_hier_2_l8_cd,,,,True,,6627,2026-02-26 06:36:26,2025-12-02 10:00:02,1699-12-31 00:00:00,0,False,0,,,,0,,,619db0cd-d449-41c8-be78-6e762aed7ce6,
1384,100,lcl_hier_2_l8_desc,,2,19,,,False,1,False,False,True,1,-1,False,False,1,37857,1,lcl_hier_2_l8_desc,,,,True,,6628,2026-02-26 06:36:26,2025-12-02 10:00:02,1699-12-31 00:00:00,0,False,0,,,,0,,,35aa1d2d-0ec9-4593-8b27-95c08adbd735,
1385,100,lcl_hier_2_l8_sort_order,,2,19,,,False,1,False,False,True,1,-1,False,False,1,37861,1,lcl_hier_2_l8_sort_order,,,,True,,6629,2026-02-26 06:36:26,2025-12-02 10:00:02,1699-12-31 00:00:00,0,False,0,,,,0,,,52ffc37f-2605-4702-a30d-ad882a082a1c,
1386,100,lcl_hier_2_l9_cd,,2,19,,,False,1,False,False,True,1,-1,False,False,1,37865,1,lcl_hier_2_l9_cd,,,,True,,6630,2026-02-26 06:36:26,2025-12-02 10:00:02,1699-12-31 00:00:00,0,False,0,,,,0,,,d36bf8a7-fcfc-4410-8024-98aad1e9ee3b,
1387,100,lcl_hier_2_l9_desc,,2,19,,,False,1,False,False,True,1,-1,False,False,1,37869,1,lcl_hier_2_l9_desc,,,,True,,6631,2026-02-26 06:36:26,2025-12-02 10:00:02,1699-12-31 00:00:00,0,False,0,,,,0,,,e1acb618-0534-43a2-abd5-91592b216bc4,
1388,100,lcl_hier_2_l9_sort_order,,2,19,,,False,1,False,False,True,1,-1,False,False,1,37873,1,lcl_hier_2_l9_sort_order,,,,True,,6632,2026-02-26 06:36:26,2025-12-02 10:00:02,1699-12-31 00:00:00,0,False,0,,,,0,,,d25d9689-c306-4ce9-9bd8-3f2f158846b1,
1389,100,lcl_hier_2_l10_cd,,2,19,,,False,1,False,False,True,1,-1,False,False,1,37877,1,lcl_hier_2_l10_cd,,,,True,,6633,2026-02-26 06:36:26,2025-12-02 10:00:02,1699-12-31 00:00:00,0,False,0,,,,0,,,ab282c0a-f27e-4b17-a28b-f27281da8914,
1390,100,lcl_hier_2_l10_desc,,2,19,,,False,1,False,False,True,1,-1,False,False,1,37881,1,lcl_hier_2_l10_desc,,,,True,,6634,2026-02-26 06:36:26,2025-12-02 10:00:02,1699-12-31 00:00:00,0,False,0,,,,0,,,4b607a47-a8dc-4f73-8cd4-569abca3ae0b,
1391,100,lcl_hier_2_l10_sort_order,,2,19,,,False,1,False,False,True,1,-1,False,False,1,37885,1,lcl_hier_2_l10_sort_order,,,,True,,6635,2026-02-26 06:36:26,2025-12-02 10:00:02,1699-12-31 00:00:00,0,False,0,,,,0,,,8040e104-7332-4b16-b8e0-b229ce819ee3,
1392,100,lcl_hier_2_l11_cd,,2,19,,,False,1,False,False,True,1,-1,False,False,1,37889,1,lcl_hier_2_l11_cd,,,,True,,6636,2026-02-26 06:36:26,2025-12-02 10:00:02,1699-12-31 00:00:00,0,False,0,,,,0,,,2210b728-d926-4910-87a4-861f2b253fb3,
1393,100,lcl_hier_2_l11_desc,,2,19,,,False,1,False,False,True,1,-1,False,False,1,37893,1,lcl_hier_2_l11_desc,,,,True,,6637,2026-02-26 06:36:26,2025-12-02 10:00:02,1699-12-31 00:00:00,0,False,0,,,,0,,,e1695d74-4d5d-4556-887a-e57daf3da066,
1394,100,lcl_hier_2_l11_sort_order,,2,19,,,False,1,False,False,True,1,-1,False,False,1,37897,1,lcl_hier_2_l11_sort_order,,,,True,,6638,2026-02-26 06:36:26,2025-12-02 10:00:02,1699-12-31 00:00:00,0,False,0,,,,0,,,6c42cfe1-f330-4718-aba7-c20eaf7e467b,
1395,100,lcl_hier_2_l12_cd,,2,19,,,False,1,False,False,True,1,-1,False,False,1,37901,1,lcl_hier_2_l12_cd,,,,True,,6639,2026-02-26 06:36:26,2025-12-02 10:00:02,1699-12-31 00:00:00,0,False,0,,,,0,,,03e5c832-fa89-45dc-b9be-43118ff54a11,
1396,100,lcl_hier_2_l12_desc,,2,19,,,False,1,False,False,True,1,-1,False,False,1,37905,1,lcl_hier_2_l12_desc,,,,True,,6640,2026-02-26 06:36:26,2025-12-02 10:00:02,1699-12-31 00:00:00,0,False,0,,,,0,,,78d86cf7-ce2d-45b0-9360-4b08daa6d56c,
1397,100,lcl_hier_2_l12_sort_order,,2,19,,,False,1,False,False,True,1,-1,False,False,1,37909,1,lcl_hier_2_l12_sort_order,,,,True,,6641,2026-02-26 06:36:26,2025-12-02 10:00:02,1699-12-31 00:00:00,0,False,0,,,,0,,,1d7b6ccf-83a3-4ad6-a490-759ca7753753,
1398,100,lcl_hier_2_l13_cd,,2,19,,,False,1,False,False,True,1,-1,False,False,1,37913,1,lcl_hier_2_l13_cd,,,,True,,6642,2026-02-26 06:36:26,2025-12-02 10:00:02,1699-12-31 00:00:00,0,False,0,,,,0,,,917cc50d-e5f0-46f6-9301-a527de752090,
1399,100,lcl_hier_2_l13_desc,,2,19,,,False,1,False,False,True,1,-1,False,False,1,37917,1,lcl_hier_2_l13_desc,,,,True,,6643,2026-02-26 06:36:26,2025-12-02 10:00:02,1699-12-31 00:00:00,0,False,0,,,,0,,,ba4994b3-371c-4eed-ae43-c7d75d7fa43b,
1400,100,lcl_hier_2_l13_sort_order,,2,19,,,False,1,False,False,True,1,-1,False,False,1,37921,1,lcl_hier_2_l13_sort_order,,,,True,,6644,2026-02-26 06:36:26,2025-12-02 10:00:02,1699-12-31 00:00:00,0,False,0,,,,0,,,72b4c8cf-e283-4f2b-978b-7733101df4b5,
1401,100,lcl_hier_2_l14_cd,,2,19,,,False,1,False,False,True,1,-1,False,False,1,37925,1,lcl_hier_2_l14_cd,,,,True,,6645,2026-02-26 06:36:26,2025-12-02 10:00:02,1699-12-31 00:00:00,0,False,0,,,,0,,,365791a6-8d99-4eb1-827b-0768fa14f681,
1402,100,lcl_hier_2_l14_desc,,2,19,,,False,1,False,False,True,1,-1,False,False,1,37929,1,lcl_hier_2_l14_desc,,,,True,,6646,2026-02-26 06:36:26,2025-12-02 10:00:02,1699-12-31 00:00:00,0,False,0,,,,0,,,2dfa0479-34b1-4d1b-9db9-a26f0a61998f,
1403,100,lcl_hier_2_l14_sort_order,,2,19,,,False,1,False,False,True,1,-1,False,False,1,37933,1,lcl_hier_2_l14_sort_order,,,,True,,6647,2026-02-26 06:36:26,2025-12-02 10:00:02,1699-12-31 00:00:00,0,False,0,,,,0,,,ce5c0215-373d-4ea9-aae4-fac4eb7ba120,
1404,100,lcl_hier_2_l15_cd,,2,19,,,False,1,False,False,True,1,-1,False,False,1,37937,1,lcl_hier_2_l15_cd,,,,True,,6648,2026-02-26 06:36:26,2025-12-02 10:00:02,1699-12-31 00:00:00,0,False,0,,,,0,,,7555e5de-6b14-4868-a117-f420b6aa6830,
1405,100,lcl_hier_2_l15_desc,,2,19,,,False,1,False,False,True,1,-1,False,False,1,37941,1,lcl_hier_2_l15_desc,,,,True,,6649,2026-02-26 06:36:26,2025-12-02 10:00:02,1699-12-31 00:00:00,0,False,0,,,,0,,,ee5d923e-b2bd-465f-9c1c-61ea1a42230c,
1406,100,lcl_hier_2_l15_sort_order,,2,19,,,False,1,False,False,True,1,-1,False,False,1,37945,1,lcl_hier_2_l15_sort_order,,,,True,,6650,2026-02-26 06:36:26,2025-12-02 10:00:02,1699-12-31 00:00:00,0,False,0,,,,0,,,b34c9ad9-f5c6-4901-919d-367524177bcb,
1407,100,lcl_hier_3_l1_cd,,2,19,,,False,1,False,False,True,1,-1,False,False,1,37949,1,lcl_hier_3_l1_cd,,,,True,,6651,2026-02-26 06:36:26,2025-12-02 10:00:02,1699-12-31 00:00:00,0,False,0,,,,0,,,04f34447-d966-4653-90dc-af6eb5d209fb,
1408,100,lcl_hier_3_l1_desc,,2,19,,,False,1,False,False,True,1,-1,False,False,1,37953,1,lcl_hier_3_l1_desc,,,,True,,6652,2026-02-26 06:36:26,2025-12-02 10:00:02,1699-12-31 00:00:00,0,False,0,,,,0,,,5707ca80-0141-43c4-bd70-5e207f744ad2,
1409,100,lcl_hier_3_l1_sort_order,,2,19,,,False,1,False,False,True,1,-1,False,False,1,37957,1,lcl_hier_3_l1_sort_order,,,,True,,6653,2026-02-26 06:36:26,2025-12-02 10:00:02,1699-12-31 00:00:00,0,False,0,,,,0,,,8e37f05c-16ef-4e87-987b-30fc366b3ea9,
1410,100,lcl_hier_3_l2_cd,,2,19,,,False,1,False,False,True,1,-1,False,False,1,37961,1,lcl_hier_3_l2_cd,,,,True,,6654,2026-02-26 06:36:26,2025-12-02 10:00:02,1699-12-31 00:00:00,0,False,0,,,,0,,,04212ced-58f9-406b-b929-528cf6a312a2,
1411,100,lcl_hier_3_l2_desc,,2,19,,,False,1,False,False,True,1,-1,False,False,1,37965,1,lcl_hier_3_l2_desc,,,,True,,6655,2026-02-26 06:36:26,2025-12-02 10:00:02,1699-12-31 00:00:00,0,False,0,,,,0,,,6bbc30b8-d525-4282-9bde-f0b4254d0d85,
1412,100,lcl_hier_3_l2_sort_order,,2,19,,,False,1,False,False,True,1,-1,False,False,1,37969,1,lcl_hier_3_l2_sort_order,,,,True,,6656,2026-02-26 06:36:26,2025-12-02 10:00:02,1699-12-31 00:00:00,0,False,0,,,,0,,,eff42fe2-b840-4f18-be1c-11f380ebf200,
1413,100,lcl_hier_3_l3_cd,,2,19,,,False,1,False,False,True,1,-1,False,False,1,37973,1,lcl_hier_3_l3_cd,,,,True,,6657,2026-02-26 06:36:26,2025-12-02 10:00:02,1699-12-31 00:00:00,0,False,0,,,,0,,,e86f7fbf-9359-4f06-b8be-bb8aee1719a7,
1414,100,lcl_hier_3_l3_desc,,2,19,,,False,1,False,False,True,1,-1,False,False,1,37977,1,lcl_hier_3_l3_desc,,,,True,,6658,2026-02-26 06:36:26,2025-12-02 10:00:02,1699-12-31 00:00:00,0,False,0,,,,0,,,17184a1a-770a-408c-b1bd-3946752633f6,
1415,100,lcl_hier_3_l3_sort_order,,2,19,,,False,1,False,False,True,1,-1,False,False,1,37981,1,lcl_hier_3_l3_sort_order,,,,True,,6659,2026-02-26 06:36:26,2025-12-02 10:00:02,1699-12-31 00:00:00,0,False,0,,,,0,,,96a6f18b-0147-4a95-95ed-4d4f94f293e8,
1416,100,lcl_hier_3_l4_cd,,2,19,,,False,1,False,False,True,1,-1,False,False,1,37985,1,lcl_hier_3_l4_cd,,,,True,,6660,2026-02-26 06:36:26,2025-12-02 10:00:02,1699-12-31 00:00:00,0,False,0,,,,0,,,4a3ab693-7c53-4b14-b92b-cf9aa3cf51a0,
1417,100,lcl_hier_3_l4_desc,,2,19,,,False,1,False,False,True,1,-1,False,False,1,37989,1,lcl_hier_3_l4_desc,,,,True,,6661,2026-02-26 06:36:26,2025-12-02 10:00:02,1699-12-31 00:00:00,0,False,0,,,,0,,,c848fa93-448c-485f-a8d2-573ed18695c1,
1418,100,lcl_hier_3_l4_sort_order,,2,19,,,False,1,False,False,True,1,-1,False,False,1,37993,1,lcl_hier_3_l4_sort_order,,,,True,,6662,2026-02-26 06:36:26,2025-12-02 10:00:02,1699-12-31 00:00:00,0,False,0,,,,0,,,68fd7b81-a93a-47dd-9b97-9f8a68dd24eb,
1419,100,lcl_hier_3_l5_cd,,2,19,,,False,1,False,False,True,1,-1,False,False,1,37997,1,lcl_hier_3_l5_cd,,,,True,,6663,2026-02-26 06:36:26,2025-12-02 10:00:02,1699-12-31 00:00:00,0,False,0,,,,0,,,1145b1e3-99ff-4ebc-84fd-d0914d01cb0d,
1420,100,lcl_hier_3_l5_desc,,2,19,,,False,1,False,False,True,1,-1,False,False,1,38001,1,lcl_hier_3_l5_desc,,,,True,,6664,2026-02-26 06:36:26,2025-12-02 10:00:02,1699-12-31 00:00:00,0,False,0,,,,0,,,3070903f-0905-4426-83bf-753ab2c65ea2,
1421,100,lcl_hier_3_l5_sort_order,,2,19,,,False,1,False,False,True,1,-1,False,False,1,38005,1,lcl_hier_3_l5_sort_order,,,,True,,6665,2026-02-26 06:36:26,2025-12-02 10:00:02,1699-12-31 00:00:00,0,False,0,,,,0,,,79cc2e7c-a52f-427e-9247-292a3d9edcba,
1422,100,lcl_hier_3_l6_cd,,2,19,,,False,1,False,False,True,1,-1,False,False,1,38009,1,lcl_hier_3_l6_cd,,,,True,,6666,2026-02-26 06:36:26,2025-12-02 10:00:02,1699-12-31 00:00:00,0,False,0,,,,0,,,6b188e29-85af-4379-89be-d95a7eb4a7f3,
1423,100,lcl_hier_3_l6_desc,,2,19,,,False,1,False,False,True,1,-1,False,False,1,38013,1,lcl_hier_3_l6_desc,,,,True,,6667,2026-02-26 06:36:26,2025-12-02 10:00:02,1699-12-31 00:00:00,0,False,0,,,,0,,,4c56f851-6042-470f-9368-fc8874ceef23,
1424,100,lcl_hier_3_l6_sort_order,,2,19,,,False,1,False,False,True,1,-1,False,False,1,38017,1,lcl_hier_3_l6_sort_order,,,,True,,6668,2026-02-26 06:36:26,2025-12-02 10:00:02,1699-12-31 00:00:00,0,False,0,,,,0,,,ab8ffc5b-a4b7-49f5-b727-bc76de33e0b0,
1425,100,lcl_hier_3_l7_cd,,2,19,,,False,1,False,False,True,1,-1,False,False,1,38021,1,lcl_hier_3_l7_cd,,,,True,,6669,2026-02-26 06:36:26,2025-12-02 10:00:02,1699-12-31 00:00:00,0,False,0,,,,0,,,74755875-e8cc-4a02-a1d9-d6675fd467c3,
1426,100,lcl_hier_3_l7_desc,,2,19,,,False,1,False,False,True,1,-1,False,False,1,38025,1,lcl_hier_3_l7_desc,,,,True,,6670,2026-02-26 06:36:26,2025-12-02 10:00:02,1699-12-31 00:00:00,0,False,0,,,,0,,,5d909182-8871-4ba2-94bc-a993227a4908,
1427,100,lcl_hier_3_l7_sort_order,,2,19,,,False,1,False,False,True,1,-1,False,False,1,38029,1,lcl_hier_3_l7_sort_order,,,,True,,6671,2026-02-26 06:36:26,2025-12-02 10:00:02,1699-12-31 00:00:00,0,False,0,,,,0,,,dd6b0b0f-3e87-4df5-9667-8ddf143a262a,
1428,100,lcl_hier_3_l8_cd,,2,19,,,False,1,False,False,True,1,-1,False,False,1,38033,1,lcl_hier_3_l8_cd,,,,True,,6672,2026-02-26 06:36:26,2025-12-02 10:00:02,1699-12-31 00:00:00,0,False,0,,,,0,,,0f2d41a1-1b29-4e16-b193-5fc585107a8b,
1429,100,lcl_hier_3_l8_desc,,2,19,,,False,1,False,False,True,1,-1,False,False,1,38037,1,lcl_hier_3_l8_desc,,,,True,,6673,2026-02-26 06:36:26,2025-12-02 10:00:02,1699-12-31 00:00:00,0,False,0,,,,0,,,c8fb1581-d0e2-4010-bec2-e812128e6efb,
1430,100,lcl_hier_3_l8_sort_order,,2,19,,,False,1,False,False,True,1,-1,False,False,1,38041,1,lcl_hier_3_l8_sort_order,,,,True,,6674,2026-02-26 06:36:26,2025-12-02 10:00:02,1699-12-31 00:00:00,0,False,0,,,,0,,,18930a96-e8a4-46bb-b979-b6ed2e8cb27e,
1431,100,lcl_hier_3_l9_cd,,2,19,,,False,1,False,False,True,1,-1,False,False,1,38045,1,lcl_hier_3_l9_cd,,,,True,,6675,2026-02-26 06:36:26,2025-12-02 10:00:02,1699-12-31 00:00:00,0,False,0,,,,0,,,99a6f302-ee19-4bd5-9242-6ffb60260cf7,
1432,100,lcl_hier_3_l9_desc,,2,19,,,False,1,False,False,True,1,-1,False,False,1,38049,1,lcl_hier_3_l9_desc,,,,True,,6676,2026-02-26 06:36:26,2025-12-02 10:00:02,1699-12-31 00:00:00,0,False,0,,,,0,,,41f275f6-378d-469f-8f69-feedc8a5e557,
1433,100,lcl_hier_3_l9_sort_order,,2,19,,,False,1,False,False,True,1,-1,False,False,1,38053,1,lcl_hier_3_l9_sort_order,,,,True,,6677,2026-02-26 06:36:26,2025-12-02 10:00:02,1699-12-31 00:00:00,0,False,0,,,,0,,,6cc1862b-453c-46fa-8c0e-d4b7a8cd70f8,
1434,100,lcl_hier_3_l10_cd,,2,19,,,False,1,False,False,True,1,-1,False,False,1,38057,1,lcl_hier_3_l10_cd,,,,True,,6678,2026-02-26 06:36:26,2025-12-02 10:00:02,1699-12-31 00:00:00,0,False,0,,,,0,,,d72d31c3-bf50-45ab-b7e7-e31da50d23dc,
1435,100,lcl_hier_3_l10_desc,,2,19,,,False,1,False,False,True,1,-1,False,False,1,38061,1,lcl_hier_3_l10_desc,,,,True,,6679,2026-02-26 06:36:26,2025-12-02 10:00:02,1699-12-31 00:00:00,0,False,0,,,,0,,,5c4985eb-18d3-40d1-9742-9fff5294abce,
1436,100,lcl_hier_3_l10_sort_order,,2,19,,,False,1,False,False,True,1,-1,False,False,1,38065,1,lcl_hier_3_l10_sort_order,,,,True,,6680,2026-02-26 06:36:26,2025-12-02 10:00:02,1699-12-31 00:00:00,0,False,0,,,,0,,,f3e009f2-1c29-40a7-9ef8-7d010148673c,
1437,100,lcl_hier_3_l11_cd,,2,19,,,False,1,False,False,True,1,-1,False,False,1,38069,1,lcl_hier_3_l11_cd,,,,True,,6681,2026-02-26 06:36:26,2025-12-02 10:00:02,1699-12-31 00:00:00,0,False,0,,,,0,,,593335ea-3829-48be-854f-5f2979755f7e,
1438,100,lcl_hier_3_l11_desc,,2,19,,,False,1,False,False,True,1,-1,False,False,1,38073,1,lcl_hier_3_l11_desc,,,,True,,6682,2026-02-26 06:36:26,2025-12-02 10:00:02,1699-12-31 00:00:00,0,False,0,,,,0,,,e9bcc618-176b-41f7-b65e-7f5346964a4b,
1439,100,lcl_hier_3_l11_sort_order,,2,19,,,False,1,False,False,True,1,-1,False,False,1,38077,1,lcl_hier_3_l11_sort_order,,,,True,,6683,2026-02-26 06:36:26,2025-12-02 10:00:02,1699-12-31 00:00:00,0,False,0,,,,0,,,549ba132-a794-4c08-b1d1-945ce6821ae5,
1440,100,lcl_hier_3_l12_cd,,2,19,,,False,1,False,False,True,1,-1,False,False,1,38081,1,lcl_hier_3_l12_cd,,,,True,,6684,2026-02-26 06:36:26,2025-12-02 10:00:02,1699-12-31 00:00:00,0,False,0,,,,0,,,19d4946d-df98-4efb-9f72-a571bd199a32,
1441,100,lcl_hier_3_l12_desc,,2,19,,,False,1,False,False,True,1,-1,False,False,1,38085,1,lcl_hier_3_l12_desc,,,,True,,6685,2026-02-26 06:36:26,2025-12-02 10:00:02,1699-12-31 00:00:00,0,False,0,,,,0,,,a701f274-2cfe-4909-9e34-bc0cdf62f258,
1442,100,lcl_hier_3_l12_sort_order,,2,19,,,False,1,False,False,True,1,-1,False,False,1,38089,1,lcl_hier_3_l12_sort_order,,,,True,,6686,2026-02-26 06:36:26,2025-12-02 10:00:02,1699-12-31 00:00:00,0,False,0,,,,0,,,4cfbe165-4b5d-455f-8c58-290c0eac3b7f,
1443,100,lcl_hier_3_l13_cd,,2,19,,,False,1,False,False,True,1,-1,False,False,1,38093,1,lcl_hier_3_l13_cd,,,,True,,6687,2026-02-26 06:36:26,2025-12-02 10:00:02,1699-12-31 00:00:00,0,False,0,,,,0,,,474b164a-52f4-4bfc-a83f-cb80a120066b,
1444,100,lcl_hier_3_l13_desc,,2,19,,,False,1,False,False,True,1,-1,False,False,1,38097,1,lcl_hier_3_l13_desc,,,,True,,6688,2026-02-26 06:36:26,2025-12-02 10:00:02,1699-12-31 00:00:00,0,False,0,,,,0,,,1d1a2f7d-9175-45e4-86ff-10e32401fe86,
1445,100,lcl_hier_3_l13_sort_order,,2,19,,,False,1,False,False,True,1,-1,False,False,1,38101,1,lcl_hier_3_l13_sort_order,,,,True,,6689,2026-02-26 06:36:26,2025-12-02 10:00:02,1699-12-31 00:00:00,0,False,0,,,,0,,,1b44cfba-c7a1-45e6-82e9-5cbf2808d50e,
1446,100,lcl_hier_3_l14_cd,,2,19,,,False,1,False,False,True,1,-1,False,False,1,38105,1,lcl_hier_3_l14_cd,,,,True,,6690,2026-02-26 06:36:26,2025-12-02 10:00:02,1699-12-31 00:00:00,0,False,0,,,,0,,,b5251848-b8b2-4fbd-abdb-e7f7ac2b2ded,
1447,100,lcl_hier_3_l14_desc,,2,19,,,False,1,False,False,True,1,-1,False,False,1,38109,1,lcl_hier_3_l14_desc,,,,True,,6691,2026-02-26 06:36:26,2025-12-02 10:00:02,1699-12-31 00:00:00,0,False,0,,,,0,,,9a5d0b02-0a49-4e90-806e-6e414f8da4dc,
1448,100,lcl_hier_3_l14_sort_order,,2,19,,,False,1,False,False,True,1,-1,False,False,1,38113,1,lcl_hier_3_l14_sort_order,,,,True,,6692,2026-02-26 06:36:26,2025-12-02 10:00:02,1699-12-31 00:00:00,0,False,0,,,,0,,,0e3fac09-3f5c-43a6-ab6c-db48103ac915,
1449,100,lcl_hier_3_l15_cd,,2,19,,,False,1,False,False,True,1,-1,False,False,1,38117,1,lcl_hier_3_l15_cd,,,,True,,6693,2026-02-26 06:36:26,2025-12-02 10:00:02,1699-12-31 00:00:00,0,False,0,,,,0,,,d5152da3-141e-4e62-ad41-86188383dda7,
1450,100,lcl_hier_3_l15_desc,,2,19,,,False,1,False,False,True,1,-1,False,False,1,38121,1,lcl_hier_3_l15_desc,,,,True,,6694,2026-02-26 06:36:26,2025-12-02 10:00:02,1699-12-31 00:00:00,0,False,0,,,,0,,,9e8c1f17-fc8f-4529-8213-a85947810c73,
1451,100,lcl_hier_3_l15_sort_order,,2,19,,,False,1,False,False,True,1,-1,False,False,1,38125,1,lcl_hier_3_l15_sort_order,,,,True,,6695,2026-02-26 06:36:26,2025-12-02 10:00:02,1699-12-31 00:00:00,0,False,0,,,,0,,,0d49c21c-b6b1-4c7b-b0dd-56fb977eb075,
1452,100,nsr_calc_ind,,2,19,,,False,1,False,False,True,1,-1,False,False,1,38129,1,nsr_calc_ind,,,,True,,6696,2026-02-26 06:36:26,2025-12-02 10:00:02,1699-12-31 00:00:00,0,False,0,,,,0,,,225a4a2d-dd64-4f08-9e9c-b1fc73c70fc9,
