Query,Status Code,Response Time,Response
"EVALUATE ROW( ""Unit Cases"", CALCULATE( [Unit Cases AC], KEEPFILTERS('Period'[Day 445] = ""Jan 31 2026""), KEEPFILTERS('Ship From'[Country] = ""Colombia"") ) )",200,2.819151,[{'[Unit Cases]': 2166416.1318}]
"EVALUATE ROW( ""Unit Cases"", CALCULATE( [Unit Cases AC], KEEPFILTERS('Period'[Day 445] = ""Jan 30 2026""), KEEPFILTERS('Ship From'[Country] = ""Colombia"") ) )",200,2.030813,[{'[Unit Cases]': 2136281.9846}]
"EVALUATE ROW( ""Unit Cases WTD"", CALCULATE( [Unit Cases AC WTD], KEEPFILTERS('Ship From'[Country] = ""Colombia""), KEEPFILTERS('Period'[Day 445] = ""Jan 31 2026"") ) )",200,1.948131,[{'[Unit Cases WTD]': 2166416.1318}]
"EVALUATE ROW( ""Unit Cases WTD"", CALCULATE( [Unit Cases AC WTD], KEEPFILTERS('Ship From'[Country] = ""Colombia""), KEEPFILTERS('Period'[Day 445] = ""Jan 31 2026"") ) )",200,1.985195,[{'[Unit Cases WTD]': 2166416.1318}]
"EVALUATE
ROW(
    ""Unit Cases MTD"",
        CALCULATE(
            [Unit Cases AC MTD],
            KEEPFILTERS('Ship From'[Country] = ""Colombia""),
            KEEPFILTERS('Period'[Day 445] = ""Jan 31 2026"")
        )
)",200,2.890041,[{'[Unit Cases MTD]': 2166416.1318}]
"EVALUATE
ROW(
    ""Unit Cases"",
        CALCULATE(
            [Unit Cases AC],
            KEEPFILTERS('Period'[Month 445] = ""2025 Dec""),
            KEEPFILTERS('Ship From'[Country] = ""Colombia"")
        )
)",200,2.318981,[{'[Unit Cases]': 89945426.3419}]
"EVALUATE
ROW(
    ""Unit Cases YTD"",
        CALCULATE(
            [Unit Cases AC],
            KEEPFILTERS('Period'[Year 445] = ""2026""),
            KEEPFILTERS('Period'[Day 445] = ""Jan 31 2026""),
            KEEPFILTERS('Ship From'[Country] = ""Colombia"")
        )
)",200,3.096739,[{'[Unit Cases YTD]': 2166416.1318}]
"EVALUATE
ROW(
    ""Unit Cases Last Year"",
        CALCULATE(
            [Unit Cases AC],
            KEEPFILTERS('Period'[Year 445] = ""2025""),
            KEEPFILTERS('Ship From'[Country] = ""Colombia"")
        )
)",200,2.067876,[{'[Unit Cases Last Year]': 697398148.2863}]
"EVALUATE
TOPN(
    10,
    SUMMARIZECOLUMNS(
        'Product'[LT1.2 - Brand Group],
        ""Unit Cases YTD"",
            CALCULATE(
                [Unit Cases AC YTD],
                KEEPFILTERS('Ship From'[Country] = ""Colombia""),
                KEEPFILTERS('Period'[Day 445] = ""Jan 31 2026"")
            )
    ),
    [Unit Cases YTD], DESC
)
ORDER BY [Unit Cases YTD] DESC",200,2.411331,"[{'Product[LT1.2 - Brand Group]': 'Coca-Cola Less Sugar', '[Unit Cases YTD]': 26169677.715}, {'Product[LT1.2 - Brand Group]': 'Coca-Cola', '[Unit Cases YTD]': 9136331.9869}, {'Product[LT1.2 - Brand Group]': 'Brisa', '[Unit Cases YTD]': 6028918.3726}, {'Product[LT1.2 - Brand Group]': 'Quatro', '[Unit Cases YTD]': 5535218.2942}, {'Product[LT1.2 - Brand Group]': 'Del Valle Fresh', '[Unit Cases YTD]': 3679447.2663}, {'Product[LT1.2 - Brand Group]': 'Coca-Cola Zero', '[Unit Cases YTD]': 3476470.3609}, {'Product[LT1.2 - Brand Group]': 'Brisa (Carb)', '[Unit Cases YTD]': 2182033.973}, {'Product[LT1.2 - Brand Group]': 'Sprite', '[Unit Cases YTD]': 1259199.94}, {'Product[LT1.2 - Brand Group]': 'Schweppes', '[Unit Cases YTD]': 1110311.0418}, {'Product[LT1.2 - Brand Group]': 'Manantial', '[Unit Cases YTD]': 931066.4683}]"
"EVALUATE
TOPN(
    10,
    SUMMARIZECOLUMNS(
        'Product'[LT1.2 - Brand Group],
        ""Net Sales Revenue YTD"",
            CALCULATE(
                [Bottler Net Revenue AC YTD (LC)],
                KEEPFILTERS('Ship From'[Country] = ""Colombia""),
                KEEPFILTERS('Period'[Day 445] = ""Jan 31 2026"")
            )
    ),
    [Net Sales Revenue YTD], DESC
)
ORDER BY [Net Sales Revenue YTD] DESC",200,2.215374,"{'error': ""General Error: Query (8, 17) The value for '<oii>Bottler Net Revenue AC YTD (LC)</oii>' cannot be determined. Either the column doesn't exist, or there is no current row for this column.\r\n\r\nTechnical Details:\r\nRootActivityId: dc82e95b-a21d-412c-b555-48cca03f9553\r\nDate (UTC): 5/21/2026 12:36:39 AM\r\n   at Microsoft.AnalysisServices.AdomdClient.XmlaClient.CheckForSoapFault(XmlReader reader, XmlaResult xmlaResult, Boolean throwIfError)\r\n   at Microsoft.AnalysisServices.AdomdClient.XmlaClient.SendMessage(Boolean endReceivalIfException, Boolean readSession, Boolean readNamespaceCompatibility)\r\n   at Microsoft.AnalysisServices.AdomdClient.XmlaClient.ExecuteStatement(String statement, IDictionary connectionProperties, IDictionary commandProperties, IDataParameterCollection parameters, Boolean isMdx)\r\n   at Microsoft.AnalysisServices.AdomdClient.AdomdConnection.XmlaClientProvider.Microsoft.AnalysisServices.AdomdClient.IExecuteProvider.ExecuteTabular(CommandBehavior behavior, ICommandContentProvider contentProvider, AdomdPropertyCollection commandProperties, IDataParameterCollection parameters)\r\n   at Microsoft.AnalysisServices.AdomdClient.AdomdCommand.ExecuteReader(CommandBehavior behavior)""}"
"EVALUATE
TOPN(
    10,
    SUMMARIZECOLUMNS(
        'Product'[LT1.2 - Brand Group],
        ""Net Sales Revenue YTD"",
            CALCULATE(
                [Bottler Net Revenue AC YTD (LC)],
                KEEPFILTERS('Ship From'[Country] = ""Colombia""),
                KEEPFILTERS('Period'[Day 445] = ""Jan 31 2026"")
            )
    ),
    [Net Sales Revenue YTD], ASC
)
ORDER BY [Net Sales Revenue YTD] ASC",200,2.3786,"{'error': ""General Error: Query (8, 17) The value for '<oii>Bottler Net Revenue AC YTD (LC)</oii>' cannot be determined. Either the column doesn't exist, or there is no current row for this column.\r\n\r\nTechnical Details:\r\nRootActivityId: 96eaa9f8-8d85-4a85-ad85-424e8da3966b\r\nDate (UTC): 5/21/2026 12:36:41 AM\r\n   at Microsoft.AnalysisServices.AdomdClient.XmlaClient.CheckForSoapFault(XmlReader reader, XmlaResult xmlaResult, Boolean throwIfError)\r\n   at Microsoft.AnalysisServices.AdomdClient.XmlaClient.SendMessage(Boolean endReceivalIfException, Boolean readSession, Boolean readNamespaceCompatibility)\r\n   at Microsoft.AnalysisServices.AdomdClient.XmlaClient.ExecuteStatement(String statement, IDictionary connectionProperties, IDictionary commandProperties, IDataParameterCollection parameters, Boolean isMdx)\r\n   at Microsoft.AnalysisServices.AdomdClient.AdomdConnection.XmlaClientProvider.Microsoft.AnalysisServices.AdomdClient.IExecuteProvider.ExecuteTabular(CommandBehavior behavior, ICommandContentProvider contentProvider, AdomdPropertyCollection commandProperties, IDataParameterCollection parameters)\r\n   at Microsoft.AnalysisServices.AdomdClient.AdomdCommand.ExecuteReader(CommandBehavior behavior)""}"
"EVALUATE
ROW(
    ""Brand Group"", ""Quatro"",
    ""Period"", ""2025 Dec"",
    ""Unit Cases"",
        CALCULATE(
            [Unit Cases AC],
            KEEPFILTERS('Period'[Month 445] = ""2025 Dec""),
            KEEPFILTERS('Ship From'[Country] = ""Colombia""),
            KEEPFILTERS('Product'[LT1.2 - Brand Group] = ""Quatro"")
        ),
    ""Unit Cases PY"",
        CALCULATE(
            [Unit Cases AC PY],
            KEEPFILTERS('Period'[Month 445] = ""2025 Dec""),
            KEEPFILTERS('Ship From'[Country] = ""Colombia""),
            KEEPFILTERS('Product'[LT1.2 - Brand Group] = ""Quatro"")
        ),
    ""Unit Cases % vs PY"",
        CALCULATE(
            [Unit Cases AC % vs PY],
            KEEPFILTERS('Period'[Month 445] = ""2025 Dec""),
            KEEPFILTERS('Ship From'[Country] = ""Colombia""),
            KEEPFILTERS('Product'[LT1.2 - Brand Group] = ""Quatro"")
        )
)",200,2.776389,"[{'[Brand Group]': 'Quatro', '[Period]': '2025 Dec', '[Unit Cases]': 7910016.9112, '[Unit Cases PY]': 6667193.4543, '[Unit Cases % vs PY]': 0.18640878885829273}]"
"EVALUATE
ROW(
    ""Net Sales Revenue YoY %"",
        CALCULATE(
            [Bottler Net Revenue AC (LC) % vs PY],
            KEEPFILTERS('Ship From'[Country] = ""Colombia""),
            KEEPFILTERS('Product'[LT1.2 - Brand Group] = ""Quatro""),
            KEEPFILTERS('Period'[Month 445] = ""2025 Dec"")
        )
)",200,9.57928,[{'[Net Sales Revenue YoY %]': 0.15793042871859866}]
"EVALUATE
TOPN(
    5,
    SUMMARIZECOLUMNS(
        'Product'[LT1.5 - Category],
        ""Net Sales Revenue"",
            CALCULATE(
                [Bottler Net Revenue AC (LC)],
                KEEPFILTERS('Period'[Year 445] = ""2025""),
                KEEPFILTERS('Ship From'[Country] = ""Colombia"")
            )
    ),
    [Net Sales Revenue], DESC
)
ORDER BY [Net Sales Revenue] DESC",200,2.926956,"[{'Product[LT1.5 - Category]': 'Colas', '[Net Sales Revenue]': 6413327096029.0}, {'Product[LT1.5 - Category]': 'Packaged Water', '[Net Sales Revenue]': 1272691286713.0}, {'Product[LT1.5 - Category]': 'Flavors', '[Net Sales Revenue]': 791018377700.0}, {'Product[LT1.5 - Category]': 'Juices & Juice Drinks', '[Net Sales Revenue]': 545581774410.2224}, {'Product[LT1.5 - Category]': 'Core Flavors', '[Net Sales Revenue]': 297110892522.0}]"
"EVALUATE
SUMMARIZECOLUMNS(
    'Period'[Month 445],
    ""Unit Cases"",
        CALCULATE(
            [Unit Cases AC],
            KEEPFILTERS('Ship From'[Country] = ""Colombia""),
            KEEPFILTERS('Product'[LT1.2 - Brand Group] = ""Quatro""),
            KEEPFILTERS(
                'Period'[Month 445] IN {
                    ""2025 Nov"",
                    ""2025 Dec""
                }
            )
        )
)
ORDER BY 'Period'[Month 445] ASC",200,7.055807,"[{'Period[Month 445]': '2025 Dec', '[Unit Cases]': 7910016.9112}, {'Period[Month 445]': '2025 Nov', '[Unit Cases]': 4686984.3011}]"
"EVALUATE
GENERATE(
    VALUES('Period'[Quarter 445]),
    TOPN(
        10,
        SUMMARIZECOLUMNS(
            'Product'[LT1.4 - Sub-Category],
            ""Unit Cases YTD"",
                CALCULATE(
                    [Unit Cases AC YTD],
                    KEEPFILTERS('Ship From'[Country] = ""Colombia""),
                    KEEPFILTERS('Period'[Day 445] = ""Jan 31 2026"")
                )
        ),
        [Unit Cases YTD], DESC
    )
)
ORDER BY
    'Period'[Quarter 445] ASC,
    [Unit Cases YTD] DESC",200,2.813535,"[{'Period[Quarter 445]': '2026 Q1', 'Product[LT1.4 - Sub-Category]': 'Colas', '[Unit Cases YTD]': 38789222.919}, {'Period[Quarter 445]': '2026 Q1', 'Product[LT1.4 - Sub-Category]': 'Plain Water', '[Unit Cases YTD]': 6960261.4349}, {'Period[Quarter 445]': '2026 Q1', 'Product[LT1.4 - Sub-Category]': 'Flavors', '[Unit Cases YTD]': 6428154.5033}, {'Period[Quarter 445]': '2026 Q1', 'Product[LT1.4 - Sub-Category]': 'Juice Drinks', '[Unit Cases YTD]': 3943572.2375}, {'Period[Quarter 445]': '2026 Q1', 'Product[LT1.4 - Sub-Category]': 'Core Flavors', '[Unit Cases YTD]': 1953388.7862}, {'Period[Quarter 445]': '2026 Q1', 'Product[LT1.4 - Sub-Category]': 'Flavored Sparkling Water', '[Unit Cases YTD]': 1562957.6816}, {'Period[Quarter 445]': '2026 Q1', 'Product[LT1.4 - Sub-Category]': 'Sparkling Water', '[Unit Cases YTD]': 1285662.448}, {'Period[Quarter 445]': '2026 Q1', 'Product[LT1.4 - Sub-Category]': 'Sports Drinks', '[Unit Cases YTD]': 260357.9247}, {'Period[Quarter 445]': '2026 Q1', 'Product[LT1.4 - Sub-Category]': 'Tea', '[Unit Cases YTD]': 217422.2339}, {'Period[Quarter 445]': '2026 Q1', 'Product[LT1.4 - Sub-Category]': 'Flavored Water', '[Unit Cases YTD]': 201403.2747}]"
"EVALUATE
ROW(
    ""Unit Cases"",
        CALCULATE(
            [Unit Cases AC],
            KEEPFILTERS('Ship From'[Country] = ""Colombia""),
            KEEPFILTERS('Period'[Day 445] = ""Jan 30 2026"")
        )
)",200,7.339387,[{'[Unit Cases]': 2136281.9846}]
"EVALUATE
TOPN(
    1,
    SUMMARIZECOLUMNS(
        'Channel'[LT1.3 - Channel Macro Group],
        ""Net Sales Revenue WTD"",
            CALCULATE(
                [Bottler Net Revenue AC WTD (LC)],
                KEEPFILTERS('Ship From'[Country] = ""Colombia""),
                KEEPFILTERS('Period'[Day 445] = ""Jan 31 2026"")
            )
    ),
    [Net Sales Revenue WTD], DESC
)
ORDER BY [Net Sales Revenue WTD] DESC",200,2.114621,"{'error': ""General Error: Query (8, 17) The value for '<oii>Bottler Net Revenue AC WTD (LC)</oii>' cannot be determined. Either the column doesn't exist, or there is no current row for this column.\r\n\r\nTechnical Details:\r\nRootActivityId: e308e575-5cce-43d9-aa49-5c12ca9d06db\r\nDate (UTC): 5/21/2026 12:37:16 AM\r\n   at Microsoft.AnalysisServices.AdomdClient.XmlaClient.CheckForSoapFault(XmlReader reader, XmlaResult xmlaResult, Boolean throwIfError)\r\n   at Microsoft.AnalysisServices.AdomdClient.XmlaClient.SendMessage(Boolean endReceivalIfException, Boolean readSession, Boolean readNamespaceCompatibility)\r\n   at Microsoft.AnalysisServices.AdomdClient.XmlaClient.ExecuteStatement(String statement, IDictionary connectionProperties, IDictionary commandProperties, IDataParameterCollection parameters, Boolean isMdx)\r\n   at Microsoft.AnalysisServices.AdomdClient.AdomdConnection.XmlaClientProvider.Microsoft.AnalysisServices.AdomdClient.IExecuteProvider.ExecuteTabular(CommandBehavior behavior, ICommandContentProvider contentProvider, AdomdPropertyCollection commandProperties, IDataParameterCollection parameters)\r\n   at Microsoft.AnalysisServices.AdomdClient.AdomdCommand.ExecuteReader(CommandBehavior behavior)""}"
"EVALUATE
SUMMARIZECOLUMNS(
    'Period'[Month 445],
    ""Unit Cases"",
        CALCULATE(
            [Unit Cases AC],
            KEEPFILTERS('Ship From'[Country] = ""Colombia""),
            KEEPFILTERS('Product'[LT1.2 - Brand Group] = ""Quatro""),
            KEEPFILTERS(
                'Period'[Month 445] IN {
                    ""2025 Nov"",
                    ""2025 Dec""
                }
            )
        )
)
ORDER BY 'Period'[Month 445] ASC",200,7.205546,"[{'Period[Month 445]': '2025 Dec', '[Unit Cases]': 7910016.9112}, {'Period[Month 445]': '2025 Nov', '[Unit Cases]': 4686984.3011}]"
"EVALUATE
ROW(
    ""% Unit Cases Share"",
        DIVIDE(
            CALCULATE(
                [Unit Cases AC],
                KEEPFILTERS('Product'[LT1.5 - Category] = ""Flavors""),
                KEEPFILTERS('Ship From'[Country] = ""Colombia""),
                KEEPFILTERS('Period'[Month 445] = ""2025 Dec"")
            ),
            CALCULATE(
                [Unit Cases AC],
                REMOVEFILTERS('Product'[LT1.5 - Category]),
                KEEPFILTERS('Ship From'[Country] = ""Colombia""),
                KEEPFILTERS('Period'[Month 445] = ""2025 Dec"")
            )
        )
)",200,2.12747,[{'[% Unit Cases Share]': 0.10306053223722131}]
"EVALUATE
TOPN(
    3,
    SUMMARIZECOLUMNS(
        'Product'[LT1.2 - Brand Group],
        ""Unit Cases QTD"",
            CALCULATE(
                [Unit Cases AC QTD],
                KEEPFILTERS('Channel'[LT1.3 - Channel Macro Group] = ""Modern Trade""),
                KEEPFILTERS('Ship From'[Country] = ""Colombia""),
                KEEPFILTERS('Period'[Quarter 445] = ""2025 Q4""),
                KEEPFILTERS('Period'[Day 445] = ""Jan 31 2026"")
            )
    ),
    [Unit Cases QTD], DESC
)
ORDER BY [Unit Cases QTD] DESC",200,8.230858,[]
"EVALUATE
TOPN(
    3,
    SUMMARIZECOLUMNS(
        'Product'[LT1.5 - Category],
        ""Unit Cases QTD"",
            CALCULATE(
                [Unit Cases AC QTD],
                KEEPFILTERS('Ship From'[Country] = ""Colombia""),
                KEEPFILTERS('Period'[Day 445] = ""Jan 31 2026"")
            )
    ),
    [Unit Cases QTD], DESC
)
ORDER BY [Unit Cases QTD] DESC",200,2.336045,"[{'Product[LT1.5 - Category]': 'Colas', '[Unit Cases QTD]': 38789222.919}, {'Product[LT1.5 - Category]': 'Packaged Water', '[Unit Cases QTD]': 10010284.8392}, {'Product[LT1.5 - Category]': 'Flavors', '[Unit Cases QTD]': 6428154.5033}]"
"EVALUATE
TOPN(
    5,
    SUMMARIZECOLUMNS(
        'Product'[LT1.2 - Brand Group],
        ""Net Sales Revenue"",
            CALCULATE(
                [Bottler Net Revenue AC (LC)],
                KEEPFILTERS('Ship From'[Country] = ""Colombia""),
                KEEPFILTERS('Period'[Year 445] = ""2025"")
            )
    ),
    [Net Sales Revenue], DESC
)
ORDER BY [Net Sales Revenue] DESC",200,7.486792,"[{'Product[LT1.2 - Brand Group]': 'Coca-Cola Less Sugar', '[Net Sales Revenue]': 3303991252559.0}, {'Product[LT1.2 - Brand Group]': 'Coca-Cola', '[Net Sales Revenue]': 2429341425546.0}, {'Product[LT1.2 - Brand Group]': 'Quatro', '[Net Sales Revenue]': 723679348228.0}, {'Product[LT1.2 - Brand Group]': 'Coca-Cola Zero', '[Net Sales Revenue]': 676430058116.0}, {'Product[LT1.2 - Brand Group]': 'Brisa', '[Net Sales Revenue]': 517552470955.0}]"
"EVALUATE
GENERATE(
    VALUES('Product'[LT1.5 - Category]),
    TOPN(
        3,
        SUMMARIZECOLUMNS(
            'Product'[LT1.2 - Brand Group],
            ""Unit Cases"",
                CALCULATE(
                    [Unit Cases AC],
                    KEEPFILTERS('Ship From'[Country] = ""Colombia""),
                    KEEPFILTERS('Period'[Year 445] = ""2025"")
                )
        ),
        [Unit Cases], DESC
    )
)
ORDER BY
    'Product'[LT1.5 - Category] ASC,
    [Unit Cases] DESC",200,2.466111,"[{'Product[LT1.5 - Category]': 'Active Hydration', 'Product[LT1.2 - Brand Group]': 'Powerade', '[Unit Cases]': 3060478.3572}, {'Product[LT1.5 - Category]': 'Active Hydration', 'Product[LT1.2 - Brand Group]': 'FlashLyte', '[Unit Cases]': 120756.1059}, {'Product[LT1.5 - Category]': 'Colas', 'Product[LT1.2 - Brand Group]': 'Coca-Cola Less Sugar', '[Unit Cases]': 284660974.3466}, {'Product[LT1.5 - Category]': 'Colas', 'Product[LT1.2 - Brand Group]': 'Coca-Cola', '[Unit Cases]': 114629590.5647}, {'Product[LT1.5 - Category]': 'Colas', 'Product[LT1.2 - Brand Group]': 'Coca-Cola Zero', '[Unit Cases]': 39678279.0891}, {'Product[LT1.5 - Category]': 'Core Flavors', 'Product[LT1.2 - Brand Group]': 'Sprite', '[Unit Cases]': 13958960.1479}, {'Product[LT1.5 - Category]': 'Core Flavors', 'Product[LT1.2 - Brand Group]': 'Schweppes', '[Unit Cases]': 6878374.3253}, {'Product[LT1.5 - Category]': 'Core Flavors', 'Product[LT1.2 - Brand Group]': 'Fanta', '[Unit Cases]': 283314.2021}, {'Product[LT1.5 - Category]': 'Energy Drinks', 'Product[LT1.2 - Brand Group]': 'Monster Energy', '[Unit Cases]': 912210.2109}, {'Product[LT1.5 - Category]': 'Energy Drinks', 'Product[LT1.2 - Brand Group]': 'Monster Juiced', '[Unit Cases]': 694739.514}, {'Product[LT1.5 - Category]': 'Energy Drinks', 'Product[LT1.2 - Brand Group]': 'Monster Dragon Iced Tea', '[Unit Cases]': 326604.7022}, {'Product[LT1.5 - Category]': 'Flavors', 'Product[LT1.2 - Brand Group]': 'Quatro', '[Unit Cases]': 57977585.6011}, {'Product[LT1.5 - Category]': 'Flavors', 'Product[LT1.2 - Brand Group]': 'Canada Dry', '[Unit Cases]': 5552872.8896}, {'Product[LT1.5 - Category]': 'Flavors', 'Product[LT1.2 - Brand Group]': 'Premio', '[Unit Cases]': 4692968.2605}, {'Product[LT1.5 - Category]': 'Hair Care', 'Product[LT1.2 - Brand Group]': 'Head & Shoulders', '[Unit Cases]': 0.0}, {'Product[LT1.5 - Category]': 'Juices & Juice Drinks', 'Product[LT1.2 - Brand Group]': 'Del Valle Fresh', '[Unit Cases]': 40873018.1158}, {'Product[LT1.5 - Category]': 'Juices & Juice Drinks', 'Product[LT1.2 - Brand Group]': 'Del Valle Frutal', '[Unit Cases]': 2291471.1496}, {'Product[LT1.5 - Category]': 'Juices & Juice Drinks', 'Product[LT1.2 - Brand Group]': 'Del Valle', '[Unit Cases]': 1123813.1469}, {'Product[LT1.5 - Category]': 'Packaged Water', 'Product[LT1.2 - Brand Group]': 'Brisa', '[Unit Cases]': 68028947.1456}, {'Product[LT1.5 - Category]': 'Packaged Water', 'Product[LT1.2 - Brand Group]': 'Brisa (Carb)', '[Unit Cases]': 26962003.1333}, {'Product[LT1.5 - Category]': 'Packaged Water', 'Product[LT1.2 - Brand Group]': 'Manantial', '[Unit Cases]': 11005036.9829}, {'Product[LT1.5 - Category]': 'Personal & Beauty Care', 'Product[LT1.2 - Brand Group]': 'Head & Shoulders', '[Unit Cases]': 0.0}, {'Product[LT1.5 - Category]': 'Plant Based Beverages', 'Product[LT1.2 - Brand Group]': 'Plant Based (Seeds)', '[Unit Cases]': 15795.852}, {'Product[LT1.5 - Category]': 'Plant Based Beverages', 'Product[LT1.2 - Brand Group]': 'Plant Based (Fruit)', '[Unit Cases]': -17.3172}, {'Product[LT1.5 - Category]': 'Tea', 'Product[LT1.2 - Brand Group]': 'Fuze Tea Black Tea', '[Unit Cases]': 1868643.9449}, {'Product[LT1.5 - Category]': 'Tea', 'Product[LT1.2 - Brand Group]': 'Fuze Tea Green Tea', '[Unit Cases]': 630106.0478}, {'Product[LT1.5 - Category]': 'Tea', 'Product[LT1.2 - Brand Group]': 'Fuze Tea', '[Unit Cases]': 255753.3228}, {'Product[LT1.5 - Category]': 'Unassigned', 'Product[LT1.2 - Brand Group]': 'Unassigned', '[Unit Cases]': 0.0}]"
"EVALUATE
SUMMARIZECOLUMNS(
    'Package'[Package Type],
    ""Unit Cases"",
        CALCULATE(
            [Unit Cases AC],
            KEEPFILTERS('Ship From'[Country] = ""Colombia""),
            KEEPFILTERS('Period'[Week 445] = ""2026 W04"")
        )
)
ORDER BY [Unit Cases] DESC",200,1.982755,"{'error': ""General Error: Query (3, 5) Column '<oii>Package Type</oii>' in table '<oii>Package</oii>' cannot be found or may not be used in this expression.\r\n\r\nTechnical Details:\r\nRootActivityId: 6ea7e591-d37c-41eb-8c03-e27028d0b4cd\r\nDate (UTC): 5/21/2026 12:37:48 AM\r\n   at Microsoft.AnalysisServices.AdomdClient.XmlaClient.CheckForSoapFault(XmlReader reader, XmlaResult xmlaResult, Boolean throwIfError)\r\n   at Microsoft.AnalysisServices.AdomdClient.XmlaClient.SendMessage(Boolean endReceivalIfException, Boolean readSession, Boolean readNamespaceCompatibility)\r\n   at Microsoft.AnalysisServices.AdomdClient.XmlaClient.ExecuteStatement(String statement, IDictionary connectionProperties, IDictionary commandProperties, IDataParameterCollection parameters, Boolean isMdx)\r\n   at Microsoft.AnalysisServices.AdomdClient.AdomdConnection.XmlaClientProvider.Microsoft.AnalysisServices.AdomdClient.IExecuteProvider.ExecuteTabular(CommandBehavior behavior, ICommandContentProvider contentProvider, AdomdPropertyCollection commandProperties, IDataParameterCollection parameters)\r\n   at Microsoft.AnalysisServices.AdomdClient.AdomdCommand.ExecuteReader(CommandBehavior behavior)""}"
"EVALUATE
ROW(
    ""Unit Cases YoY %"",
        CALCULATE(
            [Unit Cases AC % vs PY],
            KEEPFILTERS('Ship From'[Country] = ""Colombia""),
            KEEPFILTERS('Product'[LT1.5 - Category] = ""Colas""),
            KEEPFILTERS('Period'[Month 445] = ""2025 Sep"")
        )
)",200,2.659086,[{'[Unit Cases YoY %]': -0.003845569486297446}]
"EVALUATE
SUMMARIZECOLUMNS(
    'Channel'[LT1.3 - Channel Macro Group],
    ""Net Sales Revenue"",
        CALCULATE(
            [Bottler Net Revenue AC (LC)],
            KEEPFILTERS('Ship From'[Country] = ""Colombia""),
            KEEPFILTERS('Period'[Month 445] = ""2025 Dec"")
        )
)
ORDER BY [Net Sales Revenue] DESC",200,2.857981,"[{'Channel[LT1.3 - Channel Macro Group]': 'Traditional', '[Net Sales Revenue]': 894259174532.0}, {'Channel[LT1.3 - Channel Macro Group]': 'Modern', '[Net Sales Revenue]': 336030053563.2107}, {'Channel[LT1.3 - Channel Macro Group]': 'Others', '[Net Sales Revenue]': 1048921880.0}, {'Channel[LT1.3 - Channel Macro Group]': 'D2C', '[Net Sales Revenue]': 172326539.0}]"
"EVALUATE
GENERATE(
    VALUES('Channel'[LT1.3 - Channel Macro Group]),
    TOPN(
        5,
        SUMMARIZECOLUMNS(
            'Product'[LT1.2 - Brand Group],
            ""Net Sales Revenue"",
                CALCULATE(
                    [Bottler Net Revenue AC (LC)],
                    KEEPFILTERS('Ship From'[Country] = ""Colombia""),
                    KEEPFILTERS('Period'[Month 445] = ""2025 Dec"")
                )
        ),
        [Net Sales Revenue], DESC
    )
)
ORDER BY
    'Channel'[LT1.3 - Channel Macro Group] ASC,
    [Net Sales Revenue] DESC",200,2.748924,"[{'Channel[LT1.3 - Channel Macro Group]': 'D2C', 'Product[LT1.2 - Brand Group]': 'Brisa', '[Net Sales Revenue]': 61822724.0}, {'Channel[LT1.3 - Channel Macro Group]': 'D2C', 'Product[LT1.2 - Brand Group]': 'Coca-Cola Zero', '[Net Sales Revenue]': 28285035.0}, {'Channel[LT1.3 - Channel Macro Group]': 'D2C', 'Product[LT1.2 - Brand Group]': 'Manantial', '[Net Sales Revenue]': 25289034.0}, {'Channel[LT1.3 - Channel Macro Group]': 'D2C', 'Product[LT1.2 - Brand Group]': 'Coca-Cola', '[Net Sales Revenue]': 12191890.0}, {'Channel[LT1.3 - Channel Macro Group]': 'D2C', 'Product[LT1.2 - Brand Group]': 'Manantial(Carb)', '[Net Sales Revenue]': 9633524.0}, {'Channel[LT1.3 - Channel Macro Group]': 'Modern', 'Product[LT1.2 - Brand Group]': 'Coca-Cola Less Sugar', '[Net Sales Revenue]': 102415049662.0}, {'Channel[LT1.3 - Channel Macro Group]': 'Modern', 'Product[LT1.2 - Brand Group]': 'Coca-Cola', '[Net Sales Revenue]': 80984846897.0}, {'Channel[LT1.3 - Channel Macro Group]': 'Modern', 'Product[LT1.2 - Brand Group]': 'Coca-Cola Zero', '[Net Sales Revenue]': 39899370181.0}, {'Channel[LT1.3 - Channel Macro Group]': 'Modern', 'Product[LT1.2 - Brand Group]': 'Quatro', '[Net Sales Revenue]': 24826273826.0}, {'Channel[LT1.3 - Channel Macro Group]': 'Modern', 'Product[LT1.2 - Brand Group]': 'Brisa', '[Net Sales Revenue]': 17315380116.0}, {'Channel[LT1.3 - Channel Macro Group]': 'Others', 'Product[LT1.2 - Brand Group]': 'Quatro', '[Net Sales Revenue]': 212266700.0}, {'Channel[LT1.3 - Channel Macro Group]': 'Others', 'Product[LT1.2 - Brand Group]': 'Premio', '[Net Sales Revenue]': 211412266.0}, {'Channel[LT1.3 - Channel Macro Group]': 'Others', 'Product[LT1.2 - Brand Group]': 'Del Valle Fresh', '[Net Sales Revenue]': 171128198.0}, {'Channel[LT1.3 - Channel Macro Group]': 'Others', 'Product[LT1.2 - Brand Group]': 'Coca-Cola Less Sugar', '[Net Sales Revenue]': 139781576.0}, {'Channel[LT1.3 - Channel Macro Group]': 'Others', 'Product[LT1.2 - Brand Group]': 'Sprite', '[Net Sales Revenue]': 116684372.0}, {'Channel[LT1.3 - Channel Macro Group]': 'Traditional', 'Product[LT1.2 - Brand Group]': 'Coca-Cola Less Sugar', '[Net Sales Revenue]': 330983060864.0}, {'Channel[LT1.3 - Channel Macro Group]': 'Traditional', 'Product[LT1.2 - Brand Group]': 'Coca-Cola', '[Net Sales Revenue]': 229963656156.0}, {'Channel[LT1.3 - Channel Macro Group]': 'Traditional', 'Product[LT1.2 - Brand Group]': 'Quatro', '[Net Sales Revenue]': 72292375422.0}, {'Channel[LT1.3 - Channel Macro Group]': 'Traditional', 'Product[LT1.2 - Brand Group]': 'Coca-Cola Zero', '[Net Sales Revenue]': 48632114011.0}, {'Channel[LT1.3 - Channel Macro Group]': 'Traditional', 'Product[LT1.2 - Brand Group]': 'Brisa', '[Net Sales Revenue]': 44545002649.0}]"
"EVALUATE
ROW(
    ""Unit Cases YoY %"",
        CALCULATE(
            [Unit Cases AC % vs PY],
            KEEPFILTERS('Ship From'[Country] = ""Colombia""),
            KEEPFILTERS('Channel'[LT1.3 - Channel Macro Group] = ""Traditional""),
            KEEPFILTERS('Product'[LT1.2 - Brand Group] = ""Brisa""),
            KEEPFILTERS('Period'[Month 445] = ""2025 Nov"")
        )
)",200,2.446047,[{'[Unit Cases YoY %]': 0.06434515426207077}]
"EVALUATE
ROW(
    ""Unit Mix %"",
        DIVIDE(
            CALCULATE(
                [Unit Cases AC YTD],
                KEEPFILTERS('Ship To'[City] = ""Cali""),
                KEEPFILTERS('Product'[LT1.5 - Category] = ""Flavors""),
                KEEPFILTERS('Period'[Year 445] = ""2025""),
                KEEPFILTERS('Ship From'[Country] = ""Colombia"")
            ),
            CALCULATE(
                [Unit Cases AC YTD],
                KEEPFILTERS('Ship To'[City] = ""Cali""),
                KEEPFILTERS('Period'[Year 445] = ""2025""),
                KEEPFILTERS('Ship From'[Country] = ""Colombia"")
            )
        )
)",200,1.998088,"{'error': ""General Error: Query (7, 29) Column '<oii>City</oii>' in table '<oii>Ship To</oii>' cannot be found or may not be used in this expression.\r\n\r\nTechnical Details:\r\nRootActivityId: 665cc455-e417-4e74-9839-f6e3f08d505c\r\nDate (UTC): 5/21/2026 12:38:00 AM\r\n   at Microsoft.AnalysisServices.AdomdClient.XmlaClient.CheckForSoapFault(XmlReader reader, XmlaResult xmlaResult, Boolean throwIfError)\r\n   at Microsoft.AnalysisServices.AdomdClient.XmlaClient.SendMessage(Boolean endReceivalIfException, Boolean readSession, Boolean readNamespaceCompatibility)\r\n   at Microsoft.AnalysisServices.AdomdClient.XmlaClient.ExecuteStatement(String statement, IDictionary connectionProperties, IDictionary commandProperties, IDataParameterCollection parameters, Boolean isMdx)\r\n   at Microsoft.AnalysisServices.AdomdClient.AdomdConnection.XmlaClientProvider.Microsoft.AnalysisServices.AdomdClient.IExecuteProvider.ExecuteTabular(CommandBehavior behavior, ICommandContentProvider contentProvider, AdomdPropertyCollection commandProperties, IDataParameterCollection parameters)\r\n   at Microsoft.AnalysisServices.AdomdClient.AdomdCommand.ExecuteReader(CommandBehavior behavior)""}"
"EVALUATE
SUMMARIZECOLUMNS(
    'Period'[Week 445],
    ""Net Sales Revenue"",
        CALCULATE(
            [Bottler Net Revenue AC (LC)],
            KEEPFILTERS('Ship From'[Country] = ""Colombia""),
            KEEPFILTERS(
                'Period'[Week 445] IN {
                    ""2026 W02"",
                    ""2026 W03"",
                    ""2026 W04""
                }
            )
        ),
    ""Net Sales Revenue % vs PY"",
        CALCULATE(
            [Bottler Net Revenue AC % vs PY (LC)],
            KEEPFILTERS('Ship From'[Country] = ""Colombia""),
            KEEPFILTERS(
                'Period'[Week 445] IN {
                    ""2026 W02"",
                    ""2026 W03"",
                    ""2026 W04""
                }
            )
        )
)
ORDER BY 'Period'[Week 445] ASC",200,1.982476,"{'error': ""General Error: Query (18, 13) The value for '<oii>Bottler Net Revenue AC % vs PY (LC)</oii>' cannot be determined. Either the column doesn't exist, or there is no current row for this column.\r\n\r\nTechnical Details:\r\nRootActivityId: 261a25d8-fdb2-4562-ab16-c544c230c350\r\nDate (UTC): 5/21/2026 12:38:02 AM\r\n   at Microsoft.AnalysisServices.AdomdClient.XmlaClient.CheckForSoapFault(XmlReader reader, XmlaResult xmlaResult, Boolean throwIfError)\r\n   at Microsoft.AnalysisServices.AdomdClient.XmlaClient.SendMessage(Boolean endReceivalIfException, Boolean readSession, Boolean readNamespaceCompatibility)\r\n   at Microsoft.AnalysisServices.AdomdClient.XmlaClient.ExecuteStatement(String statement, IDictionary connectionProperties, IDictionary commandProperties, IDataParameterCollection parameters, Boolean isMdx)\r\n   at Microsoft.AnalysisServices.AdomdClient.AdomdConnection.XmlaClientProvider.Microsoft.AnalysisServices.AdomdClient.IExecuteProvider.ExecuteTabular(CommandBehavior behavior, ICommandContentProvider contentProvider, AdomdPropertyCollection commandProperties, IDataParameterCollection parameters)\r\n   at Microsoft.AnalysisServices.AdomdClient.AdomdCommand.ExecuteReader(CommandBehavior behavior)""}"
"EVALUATE
TOPN(
    1,
    SUMMARIZECOLUMNS(
        'Period'[Month 445],
        ""Unit Cases"",
            CALCULATE(
                [Unit Cases AC],
                KEEPFILTERS('Ship From'[Country] = ""Colombia""),
                KEEPFILTERS('Product'[LT1.2 - Brand Group] = ""COCA-COLA"")
            )
    ),
    [Unit Cases], DESC
)
ORDER BY [Unit Cases] DESC",200,2.313157,"[{'Period[Month 445]': '2025 Dec', '[Unit Cases]': 14284153.8717}]"
"EVALUATE
SUMMARIZECOLUMNS(
    'Channel'[LT1.3 - Channel Macro Group],
    ""Net Sales Revenue"",
        CALCULATE(
            [Bottler Net Revenue AC (LC)],
            KEEPFILTERS('Ship From'[Country] = ""Colombia""),
            KEEPFILTERS('Period'[Month 445] = ""2025 Dec"")
        ),
    ""Net Sales Revenue PY"",
        CALCULATE(
            [Bottler Net Revenue AC PY (LC)],
            KEEPFILTERS('Ship From'[Country] = ""Colombia""),
            KEEPFILTERS('Period'[Month 445] = ""2025 Dec"")
        ),
    ""Net Sales Revenue % vs PY"",
        CALCULATE(
            [Bottler Net Revenue AC (LC) % vs PY],
            KEEPFILTERS('Ship From'[Country] = ""Colombia""),
            KEEPFILTERS('Period'[Month 445] = ""2025 Dec"")
        )
)
ORDER BY [Net Sales Revenue] DESC",200,2.268048,"{'error': ""General Error: Query (12, 13) The value for '<oii>Bottler Net Revenue AC PY (LC)</oii>' cannot be determined. Either the column doesn't exist, or there is no current row for this column.\r\n\r\nTechnical Details:\r\nRootActivityId: dd4a0d10-62fa-4fe5-8e41-dc015832f435\r\nDate (UTC): 5/21/2026 12:38:07 AM\r\n   at Microsoft.AnalysisServices.AdomdClient.XmlaClient.CheckForSoapFault(XmlReader reader, XmlaResult xmlaResult, Boolean throwIfError)\r\n   at Microsoft.AnalysisServices.AdomdClient.XmlaClient.SendMessage(Boolean endReceivalIfException, Boolean readSession, Boolean readNamespaceCompatibility)\r\n   at Microsoft.AnalysisServices.AdomdClient.XmlaClient.ExecuteStatement(String statement, IDictionary connectionProperties, IDictionary commandProperties, IDataParameterCollection parameters, Boolean isMdx)\r\n   at Microsoft.AnalysisServices.AdomdClient.AdomdConnection.XmlaClientProvider.Microsoft.AnalysisServices.AdomdClient.IExecuteProvider.ExecuteTabular(CommandBehavior behavior, ICommandContentProvider contentProvider, AdomdPropertyCollection commandProperties, IDataParameterCollection parameters)\r\n   at Microsoft.AnalysisServices.AdomdClient.AdomdCommand.ExecuteReader(CommandBehavior behavior)""}"
"EVALUATE
FILTER(
    ADDCOLUMNS(
        SUMMARIZECOLUMNS(
            'Ship To'[LT1.2 - Customer],
            ""Customer Flavors Mix %"",
                DIVIDE(
                    CALCULATE(
                        [Unit Cases AC],
                        KEEPFILTERS('Product'[LT1.5 - Category] = ""Flavors""),
                        KEEPFILTERS('Ship From'[Country] = ""Colombia"")
                    ),
                    CALCULATE(
                        [Unit Cases AC],
                        KEEPFILTERS('Ship From'[Country] = ""Colombia"")
                    )
                ),
            ""National Flavors Mix %"",
                DIVIDE(
                    CALCULATE(
                        [Unit Cases AC],
                        REMOVEFILTERS('Ship To'[LT1.2 - Customer]),
                        KEEPFILTERS('Product'[LT1.5 - Category] = ""Flavors""),
                        KEEPFILTERS('Ship From'[Country] = ""Colombia"")
                    ),
                    CALCULATE(
                        [Unit Cases AC],
                        REMOVEFILTERS('Ship To'[LT1.2 - Customer]),
                        KEEPFILTERS('Ship From'[Country] = ""Colombia"")
                    )
                )
        ),
        ""Mix Gap %"",
            [Customer Flavors Mix %] - [National Flavors Mix %]
    ),
    [Customer Flavors Mix %] < [National Flavors Mix %]
)
ORDER BY [Mix Gap %] ASC",200,2.742341,"[{'Ship To[LT1.2 - Customer]': 'Globalia Corporation', '[Customer Flavors Mix %]': None, '[National Flavors Mix %]': 0.09220216229877812, '[Mix Gap %]': -0.09220216229877812}, {'Ship To[LT1.2 - Customer]': 'Flamingo', '[Customer Flavors Mix %]': None, '[National Flavors Mix %]': 0.09220216229877812, '[Mix Gap %]': -0.09220216229877812}, {'Ship To[LT1.2 - Customer]': 'Maxol', '[Customer Flavors Mix %]': None, '[National Flavors Mix %]': 0.09220216229877812, '[Mix Gap %]': -0.09220216229877812}, {'Ship To[LT1.2 - Customer]': 'Foodies', '[Customer Flavors Mix %]': None, '[National Flavors Mix %]': 0.09220216229877812, '[Mix Gap %]': -0.09220216229877812}, {'Ship To[LT1.2 - Customer]': 'AbacoGroceries', '[Customer Flavors Mix %]': None, '[National Flavors Mix %]': 0.09220216229877812, '[Mix Gap %]': -0.09220216229877812}, {'Ship To[LT1.2 - Customer]': 'Omni', '[Customer Flavors Mix %]': None, '[National Flavors Mix %]': 0.09220216229877812, '[Mix Gap %]': -0.09220216229877812}, {'Ship To[LT1.2 - Customer]': 'Pratt Group', '[Customer Flavors Mix %]': None, '[National Flavors Mix %]': 0.09220216229877812, '[Mix Gap %]': -0.09220216229877812}, {'Ship To[LT1.2 - Customer]': 'JP Food Service Pte Ltd', '[Customer Flavors Mix %]': None, '[National Flavors Mix %]': 0.09220216229877812, '[Mix Gap %]': -0.09220216229877812}, {'Ship To[LT1.2 - Customer]': 'Supermercado Riba Smith', '[Customer Flavors Mix %]': None, '[National Flavors Mix %]': 0.09220216229877812, '[Mix Gap %]': -0.09220216229877812}, {'Ship To[LT1.2 - Customer]': 'Tarragona', '[Customer Flavors Mix %]': None, '[National Flavors Mix %]': 0.09220216229877812, '[Mix Gap %]': -0.09220216229877812}, {'Ship To[LT1.2 - Customer]': 'Princess', '[Customer Flavors Mix %]': None, '[National Flavors Mix %]': 0.09220216229877812, '[Mix Gap %]': -0.09220216229877812}, {'Ship To[LT1.2 - Customer]': 'Budget', '[Customer Flavors Mix %]': None, '[National Flavors Mix %]': 0.09220216229877812, '[Mix Gap %]': -0.09220216229877812}, {'Ship To[LT1.2 - Customer]': 'Magnum', '[Customer Flavors Mix %]': None, '[National Flavors Mix %]': 0.09220216229877812, '[Mix Gap %]': -0.09220216229877812}, {'Ship To[LT1.2 - Customer]': 'Farmacias Ahumada', '[Customer Flavors Mix %]': None, '[National Flavors Mix %]': 0.09220216229877812, '[Mix Gap %]': -0.09220216229877812}, {'Ship To[LT1.2 - Customer]': 'Star Cinema', '[Customer Flavors Mix %]': None, '[National Flavors Mix %]': 0.09220216229877812, '[Mix Gap %]': -0.09220216229877812}, {'Ship To[LT1.2 - Customer]': 'Allegro Resorts', '[Customer Flavors Mix %]': None, '[National Flavors Mix %]': 0.09220216229877812, '[Mix Gap %]': -0.09220216229877812}, {'Ship To[LT1.2 - Customer]': 'Melt', '[Customer Flavors Mix %]': None, '[National Flavors Mix %]': 0.09220216229877812, '[Mix Gap %]': -0.09220216229877812}, {'Ship To[LT1.2 - Customer]': 'Just Burger', '[Customer Flavors Mix %]': None, '[National Flavors Mix %]': 0.09220216229877812, '[Mix Gap %]': -0.09220216229877812}, {'Ship To[LT1.2 - Customer]': 'Marcos', '[Customer Flavors Mix %]': None, '[National Flavors Mix %]': 0.09220216229877812, '[Mix Gap %]': -0.09220216229877812}, {'Ship To[LT1.2 - Customer]': 'Delta Airlines Inc.', '[Customer Flavors Mix %]': None, '[National Flavors Mix %]': 0.09220216229877812, '[Mix Gap %]': -0.09220216229877812}, {'Ship To[LT1.2 - Customer]': 'Ryan Group', '[Customer Flavors Mix %]': None, '[National Flavors Mix %]': 0.09220216229877812, '[Mix Gap %]': -0.09220216229877812}, {'Ship To[LT1.2 - Customer]': 'Bodegas Alianza', '[Customer Flavors Mix %]': None, '[National Flavors Mix %]': 0.09220216229877812, '[Mix Gap %]': -0.09220216229877812}, {'Ship To[LT1.2 - Customer]': 'Aramco', '[Customer Flavors Mix %]': None, '[National Flavors Mix %]': 0.09220216229877812, '[Mix Gap %]': -0.09220216229877812}, {'Ship To[LT1.2 - Customer]': 'Gainful Merit Business, Inc.', '[Customer Flavors Mix %]': None, '[National Flavors Mix %]': 0.09220216229877812, '[Mix Gap %]': -0.09220216229877812}, {'Ship To[LT1.2 - Customer]': 'Fairmont Hotels and Resorts', '[Customer Flavors Mix %]': None, '[National Flavors Mix %]': 0.09220216229877812, '[Mix Gap %]': -0.09220216229877812}, {'Ship To[LT1.2 - Customer]': 'Traders Gift Shops', '[Customer Flavors Mix %]': None, '[National Flavors Mix %]': 0.09220216229877812, '[Mix Gap %]': -0.09220216229877812}, {'Ship To[LT1.2 - Customer]': 'Texas Roadhouse', '[Customer Flavors Mix %]': None, '[National Flavors Mix %]': 0.09220216229877812, '[Mix Gap %]': -0.09220216229877812}, {'Ship To[LT1.2 - Customer]': 'Farmacias Salco Brand', '[Customer Flavors Mix %]': None, '[National Flavors Mix %]': 0.09220216229877812, '[Mix Gap %]': -0.09220216229877812}, {'Ship To[LT1.2 - Customer]': 'HOTEL NYX', '[Customer Flavors Mix %]': None, '[National Flavors Mix %]': 0.09220216229877812, '[Mix Gap %]': -0.09220216229877812}, {'Ship To[LT1.2 - Customer]': 'CHECKERS HYPERMARKET SDN BHD', '[Customer Flavors Mix %]': None, '[National Flavors Mix %]': 0.09220216229877812, '[Mix Gap %]': -0.09220216229877812}, {'Ship To[LT1.2 - Customer]': 'Butterfield', '[Customer Flavors Mix %]': None, '[National Flavors Mix %]': 0.09220216229877812, '[Mix Gap %]': -0.09220216229877812}, {'Ship To[LT1.2 - Customer]': 'Seven Star', '[Customer Flavors Mix %]': None, '[National Flavors Mix %]': 0.09220216229877812, '[Mix Gap %]': -0.09220216229877812}, {'Ship To[LT1.2 - Customer]': 'Chilefilms / Conate', '[Customer Flavors Mix %]': None, '[National Flavors Mix %]': 0.09220216229877812, '[Mix Gap %]': -0.09220216229877812}, {'Ship To[LT1.2 - Customer]': 'Super Value', '[Customer Flavors Mix %]': None, '[National Flavors Mix %]': 0.09220216229877812, '[Mix Gap %]': -0.09220216229877812}, {'Ship To[LT1.2 - Customer]': 'Lucky Star', '[Customer Flavors Mix %]': None, '[National Flavors Mix %]': 0.09220216229877812, '[Mix Gap %]': -0.09220216229877812}, {'Ship To[LT1.2 - Customer]': 'SIA COMEDORES', '[Customer Flavors Mix %]': None, '[National Flavors Mix %]': 0.09220216229877812, '[Mix Gap %]': -0.09220216229877812}, {'Ship To[LT1.2 - Customer]': 'Maxik', '[Customer Flavors Mix %]': None, '[National Flavors Mix %]': 0.09220216229877812, '[Mix Gap %]': -0.09220216229877812}, {'Ship To[LT1.2 - Customer]': 'Henderson y C�a. S.A.', '[Customer Flavors Mix %]': None, '[National Flavors Mix %]': 0.09220216229877812, '[Mix Gap %]': -0.09220216229877812}, {'Ship To[LT1.2 - Customer]': 'La Pasiva', '[Customer Flavors Mix %]': None, '[National Flavors Mix %]': 0.09220216229877812, '[Mix Gap %]': -0.09220216229877812}, {'Ship To[LT1.2 - Customer]': 'Ancap', '[Customer Flavors Mix %]': None, '[National Flavors Mix %]': 0.09220216229877812, '[Mix Gap %]': -0.09220216229877812}, {'Ship To[LT1.2 - Customer]': None, '[Customer Flavors Mix %]': None, '[National Flavors Mix %]': 0.09220216229877812, '[Mix Gap %]': -0.09220216229877812}, {'Ship To[LT1.2 - Customer]': 'Aeromar', '[Customer Flavors Mix %]': None, '[National Flavors Mix %]': 0.09220216229877812, '[Mix Gap %]': -0.09220216229877812}, {'Ship To[LT1.2 - Customer]': 'FARMACIA SERVI EXPRESS', '[Customer Flavors Mix %]': None, '[National Flavors Mix %]': 0.09220216229877812, '[Mix Gap %]': -0.09220216229877812}, {'Ship To[LT1.2 - Customer]': 'Johnny Rockets Group Inc', '[Customer Flavors Mix %]': None, '[National Flavors Mix %]': 0.09220216229877812, '[Mix Gap %]': -0.09220216229877812}, {'Ship To[LT1.2 - Customer]': 'Chedraui', '[Customer Flavors Mix %]': None, '[National Flavors Mix %]': 0.09220216229877812, '[Mix Gap %]': -0.09220216229877812}, {'Ship To[LT1.2 - Customer]': 'ADO/GL UNO', '[Customer Flavors Mix %]': None, '[National Flavors Mix %]': 0.09220216229877812, '[Mix Gap %]': -0.09220216229877812}, {'Ship To[LT1.2 - Customer]': 'Frankoi, S.A. de C.V', '[Customer Flavors Mix %]': None, '[National Flavors Mix %]': 0.09220216229877812, '[Mix Gap %]': -0.09220216229877812}, {'Ship To[LT1.2 - Customer]': 'TIENDAS NETO', '[Customer Flavors Mix %]': None, '[National Flavors Mix %]': 0.09220216229877812, '[Mix Gap %]': -0.09220216229877812}, {'Ship To[LT1.2 - Customer]': 'Grupo Flecha Amarilla', '[Customer Flavors Mix %]': None, '[National Flavors Mix %]': 0.09220216229877812, '[Mix Gap %]': -0.09220216229877812}, {'Ship To[LT1.2 - Customer]': 'GO CINEMA', '[Customer Flavors Mix %]': None, '[National Flavors Mix %]': 0.09220216229877812, '[Mix Gap %]': -0.09220216229877812}, {'Ship To[LT1.2 - Customer]': 'Soriana', '[Customer Flavors Mix %]': None, '[National Flavors Mix %]': 0.09220216229877812, '[Mix Gap %]': -0.09220216229877812}, {'Ship To[LT1.2 - Customer]': 'Wyndham Worldwide', '[Customer Flavors Mix %]': None, '[National Flavors Mix %]': 0.09220216229877812, '[Mix Gap %]': -0.09220216229877812}, {'Ship To[LT1.2 - Customer]': 'Farmacias El Fenix', '[Customer Flavors Mix %]': None, '[National Flavors Mix %]': 0.09220216229877812, '[Mix Gap %]': -0.09220216229877812}, {'Ship To[LT1.2 - Customer]': 'Arrachera House S.A. de C.V.', '[Customer Flavors Mix %]': None, '[National Flavors Mix %]': 0.09220216229877812, '[Mix Gap %]': -0.09220216229877812}, {'Ship To[LT1.2 - Customer]': 'POLLOS RIO', '[Customer Flavors Mix %]': None, '[National Flavors Mix %]': 0.09220216229877812, '[Mix Gap %]': -0.09220216229877812}, {'Ship To[LT1.2 - Customer]': 'Almacenes Ibarra, S.A. de C.V', '[Customer Flavors Mix %]': None, '[National Flavors Mix %]': 0.09220216229877812, '[Mix Gap %]': -0.09220216229877812}, {'Ship To[LT1.2 - Customer]': 'Subway', '[Customer Flavors Mix %]': None, '[National Flavors Mix %]': 0.09220216229877812, '[Mix Gap %]': -0.09220216229877812}, {'Ship To[LT1.2 - Customer]': 'CKE', '[Customer Flavors Mix %]': None, '[National Flavors Mix %]': 0.09220216229877812, '[Mix Gap %]': -0.09220216229877812}, {'Ship To[LT1.2 - Customer]': 'Instituto de Estd Supr de Tamaulipas AC', '[Customer Flavors Mix %]': None, '[National Flavors Mix %]': 0.09220216229877812, '[Mix Gap %]': -0.09220216229877812}, {'Ship To[LT1.2 - Customer]': 'ECE', '[Customer Flavors Mix %]': None, '[National Flavors Mix %]': 0.09220216229877812, '[Mix Gap %]': -0.09220216229877812}, {'Ship To[LT1.2 - Customer]': 'Costco Wholesale', '[Customer Flavors Mix %]': None, '[National Flavors Mix %]': 0.09220216229877812, '[Mix Gap %]': -0.09220216229877812}, {'Ship To[LT1.2 - Customer]': 'SUPER IBERIA VECINO', '[Customer Flavors Mix %]': None, '[National Flavors Mix %]': 0.09220216229877812, '[Mix Gap %]': -0.09220216229877812}, {'Ship To[LT1.2 - Customer]': 'JOY', '[Customer Flavors Mix %]': None, '[National Flavors Mix %]': 0.09220216229877812, '[Mix Gap %]': -0.09220216229877812}, {'Ship To[LT1.2 - Customer]': 'Grupo Toluca', '[Customer Flavors Mix %]': None, '[National Flavors Mix %]': 0.09220216229877812, '[Mix Gap %]': -0.09220216229877812}, {'Ship To[LT1.2 - Customer]': 'MOSHI MOSHI', '[Customer Flavors Mix %]': None, '[National Flavors Mix %]': 0.09220216229877812, '[Mix Gap %]': -0.09220216229877812}, {'Ship To[LT1.2 - Customer]': 'Comercializadora VH', '[Customer Flavors Mix %]': None, '[National Flavors Mix %]': 0.09220216229877812, '[Mix Gap %]': -0.09220216229877812}, {'Ship To[LT1.2 - Customer]': 'PASTES KIKOS', '[Customer Flavors Mix %]': None, '[National Flavors Mix %]': 0.09220216229877812, '[Mix Gap %]': -0.09220216229877812}, {'Ship To[LT1.2 - Customer]': 'Tesco Plc', '[Customer Flavors Mix %]': None, '[National Flavors Mix %]': 0.09220216229877812, '[Mix Gap %]': -0.09220216229877812}, {'Ship To[LT1.2 - Customer]': 'Wal-Mart Inc.', '[Customer Flavors Mix %]': None, '[National Flavors Mix %]': 0.09220216229877812, '[Mix Gap %]': -0.09220216229877812}, {'Ship To[LT1.2 - Customer]': 'Aramark', '[Customer Flavors Mix %]': None, '[National Flavors Mix %]': 0.09220216229877812, '[Mix Gap %]': -0.09220216229877812}, {'Ship To[LT1.2 - Customer]': 'Prohomi SA de CV', '[Customer Flavors Mix %]': None, '[National Flavors Mix %]': 0.09220216229877812, '[Mix Gap %]': -0.09220216229877812}, {'Ship To[LT1.2 - Customer]': 'SUPER JOEL', '[Customer Flavors Mix %]': None, '[National Flavors Mix %]': 0.09220216229877812, '[Mix Gap %]': -0.09220216229877812}, {'Ship To[LT1.2 - Customer]': 'Ital Alimentos SA de CV', '[Customer Flavors Mix %]': None, '[National Flavors Mix %]': 0.09220216229877812, '[Mix Gap %]': -0.09220216229877812}, {'Ship To[LT1.2 - Customer]': 'Coorporacion El Vigilante S.A.', '[Customer Flavors Mix %]': None, '[National Flavors Mix %]': 0.09220216229877812, '[Mix Gap %]': -0.09220216229877812}, {'Ship To[LT1.2 - Customer]': 'RINC?N & GPO GUAVOS', '[Customer Flavors Mix %]': None, '[National Flavors Mix %]': 0.09220216229877812, '[Mix Gap %]': -0.09220216229877812}, {'Ship To[LT1.2 - Customer]': 'FLAUTAS DEL ARCE', '[Customer Flavors Mix %]': None, '[National Flavors Mix %]': 0.09220216229877812, '[Mix Gap %]': -0.09220216229877812}, {'Ship To[LT1.2 - Customer]': 'Ace Hardware International, Inc.', '[Customer Flavors Mix %]': None, '[National Flavors Mix %]': 0.09220216229877812, '[Mix Gap %]': -0.09220216229877812}, {'Ship To[LT1.2 - Customer]': 'DON GIOVANNI', '[Customer Flavors Mix %]': None, '[National Flavors Mix %]': 0.09220216229877812, '[Mix Gap %]': -0.09220216229877812}, {'Ship To[LT1.2 - Customer]': 'EL BULL', '[Customer Flavors Mix %]': None, '[National Flavors Mix %]': 0.09220216229877812, '[Mix Gap %]': -0.09220216229877812}, {'Ship To[LT1.2 - Customer]': 'Safeway', '[Customer Flavors Mix %]': None, '[National Flavors Mix %]': 0.09220216229877812, '[Mix Gap %]': -0.09220216229877812}, {'Ship To[LT1.2 - Customer]': 'LAS PARRILLAS', '[Customer Flavors Mix %]': None, '[National Flavors Mix %]': 0.09220216229877812, '[Mix Gap %]': -0.09220216229877812}, {'Ship To[LT1.2 - Customer]': 'P Tsakiris', '[Customer Flavors Mix %]': None, '[National Flavors Mix %]': 0.09220216229877812, '[Mix Gap %]': -0.09220216229877812}, {'Ship To[LT1.2 - Customer]': 'EL PUNTO', '[Customer Flavors Mix %]': None, '[National Flavors Mix %]': 0.09220216229877812, '[Mix Gap %]': -0.09220216229877812}, {'Ship To[LT1.2 - Customer]': ""Applebee's"", '[Customer Flavors Mix %]': None, '[National Flavors Mix %]': 0.09220216229877812, '[Mix Gap %]': -0.09220216229877812}, {'Ship To[LT1.2 - Customer]': 'Modelorama', '[Customer Flavors Mix %]': None, '[National Flavors Mix %]': 0.09220216229877812, '[Mix Gap %]': -0.09220216229877812}, {'Ship To[LT1.2 - Customer]': 'Corporativo Edalcam Sa De Cv', '[Customer Flavors Mix %]': None, '[National Flavors Mix %]': 0.09220216229877812, '[Mix Gap %]': -0.09220216229877812}, {'Ship To[LT1.2 - Customer]': 'Corporacion Comercial Queretana, S.A.', '[Customer Flavors Mix %]': None, '[National Flavors Mix %]': 0.09220216229877812, '[Mix Gap %]': -0.09220216229877812}, {'Ship To[LT1.2 - Customer]': 'Instituto Tecn de Estd Supr Monterrey AC', '[Customer Flavors Mix %]': None, '[National Flavors Mix %]': 0.09220216229877812, '[Mix Gap %]': -0.09220216229877812}, {'Ship To[LT1.2 - Customer]': 'Concesionaria Vuela Compania de Aviacion', '[Customer Flavors Mix %]': None, '[National Flavors Mix %]': 0.09220216229877812, '[Mix Gap %]': -0.09220216229877812}, {'Ship To[LT1.2 - Customer]': 'Tiendas Grand S.A. de C.V.', '[Customer Flavors Mix %]': None, '[National Flavors Mix %]': 0.09220216229877812, '[Mix Gap %]': -0.09220216229877812}, {'Ship To[LT1.2 - Customer]': 'Stephen Martin Go', '[Customer Flavors Mix %]': None, '[National Flavors Mix %]': 0.09220216229877812, '[Mix Gap %]': -0.09220216229877812}, {'Ship To[LT1.2 - Customer]': 'Afc Enterprises Inc.', '[Customer Flavors Mix %]': None, '[National Flavors Mix %]': 0.09220216229877812, '[Mix Gap %]': -0.09220216229877812}, {'Ship To[LT1.2 - Customer]': 'Autobuses De La Piedad S.A.', '[Customer Flavors Mix %]': None, '[National Flavors Mix %]': 0.09220216229877812, '[Mix Gap %]': -0.09220216229877812}, {'Ship To[LT1.2 - Customer]': 'MANKA FOODS', '[Customer Flavors Mix %]': None, '[National Flavors Mix %]': 0.09220216229877812, '[Mix Gap %]': -0.09220216229877812}, {'Ship To[LT1.2 - Customer]': 'Comercial Mexicana (CCM)', '[Customer Flavors Mix %]': None, '[National Flavors Mix %]': 0.09220216229877812, '[Mix Gap %]': -0.09220216229877812}, {'Ship To[LT1.2 - Customer]': 'S S Global SA de CV', '[Customer Flavors Mix %]': None, '[National Flavors Mix %]': 0.09220216229877812, '[Mix Gap %]': -0.09220216229877812}, {'Ship To[LT1.2 - Customer]': 'ASADERO LOS TROMPOS', '[Customer Flavors Mix %]': None, '[National Flavors Mix %]': 0.09220216229877812, '[Mix Gap %]': -0.09220216229877812}, {'Ship To[LT1.2 - Customer]': 'Comercializadora EQQUS Frangel S.A. de C', '[Customer Flavors Mix %]': None, '[National Flavors Mix %]': 0.09220216229877812, '[Mix Gap %]': -0.09220216229877812}, {'Ship To[LT1.2 - Customer]': 'Club Med', '[Customer Flavors Mix %]': None, '[National Flavors Mix %]': 0.09220216229877812, '[Mix Gap %]': -0.09220216229877812}, {'Ship To[LT1.2 - Customer]': 'Six', '[Customer Flavors Mix %]': None, '[National Flavors Mix %]': 0.09220216229877812, '[Mix Gap %]': -0.09220216229877812}, {'Ship To[LT1.2 - Customer]': 'The Home Depot', '[Customer Flavors Mix %]': None, '[National Flavors Mix %]': 0.09220216229877812, '[Mix Gap %]': -0.09220216229877812}, {'Ship To[LT1.2 - Customer]': 'Dairy Queen', '[Customer Flavors Mix %]': None, '[National Flavors Mix %]': 0.09220216229877812, '[Mix Gap %]': -0.09220216229877812}, {'Ship To[LT1.2 - Customer]': 'Operadora Aeroboutiques SA de CV', '[Customer Flavors Mix %]': None, '[National Flavors Mix %]': 0.09220216229877812, '[Mix Gap %]': -0.09220216229877812}, {'Ship To[LT1.2 - Customer]': 'MANANITAS', '[Customer Flavors Mix %]': None, '[National Flavors Mix %]': 0.09220216229877812, '[Mix Gap %]': -0.09220216229877812}, {'Ship To[LT1.2 - Customer]': 'SUPERDES S.A. DE C. V.', '[Customer Flavors Mix %]': None, '[National Flavors Mix %]': 0.09220216229877812, '[Mix Gap %]': -0.09220216229877812}, {'Ship To[LT1.2 - Customer]': 'LA HOJALDRA', '[Customer Flavors Mix %]': None, '[National Flavors Mix %]': 0.09220216229877812, '[Mix Gap %]': -0.09220216229877812}, {'Ship To[LT1.2 - Customer]': 'GRUPO PRESIDENTE', '[Customer Flavors Mix %]': None, '[National Flavors Mix %]': 0.09220216229877812, '[Mix Gap %]': -0.09220216229877812}, {'Ship To[LT1.2 - Customer]': 'FEMSA Comercio', '[Customer Flavors Mix %]': None, '[National Flavors Mix %]': 0.09220216229877812, '[Mix Gap %]': -0.09220216229877812}, {'Ship To[LT1.2 - Customer]': 'Grupo Caliente', '[Customer Flavors Mix %]': None, '[National Flavors Mix %]': 0.09220216229877812, '[Mix Gap %]': -0.09220216229877812}, {'Ship To[LT1.2 - Customer]': 'El Palacio de Hierro SA de CV', '[Customer Flavors Mix %]': None, '[National Flavors Mix %]': 0.09220216229877812, '[Mix Gap %]': -0.09220216229877812}, {'Ship To[LT1.2 - Customer]': 'Hotel Las Brisas', '[Customer Flavors Mix %]': None, '[National Flavors Mix %]': 0.09220216229877812, '[Mix Gap %]': -0.09220216229877812}, {'Ship To[LT1.2 - Customer]': 'Franquicias Maso En Expansion SA DE CV', '[Customer Flavors Mix %]': None, '[National Flavors Mix %]': 0.09220216229877812, '[Mix Gap %]': -0.09220216229877812}, {'Ship To[LT1.2 - Customer]': 'Cheesecake Factory', '[Customer Flavors Mix %]': None, '[National Flavors Mix %]': 0.09220216229877812, '[Mix Gap %]': -0.09220216229877812}, {'Ship To[LT1.2 - Customer]': 'DONA TOTA', '[Customer Flavors Mix %]': None, '[National Flavors Mix %]': 0.09220216229877812, '[Mix Gap %]': -0.09220216229877812}, {'Ship To[LT1.2 - Customer]': 'Yum! Brands, Inc.', '[Customer Flavors Mix %]': None, '[National Flavors Mix %]': 0.09220216229877812, '[Mix Gap %]': -0.09220216229877812}, {'Ship To[LT1.2 - Customer]': 'RAIN FOREST', '[Customer Flavors Mix %]': None, '[National Flavors Mix %]': 0.09220216229877812, '[Mix Gap %]': -0.09220216229877812}, {'Ship To[LT1.2 - Customer]': 'Administradora Mexicana de Hipodromo S.A', '[Customer Flavors Mix %]': None, '[National Flavors Mix %]': 0.09220216229877812, '[Mix Gap %]': -0.09220216229877812}, {'Ship To[LT1.2 - Customer]': 'MARISCOS VILLA RICA', '[Customer Flavors Mix %]': None, '[National Flavors Mix %]': 0.09220216229877812, '[Mix Gap %]': -0.09220216229877812}, {'Ship To[LT1.2 - Customer]': 'MUY FOODS', '[Customer Flavors Mix %]': None, '[National Flavors Mix %]': 0.09220216229877812, '[Mix Gap %]': -0.09220216229877812}, {'Ship To[LT1.2 - Customer]': ""Tim Horton's"", '[Customer Flavors Mix %]': None, '[National Flavors Mix %]': 0.09220216229877812, '[Mix Gap %]': -0.09220216229877812}, {'Ship To[LT1.2 - Customer]': 'ASADERO CIEN', '[Customer Flavors Mix %]': None, '[National Flavors Mix %]': 0.09220216229877812, '[Mix Gap %]': -0.09220216229877812}, {'Ship To[LT1.2 - Customer]': ""Tony Roma's"", '[Customer Flavors Mix %]': None, '[National Flavors Mix %]': 0.09220216229877812, '[Mix Gap %]': -0.09220216229877812}, {'Ship To[LT1.2 - Customer]': 'DE LA MANCHA', '[Customer Flavors Mix %]': None, '[National Flavors Mix %]': 0.09220216229877812, '[Mix Gap %]': -0.09220216229877812}, {'Ship To[LT1.2 - Customer]': 'United Airlines', '[Customer Flavors Mix %]': None, '[National Flavors Mix %]': 0.09220216229877812, '[Mix Gap %]': -0.09220216229877812}, {'Ship To[LT1.2 - Customer]': 'Grupo Madero', '[Customer Flavors Mix %]': None, '[National Flavors Mix %]': 0.09220216229877812, '[Mix Gap %]': -0.09220216229877812}, {'Ship To[LT1.2 - Customer]': 'Corp. Mexicana de Restaurantes', '[Customer Flavors Mix %]': None, '[National Flavors Mix %]': 0.09220216229877812, '[Mix Gap %]': -0.09220216229877812}, {'Ship To[LT1.2 - Customer]': '7-Eleven, Inc.', '[Customer Flavors Mix %]': None, '[National Flavors Mix %]': 0.09220216229877812, '[Mix Gap %]': -0.09220216229877812}, {'Ship To[LT1.2 - Customer]': 'CHILIM BALAM', '[Customer Flavors Mix %]': None, '[National Flavors Mix %]': 0.09220216229877812, '[Mix Gap %]': -0.09220216229877812}, {'Ship To[LT1.2 - Customer]': 'Six Flags, Inc.', '[Customer Flavors Mix %]': None, '[National Flavors Mix %]': 0.09220216229877812, '[Mix Gap %]': -0.09220216229877812}, {'Ship To[LT1.2 - Customer]': 'Andiamo', '[Customer Flavors Mix %]': None, '[National Flavors Mix %]': 0.09220216229877812, '[Mix Gap %]': -0.09220216229877812}, {'Ship To[LT1.2 - Customer]': 'NH Hotels', '[Customer Flavors Mix %]': None, '[National Flavors Mix %]': 0.09220216229877812, '[Mix Gap %]': -0.09220216229877812}, {'Ship To[LT1.2 - Customer]': 'CALIFA', '[Customer Flavors Mix %]': None, '[National Flavors Mix %]': 0.09220216229877812, '[Mix Gap %]': -0.09220216229877812}, {'Ship To[LT1.2 - Customer]': 'Krispy Kreme', '[Customer Flavors Mix %]': None, '[National Flavors Mix %]': 0.09220216229877812, '[Mix Gap %]': -0.09220216229877812}, {'Ship To[LT1.2 - Customer]': 'Shell', '[Customer Flavors Mix %]': None, '[National Flavors Mix %]': 0.09220216229877812, '[Mix Gap %]': -0.09220216229877812}, {'Ship To[LT1.2 - Customer]': 'S?per Oui de San Rafael S.A. de C.V', '[Customer Flavors Mix %]': None, '[National Flavors Mix %]': 0.09220216229877812, '[Mix Gap %]': -0.09220216229877812}, {'Ship To[LT1.2 - Customer]': 'Tiendas Garces S.A .de C.V.', '[Customer Flavors Mix %]': None, '[National Flavors Mix %]': 0.09220216229877812, '[Mix Gap %]': -0.09220216229877812}, {'Ship To[LT1.2 - Customer]': 'Amor por el Cine SA de CV', '[Customer Flavors Mix %]': None, '[National Flavors Mix %]': 0.09220216229877812, '[Mix Gap %]': -0.09220216229877812}, {'Ship To[LT1.2 - Customer]': 'Impulsora de Restaurantes el Fogoncito', '[Customer Flavors Mix %]': None, '[National Flavors Mix %]': 0.09220216229877812, '[Mix Gap %]': -0.09220216229877812}, {'Ship To[LT1.2 - Customer]': 'Alsea', '[Customer Flavors Mix %]': None, '[National Flavors Mix %]': 0.09220216229877812, '[Mix Gap %]': -0.09220216229877812}, {'Ship To[LT1.2 - Customer]': 'Panaderia y Servicios Tradicionales SA', '[Customer Flavors Mix %]': None, '[National Flavors Mix %]': 0.09220216229877812, '[Mix Gap %]': -0.09220216229877812}, {'Ship To[LT1.2 - Customer]': 'SPORT CITY & CITY CAF?', '[Customer Flavors Mix %]': None, '[National Flavors Mix %]': 0.09220216229877812, '[Mix Gap %]': -0.09220216229877812}, {'Ship To[LT1.2 - Customer]': 'Office Depot, Inc', '[Customer Flavors Mix %]': None, '[National Flavors Mix %]': 0.09220216229877812, '[Mix Gap %]': -0.09220216229877812}, {'Ship To[LT1.2 - Customer]': 'GARABATOS', '[Customer Flavors Mix %]': None, '[National Flavors Mix %]': 0.09220216229877812, '[Mix Gap %]': -0.09220216229877812}, {'Ship To[LT1.2 - Customer]': 'FARMACIAS PUREX', '[Customer Flavors Mix %]': None, '[National Flavors Mix %]': 0.09220216229877812, '[Mix Gap %]': -0.09220216229877812}, {'Ship To[LT1.2 - Customer]': 'BRASILEIRINHO', '[Customer Flavors Mix %]': None, '[National Flavors Mix %]': 0.09220216229877812, '[Mix Gap %]': -0.09220216229877812}, {'Ship To[LT1.2 - Customer]': 'Multimedios Estrellas de Oro', '[Customer Flavors Mix %]': None, '[National Flavors Mix %]': 0.09220216229877812, '[Mix Gap %]': -0.09220216229877812}, {'Ship To[LT1.2 - Customer]': 'Circle K Corp', '[Customer Flavors Mix %]': None, '[National Flavors Mix %]': 0.09220216229877812, '[Mix Gap %]': -0.09220216229877812}, {'Ship To[LT1.2 - Customer]': 'BELLINHAUSEN', '[Customer Flavors Mix %]': None, '[National Flavors Mix %]': 0.09220216229877812, '[Mix Gap %]': -0.09220216229877812}, {'Ship To[LT1.2 - Customer]': 'Grupo Bimbo', '[Customer Flavors Mix %]': None, '[National Flavors Mix %]': 0.09220216229877812, '[Mix Gap %]': -0.09220216229877812}, {'Ship To[LT1.2 - Customer]': 'Chazz', '[Customer Flavors Mix %]': None, '[National Flavors Mix %]': 0.09220216229877812, '[Mix Gap %]': -0.09220216229877812}, {'Ship To[LT1.2 - Customer]': 'Mayoreo En Abarrotes La Guadalupana S.A.', '[Customer Flavors Mix %]': None, '[National Flavors Mix %]': 0.09220216229877812, '[Mix Gap %]': -0.09220216229877812}, {'Ship To[LT1.2 - Customer]': 'Carlson', '[Customer Flavors Mix %]': None, '[National Flavors Mix %]': 0.09220216229877812, '[Mix Gap %]': -0.09220216229877812}, {'Ship To[LT1.2 - Customer]': 'HOTEL CAMINO REAL', '[Customer Flavors Mix %]': None, '[National Flavors Mix %]': 0.09220216229877812, '[Mix Gap %]': -0.09220216229877812}, {'Ship To[LT1.2 - Customer]': 'Farmacias Benavides', '[Customer Flavors Mix %]': None, '[National Flavors Mix %]': 0.09220216229877812, '[Mix Gap %]': -0.09220216229877812}, {'Ship To[LT1.2 - Customer]': 'DON MANOLITO', '[Customer Flavors Mix %]': None, '[National Flavors Mix %]': 0.09220216229877812, '[Mix Gap %]': -0.09220216229877812}, {'Ship To[LT1.2 - Customer]': 'TORTAS HIPOCAMPO', '[Customer Flavors Mix %]': None, '[National Flavors Mix %]': 0.09220216229877812, '[Mix Gap %]': -0.09220216229877812}, {'Ship To[LT1.2 - Customer]': ""Benedetti's Pizza"", '[Customer Flavors Mix %]': None, '[National Flavors Mix %]': 0.09220216229877812, '[Mix Gap %]': -0.09220216229877812}, {'Ship To[LT1.2 - Customer]': ""Wendy's"", '[Customer Flavors Mix %]': None, '[National Flavors Mix %]': 0.09220216229877812, '[Mix Gap %]': -0.09220216229877812}, {'Ship To[LT1.2 - Customer]': 'ABARROTES DUNO', '[Customer Flavors Mix %]': None, '[National Flavors Mix %]': 0.09220216229877812, '[Mix Gap %]': -0.09220216229877812}, {'Ship To[LT1.2 - Customer]': 'Grupo Comercial Controls.A.', '[Customer Flavors Mix %]': None, '[National Flavors Mix %]': 0.09220216229877812, '[Mix Gap %]': -0.09220216229877812}, {'Ship To[LT1.2 - Customer]': 'Alimentos Selectos del Noroeste', '[Customer Flavors Mix %]': None, '[National Flavors Mix %]': 0.09220216229877812, '[Mix Gap %]': -0.09220216229877812}, {'Ship To[LT1.2 - Customer]': 'Aerolineas Mesoamericanas SA de CV', '[Customer Flavors Mix %]': None, '[National Flavors Mix %]': 0.09220216229877812, '[Mix Gap %]': -0.09220216229877812}, {'Ship To[LT1.2 - Customer]': 'Senderos', '[Customer Flavors Mix %]': None, '[National Flavors Mix %]': 0.09220216229877812, '[Mix Gap %]': -0.09220216229877812}, {'Ship To[LT1.2 - Customer]': 'Diageo', '[Customer Flavors Mix %]': None, '[National Flavors Mix %]': 0.09220216229877812, '[Mix Gap %]': -0.09220216229877812}, {'Ship To[LT1.2 - Customer]': 'Grupo Orraca', '[Customer Flavors Mix %]': None, '[National Flavors Mix %]': 0.09220216229877812, '[Mix Gap %]': -0.09220216229877812}, {'Ship To[LT1.2 - Customer]': 'Grupo Super Cream S.A. de C.V.', '[Customer Flavors Mix %]': None, '[National Flavors Mix %]': 0.09220216229877812, '[Mix Gap %]': -0.09220216229877812}, {'Ship To[LT1.2 - Customer]': 'Oriental Grill S.A. de C.V.', '[Customer Flavors Mix %]': None, '[National Flavors Mix %]': 0.09220216229877812, '[Mix Gap %]': -0.09220216229877812}, {'Ship To[LT1.2 - Customer]': 'Comunicaciones Nextel de Mexico, S.A. de', '[Customer Flavors Mix %]': None, '[National Flavors Mix %]': 0.09220216229877812, '[Mix Gap %]': -0.09220216229877812}, {'Ship To[LT1.2 - Customer]': 'EL PESCAU', '[Customer Flavors Mix %]': None, '[National Flavors Mix %]': 0.09220216229877812, '[Mix Gap %]': -0.09220216229877812}, {'Ship To[LT1.2 - Customer]': 'Waldo?s Dollar Mart de Mexico S. de R.L.', '[Customer Flavors Mix %]': None, '[National Flavors Mix %]': 0.09220216229877812, '[Mix Gap %]': -0.09220216229877812}, {'Ship To[LT1.2 - Customer]': 'Super Alan S.A. de C.V.', '[Customer Flavors Mix %]': None, '[National Flavors Mix %]': 0.09220216229877812, '[Mix Gap %]': -0.09220216229877812}, {'Ship To[LT1.2 - Customer]': 'Tiendas Soriana SA DE CV', '[Customer Flavors Mix %]': None, '[National Flavors Mix %]': 0.09220216229877812, '[Mix Gap %]': -0.09220216229877812}, {'Ship To[LT1.2 - Customer]': 'Ayax Comercial, S.A. de C.V', '[Customer Flavors Mix %]': None, '[National Flavors Mix %]': 0.09220216229877812, '[Mix Gap %]': -0.09220216229877812}, {'Ship To[LT1.2 - Customer]': 'REBEL WINGS', '[Customer Flavors Mix %]': None, '[National Flavors Mix %]': 0.09220216229877812, '[Mix Gap %]': -0.09220216229877812}, {'Ship To[LT1.2 - Customer]': 'PERROS Y BURROS', '[Customer Flavors Mix %]': None, '[National Flavors Mix %]': 0.09220216229877812, '[Mix Gap %]': -0.09220216229877812}, {'Ship To[LT1.2 - Customer]': 'Eric Kayser', '[Customer Flavors Mix %]': None, '[National Flavors Mix %]': 0.09220216229877812, '[Mix Gap %]': -0.09220216229877812}, {'Ship To[LT1.2 - Customer]': 'TIENDAS COMERCIAL MEXICANA SA DE CV', '[Customer Flavors Mix %]': None, '[National Flavors Mix %]': 0.09220216229877812, '[Mix Gap %]': -0.09220216229877812}, {'Ship To[LT1.2 - Customer]': 'Bisquets de Obregon', '[Customer Flavors Mix %]': None, '[National Flavors Mix %]': 0.09220216229877812, '[Mix Gap %]': -0.09220216229877812}, {'Ship To[LT1.2 - Customer]': 'POTZOLLCALLI', '[Customer Flavors Mix %]': None, '[National Flavors Mix %]': 0.09220216229877812, '[Mix Gap %]': -0.09220216229877812}, {'Ship To[LT1.2 - Customer]': 'Areas Group', '[Customer Flavors Mix %]': None, '[National Flavors Mix %]': 0.09220216229877812, '[Mix Gap %]': -0.09220216229877812}, {'Ship To[LT1.2 - Customer]': 'Farmacias San Francisco de Asis, S.A de', '[Customer Flavors Mix %]': None, '[National Flavors Mix %]': 0.09220216229877812, '[Mix Gap %]': -0.09220216229877812}, {'Ship To[LT1.2 - Customer]': 'SPORTWAY', '[Customer Flavors Mix %]': None, '[National Flavors Mix %]': 0.09220216229877812, '[Mix Gap %]': -0.09220216229877812}, {'Ship To[LT1.2 - Customer]': 'FARMACIA YIREH', '[Customer Flavors Mix %]': None, '[National Flavors Mix %]': 0.09220216229877812, '[Mix Gap %]': -0.09220216229877812}, {'Ship To[LT1.2 - Customer]': 'Grupo Restaurantero del Centro S.A.de CV', '[Customer Flavors Mix %]': None, '[National Flavors Mix %]': 0.09220216229877812, '[Mix Gap %]': -0.09220216229877812}, {'Ship To[LT1.2 - Customer]': 'Hermelinda P?rez Cruz', '[Customer Flavors Mix %]': None, '[National Flavors Mix %]': 0.09220216229877812, '[Mix Gap %]': -0.09220216229877812}, {'Ship To[LT1.2 - Customer]': 'Las Alitas', '[Customer Flavors Mix %]': None, '[National Flavors Mix %]': 0.09220216229877812, '[Mix Gap %]': -0.09220216229877812}, {'Ship To[LT1.2 - Customer]': 'Bodegas Queretanas S. De R.L.', '[Customer Flavors Mix %]': None, '[National Flavors Mix %]': 0.09220216229877812, '[Mix Gap %]': -0.09220216229877812}, {'Ship To[LT1.2 - Customer]': 'Farmacias Gi S.A. de C.V.', '[Customer Flavors Mix %]': None, '[National Flavors Mix %]': 0.09220216229877812, '[Mix Gap %]': -0.09220216229877812}, {'Ship To[LT1.2 - Customer]': 'CERVECENTRO', '[Customer Flavors Mix %]': None, '[National Flavors Mix %]': 0.09220216229877812, '[Mix Gap %]': -0.09220216229877812}, {'Ship To[LT1.2 - Customer]': 'Industrial De Alimentos De Linares S.A.', '[Customer Flavors Mix %]': None, '[National Flavors Mix %]': 0.09220216229877812, '[Mix Gap %]': -0.09220216229877812}, {'Ship To[LT1.2 - Customer]': 'LUPILLOS', '[Customer Flavors Mix %]': None, '[National Flavors Mix %]': 0.09220216229877812, '[Mix Gap %]': -0.09220216229877812}, {'Ship To[LT1.2 - Customer]': 'Torg.Trakt.Stek.Ooo', '[Customer Flavors Mix %]': None, '[National Flavors Mix %]': 0.09220216229877812, '[Mix Gap %]': -0.09220216229877812}, {'Ship To[LT1.2 - Customer]': 'LA ESPERANZA', '[Customer Flavors Mix %]': None, '[National Flavors Mix %]': 0.09220216229877812, '[Mix Gap %]': -0.09220216229877812}, {'Ship To[LT1.2 - Customer]': 'InterContinental Hotels Group', '[Customer Flavors Mix %]': None, '[National Flavors Mix %]': 0.09220216229877812, '[Mix Gap %]': -0.09220216229877812}, {'Ship To[LT1.2 - Customer]': 'Grupo Posadas', '[Customer Flavors Mix %]': None, '[National Flavors Mix %]': 0.09220216229877812, '[Mix Gap %]': -0.09220216229877812}, {'Ship To[LT1.2 - Customer]': 'Operadora Futurama', '[Customer Flavors Mix %]': None, '[National Flavors Mix %]': 0.09220216229877812, '[Mix Gap %]': -0.09220216229877812}, {'Ship To[LT1.2 - Customer]': 'SONORA', '[Customer Flavors Mix %]': None, '[National Flavors Mix %]': 0.09220216229877812, '[Mix Gap %]': -0.09220216229877812}, {'Ship To[LT1.2 - Customer]': 'Brinker International Inc.', '[Customer Flavors Mix %]': None, '[National Flavors Mix %]': 0.09220216229877812, '[Mix Gap %]': -0.09220216229877812}, {'Ship To[LT1.2 - Customer]': 'Coorporacion El Asturiano S.A.', '[Customer Flavors Mix %]': None, '[National Flavors Mix %]': 0.09220216229877812, '[Mix Gap %]': -0.09220216229877812}, {'Ship To[LT1.2 - Customer]': 'PIZZA AMORE', '[Customer Flavors Mix %]': None, '[National Flavors Mix %]': 0.09220216229877812, '[Mix Gap %]': -0.09220216229877812}, {'Ship To[LT1.2 - Customer]': 'AMF Bowling', '[Customer Flavors Mix %]': None, '[National Flavors Mix %]': 0.09220216229877812, '[Mix Gap %]': -0.09220216229877812}, {'Ship To[LT1.2 - Customer]': 'Distribuidora Liverpool, S.A. de C.V.', '[Customer Flavors Mix %]': None, '[National Flavors Mix %]': 0.09220216229877812, '[Mix Gap %]': -0.09220216229877812}, {'Ship To[LT1.2 - Customer]': 'Aviacsa', '[Customer Flavors Mix %]': None, '[National Flavors Mix %]': 0.09220216229877812, '[Mix Gap %]': -0.09220216229877812}, {'Ship To[LT1.2 - Customer]': 'Aeroenlaces Nacionales S.A. de C.V.', '[Customer Flavors Mix %]': None, '[National Flavors Mix %]': 0.09220216229877812, '[Mix Gap %]': -0.09220216229877812}, {'Ship To[LT1.2 - Customer]': 'Wyndham Hotel', '[Customer Flavors Mix %]': None, '[National Flavors Mix %]': 0.09220216229877812, '[Mix Gap %]': -0.09220216229877812}, {'Ship To[LT1.2 - Customer]': 'LA EUROPEA', '[Customer Flavors Mix %]': None, '[National Flavors Mix %]': 0.09220216229877812, '[Mix Gap %]': -0.09220216229877812}, {'Ship To[LT1.2 - Customer]': ""Quizno's"", '[Customer Flavors Mix %]': None, '[National Flavors Mix %]': 0.09220216229877812, '[Mix Gap %]': -0.09220216229877812}, {'Ship To[LT1.2 - Customer]': 'COLORINES TEPOZTL?N', '[Customer Flavors Mix %]': None, '[National Flavors Mix %]': 0.09220216229877812, '[Mix Gap %]': -0.09220216229877812}, {'Ship To[LT1.2 - Customer]': 'Santa Clara Mercantil de Pachuca SA de C', '[Customer Flavors Mix %]': None, '[National Flavors Mix %]': 0.09220216229877812, '[Mix Gap %]': -0.09220216229877812}, {'Ship To[LT1.2 - Customer]': 'Hilton Hotel Corporation', '[Customer Flavors Mix %]': None, '[National Flavors Mix %]': 0.09220216229877812, '[Mix Gap %]': -0.09220216229877812}, {'Ship To[LT1.2 - Customer]': 'Museo Interactivo Infantil', '[Customer Flavors Mix %]': None, '[National Flavors Mix %]': 0.09220216229877812, '[Mix Gap %]': -0.09220216229877812}, {'Ship To[LT1.2 - Customer]': 'Super Q S.A.', '[Customer Flavors Mix %]': None, '[National Flavors Mix %]': 0.09220216229877812, '[Mix Gap %]': -0.09220216229877812}, {'Ship To[LT1.2 - Customer]': 'Firehouse Restaurant Group', '[Customer Flavors Mix %]': None, '[National Flavors Mix %]': 0.09220216229877812, '[Mix Gap %]': -0.09220216229877812}, {'Ship To[LT1.2 - Customer]': 'Carso', '[Customer Flavors Mix %]': None, '[National Flavors Mix %]': 0.09220216229877812, '[Mix Gap %]': -0.09220216229877812}, {'Ship To[LT1.2 - Customer]': 'Farmacias Guadalajara', '[Customer Flavors Mix %]': None, '[National Flavors Mix %]': 0.09220216229877812, '[Mix Gap %]': -0.09220216229877812}, {'Ship To[LT1.2 - Customer]': 'Hoteles Quinta Real', '[Customer Flavors Mix %]': None, '[National Flavors Mix %]': 0.09220216229877812, '[Mix Gap %]': -0.09220216229877812}, {'Ship To[LT1.2 - Customer]': 'VELERO TIA LICHA', '[Customer Flavors Mix %]': None, '[National Flavors Mix %]': 0.09220216229877812, '[Mix Gap %]': -0.09220216229877812}, {'Ship To[LT1.2 - Customer]': 'LOS PACOS', '[Customer Flavors Mix %]': None, '[National Flavors Mix %]': 0.09220216229877812, '[Mix Gap %]': -0.09220216229877812}, {'Ship To[LT1.2 - Customer]': 'El Porton', '[Customer Flavors Mix %]': None, '[National Flavors Mix %]': 0.09220216229877812, '[Mix Gap %]': -0.09220216229877812}, {'Ship To[LT1.2 - Customer]': 'Restaurantes California SA de CV', '[Customer Flavors Mix %]': None, '[National Flavors Mix %]': 0.09220216229877812, '[Mix Gap %]': -0.09220216229877812}, {'Ship To[LT1.2 - Customer]': ""Arby's"", '[Customer Flavors Mix %]': None, '[National Flavors Mix %]': 0.09220216229877812, '[Mix Gap %]': -0.09220216229877812}, {'Ship To[LT1.2 - Customer]': 'Comercializadora Merco', '[Customer Flavors Mix %]': None, '[National Flavors Mix %]': 0.09220216229877812, '[Mix Gap %]': -0.09220216229877812}, {'Ship To[LT1.2 - Customer]': 'FARMACIAS ESQUIVAR', '[Customer Flavors Mix %]': None, '[National Flavors Mix %]': 0.09220216229877812, '[Mix Gap %]': -0.09220216229877812}, {'Ship To[LT1.2 - Customer]': 'Comercializadora GEEM, S.A. de C.V.', '[Customer Flavors Mix %]': None, '[National Flavors Mix %]': 0.09220216229877812, '[Mix Gap %]': -0.09220216229877812}, {'Ship To[LT1.2 - Customer]': 'CL?SICO', '[Customer Flavors Mix %]': None, '[National Flavors Mix %]': 0.09220216229877812, '[Mix Gap %]': -0.09220216229877812}, {'Ship To[LT1.2 - Customer]': 'FISHER?S', '[Customer Flavors Mix %]': None, '[National Flavors Mix %]': 0.09220216229877812, '[Mix Gap %]': -0.09220216229877812}, {'Ship To[LT1.2 - Customer]': 'CINE MADERO', '[Customer Flavors Mix %]': None, '[National Flavors Mix %]': 0.09220216229877812, '[Mix Gap %]': -0.09220216229877812}, {'Ship To[LT1.2 - Customer]': 'Mitchells & Butlers plc.', '[Customer Flavors Mix %]': None, '[National Flavors Mix %]': 0.09220216229877812, '[Mix Gap %]': -0.09220216229877812}, {'Ship To[LT1.2 - Customer]': 'EL FAROLITO', '[Customer Flavors Mix %]': None, '[National Flavors Mix %]': 0.09220216229877812, '[Mix Gap %]': -0.09220216229877812}, {'Ship To[LT1.2 - Customer]': 'AM/PM Mini Market', '[Customer Flavors Mix %]': None, '[National Flavors Mix %]': 0.09220216229877812, '[Mix Gap %]': -0.09220216229877812}, {'Ship To[LT1.2 - Customer]': 'Franquicias Recorcholis S.A. de C.V.', '[Customer Flavors Mix %]': None, '[National Flavors Mix %]': 0.09220216229877812, '[Mix Gap %]': -0.09220216229877812}, {'Ship To[LT1.2 - Customer]': 'HEB', '[Customer Flavors Mix %]': None, '[National Flavors Mix %]': 0.09220216229877812, '[Mix Gap %]': -0.09220216229877812}, {'Ship To[LT1.2 - Customer]': 'MC CARTHY?S IRISH PUB', '[Customer Flavors Mix %]': None, '[National Flavors Mix %]': 0.09220216229877812, '[Mix Gap %]': -0.09220216229877812}, {'Ship To[LT1.2 - Customer]': 'AISA Inmuebles S.A. de C.V.', '[Customer Flavors Mix %]': None, '[National Flavors Mix %]': 0.09220216229877812, '[Mix Gap %]': -0.09220216229877812}, {'Ship To[LT1.2 - Customer]': 'Taco Inn', '[Customer Flavors Mix %]': None, '[National Flavors Mix %]': 0.09220216229877812, '[Mix Gap %]': -0.09220216229877812}, {'Ship To[LT1.2 - Customer]': 'City Club', '[Customer Flavors Mix %]': None, '[National Flavors Mix %]': 0.09220216229877812, '[Mix Gap %]': -0.09220216229877812}, {'Ship To[LT1.2 - Customer]': 'Burger King', '[Customer Flavors Mix %]': None, '[National Flavors Mix %]': 0.09220216229877812, '[Mix Gap %]': -0.09220216229877812}, {'Ship To[LT1.2 - Customer]': 'ETN', '[Customer Flavors Mix %]': None, '[National Flavors Mix %]': 0.09220216229877812, '[Mix Gap %]': -0.09220216229877812}, {'Ship To[LT1.2 - Customer]': 'ANTOJITOS ANITA', '[Customer Flavors Mix %]': None, '[National Flavors Mix %]': 0.09220216229877812, '[Mix Gap %]': -0.09220216229877812}, {'Ship To[LT1.2 - Customer]': 'Accor', '[Customer Flavors Mix %]': None, '[National Flavors Mix %]': 0.09220216229877812, '[Mix Gap %]': -0.09220216229877812}, {'Ship To[LT1.2 - Customer]': 'Cinemex', '[Customer Flavors Mix %]': None, '[National Flavors Mix %]': 0.09220216229877812, '[Mix Gap %]': -0.09220216229877812}, {'Ship To[LT1.2 - Customer]': 'California Pizza Kitchen Inc.', '[Customer Flavors Mix %]': None, '[National Flavors Mix %]': 0.09220216229877812, '[Mix Gap %]': -0.09220216229877812}, {'Ship To[LT1.2 - Customer]': 'TACOS EL RODEO', '[Customer Flavors Mix %]': None, '[National Flavors Mix %]': 0.09220216229877812, '[Mix Gap %]': -0.09220216229877812}, {'Ship To[LT1.2 - Customer]': 'SUPER 2000', '[Customer Flavors Mix %]': None, '[National Flavors Mix %]': 0.09220216229877812, '[Mix Gap %]': -0.09220216229877812}, {'Ship To[LT1.2 - Customer]': 'FARMACIAS COFAR', '[Customer Flavors Mix %]': None, '[National Flavors Mix %]': 0.09220216229877812, '[Mix Gap %]': -0.09220216229877812}, {'Ship To[LT1.2 - Customer]': 'Peter Piper Pizza', '[Customer Flavors Mix %]': None, '[National Flavors Mix %]': 0.09220216229877812, '[Mix Gap %]': -0.09220216229877812}, {'Ship To[LT1.2 - Customer]': 'PIZZAS DE LA LE?A', '[Customer Flavors Mix %]': None, '[National Flavors Mix %]': 0.09220216229877812, '[Mix Gap %]': -0.09220216229877812}, {'Ship To[LT1.2 - Customer]': 'Starwood Hotels & Resorts Worldwide, Inc', '[Customer Flavors Mix %]': None, '[National Flavors Mix %]': 0.09220216229877812, '[Mix Gap %]': -0.09220216229877812}, {'Ship To[LT1.2 - Customer]': 'Droguerias y Farmacias El F?nix S. A. de', '[Customer Flavors Mix %]': None, '[National Flavors Mix %]': 0.09220216229877812, '[Mix Gap %]': -0.09220216229877812}, {'Ship To[LT1.2 - Customer]': 'Panda Restaurant Group', '[Customer Flavors Mix %]': None, '[National Flavors Mix %]': 0.09220216229877812, '[Mix Gap %]': -0.09220216229877812}, {'Ship To[LT1.2 - Customer]': 'ZOOLOGICO DE ZACANGO', '[Customer Flavors Mix %]': None, '[National Flavors Mix %]': 0.09220216229877812, '[Mix Gap %]': -0.09220216229877812}, {'Ship To[LT1.2 - Customer]': 'Bennigans', '[Customer Flavors Mix %]': None, '[National Flavors Mix %]': 0.09220216229877812, '[Mix Gap %]': -0.09220216229877812}, {'Ship To[LT1.2 - Customer]': 'Sinelli Concepts', '[Customer Flavors Mix %]': None, '[National Flavors Mix %]': 0.09220216229877812, '[Mix Gap %]': -0.09220216229877812}, {'Ship To[LT1.2 - Customer]': 'THE FOOD BOX', '[Customer Flavors Mix %]': None, '[National Flavors Mix %]': 0.09220216229877812, '[Mix Gap %]': -0.09220216229877812}, {'Ship To[LT1.2 - Customer]': 'LOS ARBOLITOS DE CAJEME', '[Customer Flavors Mix %]': None, '[National Flavors Mix %]': 0.09220216229877812, '[Mix Gap %]': -0.09220216229877812}, {'Ship To[LT1.2 - Customer]': 'Tiendas Tresb, SA. De C.V.', '[Customer Flavors Mix %]': None, '[National Flavors Mix %]': 0.09220216229877812, '[Mix Gap %]': -0.09220216229877812}, {'Ship To[LT1.2 - Customer]': 'CINTRA', '[Customer Flavors Mix %]': None, '[National Flavors Mix %]': 0.09220216229877812, '[Mix Gap %]': -0.09220216229877812}, {'Ship To[LT1.2 - Customer]': 'Aeromexico', '[Customer Flavors Mix %]': None, '[National Flavors Mix %]': 0.09220216229877812, '[Mix Gap %]': -0.09220216229877812}, {'Ship To[LT1.2 - Customer]': 'Cervezas Cuauhtemoc Moctezuma S.A.', '[Customer Flavors Mix %]': None, '[National Flavors Mix %]': 0.09220216229877812, '[Mix Gap %]': -0.09220216229877812}, {'Ship To[LT1.2 - Customer]': 'IHOP', '[Customer Flavors Mix %]': None, '[National Flavors Mix %]': 0.09220216229877812, '[Mix Gap %]': -0.09220216229877812}, {'Ship To[LT1.2 - Customer]': 'FARMACIAS MEDINA', '[Customer Flavors Mix %]': None, '[National Flavors Mix %]': 0.09220216229877812, '[Mix Gap %]': -0.09220216229877812}, {'Ship To[LT1.2 - Customer]': 'Milano', '[Customer Flavors Mix %]': None, '[National Flavors Mix %]': 0.09220216229877812, '[Mix Gap %]': -0.09220216229877812}, {'Ship To[LT1.2 - Customer]': ""Liny's"", '[Customer Flavors Mix %]': None, '[National Flavors Mix %]': 0.09220216229877812, '[Mix Gap %]': -0.09220216229877812}, {'Ship To[LT1.2 - Customer]': 'CAIPIRINHA', '[Customer Flavors Mix %]': None, '[National Flavors Mix %]': 0.09220216229877812, '[Mix Gap %]': -0.09220216229877812}, {'Ship To[LT1.2 - Customer]': 'Grupo ADO', '[Customer Flavors Mix %]': None, '[National Flavors Mix %]': 0.09220216229877812, '[Mix Gap %]': -0.09220216229877812}, {'Ship To[LT1.2 - Customer]': 'Best Buy', '[Customer Flavors Mix %]': None, '[National Flavors Mix %]': 0.09220216229877812, '[Mix Gap %]': -0.09220216229877812}, {'Ship To[LT1.2 - Customer]': 'El Pollo Loco', '[Customer Flavors Mix %]': None, '[National Flavors Mix %]': 0.09220216229877812, '[Mix Gap %]': -0.09220216229877812}, {'Ship To[LT1.2 - Customer]': 'SITYF', '[Customer Flavors Mix %]': None, '[National Flavors Mix %]': 0.09220216229877812, '[Mix Gap %]': -0.09220216229877812}, {'Ship To[LT1.2 - Customer]': 'TAQUERIA LA UNICA', '[Customer Flavors Mix %]': None, '[National Flavors Mix %]': 0.09220216229877812, '[Mix Gap %]': -0.09220216229877812}, {'Ship To[LT1.2 - Customer]': 'Linea Aerea Azteca', '[Customer Flavors Mix %]': None, '[National Flavors Mix %]': 0.09220216229877812, '[Mix Gap %]': -0.09220216229877812}, {'Ship To[LT1.2 - Customer]': 'Darden Restaurants', '[Customer Flavors Mix %]': None, '[National Flavors Mix %]': 0.09220216229877812, '[Mix Gap %]': -0.09220216229877812}, {'Ship To[LT1.2 - Customer]': 'Outback Steakhouse', '[Customer Flavors Mix %]': None, '[National Flavors Mix %]': 0.09220216229877812, '[Mix Gap %]': -0.09220216229877812}, {'Ship To[LT1.2 - Customer]': 'Commercializadora Farmaceutica de Chiapa', '[Customer Flavors Mix %]': None, '[National Flavors Mix %]': 0.09220216229877812, '[Mix Gap %]': -0.09220216229877812}, {'Ship To[LT1.2 - Customer]': 'Eurest Proper Meals de Mexico S.A. de CV', '[Customer Flavors Mix %]': None, '[National Flavors Mix %]': 0.09220216229877812, '[Mix Gap %]': -0.09220216229877812}, {'Ship To[LT1.2 - Customer]': 'Gastrosur SA de CV', '[Customer Flavors Mix %]': None, '[National Flavors Mix %]': 0.09220216229877812, '[Mix Gap %]': -0.09220216229877812}, {'Ship To[LT1.2 - Customer]': 'MR SUSHI', '[Customer Flavors Mix %]': None, '[National Flavors Mix %]': 0.09220216229877812, '[Mix Gap %]': -0.09220216229877812}, {'Ship To[LT1.2 - Customer]': 'Operadora OMX S. A. de C. V.', '[Customer Flavors Mix %]': None, '[National Flavors Mix %]': 0.09220216229877812, '[Mix Gap %]': -0.09220216229877812}, {'Ship To[LT1.2 - Customer]': 'RC OPERADORA DE CAFETER?AS', '[Customer Flavors Mix %]': None, '[National Flavors Mix %]': 0.09220216229877812, '[Mix Gap %]': -0.09220216229877812}, {'Ship To[LT1.2 - Customer]': 'Universidad del Valle de Mexico A.C', '[Customer Flavors Mix %]': None, '[National Flavors Mix %]': 0.09220216229877812, '[Mix Gap %]': -0.09220216229877812}, {'Ship To[LT1.2 - Customer]': 'Comicx Franquicias CX SA DE CV', '[Customer Flavors Mix %]': None, '[National Flavors Mix %]': 0.09220216229877812, '[Mix Gap %]': -0.09220216229877812}, {'Ship To[LT1.2 - Customer]': 'Tiendas de Descuento Arteli Sa de Cv', '[Customer Flavors Mix %]': None, '[National Flavors Mix %]': 0.09220216229877812, '[Mix Gap %]': -0.09220216229877812}, {'Ship To[LT1.2 - Customer]': 'Blockbuster', '[Customer Flavors Mix %]': None, '[National Flavors Mix %]': 0.09220216229877812, '[Mix Gap %]': -0.09220216229877812}, {'Ship To[LT1.2 - Customer]': 'SERVICIO COMERCIAL GARIS S.A. DE C.V.', '[Customer Flavors Mix %]': None, '[National Flavors Mix %]': 0.09220216229877812, '[Mix Gap %]': -0.09220216229877812}, {'Ship To[LT1.2 - Customer]': 'Paris Baguette Singapore Pte Ltd', '[Customer Flavors Mix %]': None, '[National Flavors Mix %]': 0.09220216229877812, '[Mix Gap %]': -0.09220216229877812}, {'Ship To[LT1.2 - Customer]': 'EL PORTAL DE LA JAIBA', '[Customer Flavors Mix %]': None, '[National Flavors Mix %]': 0.09220216229877812, '[Mix Gap %]': -0.09220216229877812}, {'Ship To[LT1.2 - Customer]': 'American Airlines', '[Customer Flavors Mix %]': None, '[National Flavors Mix %]': 0.09220216229877812, '[Mix Gap %]': -0.09220216229877812}, {'Ship To[LT1.2 - Customer]': 'Nikkori', '[Customer Flavors Mix %]': None, '[National Flavors Mix %]': 0.09220216229877812, '[Mix Gap %]': -0.09220216229877812}, {'Ship To[LT1.2 - Customer]': 'PF Changs China Bistro', '[Customer Flavors Mix %]': None, '[National Flavors Mix %]': 0.09220216229877812, '[Mix Gap %]': -0.09220216229877812}, {'Ship To[LT1.2 - Customer]': 'Amazon Inc', '[Customer Flavors Mix %]': None, '[National Flavors Mix %]': 0.09220216229877812, '[Mix Gap %]': -0.09220216229877812}, {'Ship To[LT1.2 - Customer]': 'WINGS CITY', '[Customer Flavors Mix %]': None, '[National Flavors Mix %]': 0.09220216229877812, '[Mix Gap %]': -0.09220216229877812}, {'Ship To[LT1.2 - Customer]': 'SUPER FASTY', '[Customer Flavors Mix %]': None, '[National Flavors Mix %]': 0.09220216229877812, '[Mix Gap %]': -0.09220216229877812}, {'Ship To[LT1.2 - Customer]': 'Comercializadora Marisi S.A.', '[Customer Flavors Mix %]': None, '[National Flavors Mix %]': 0.09220216229877812, '[Mix Gap %]': -0.09220216229877812}, {'Ship To[LT1.2 - Customer]': 'Wing Zone', '[Customer Flavors Mix %]': None, '[National Flavors Mix %]': 0.09220216229877812, '[Mix Gap %]': -0.09220216229877812}, {'Ship To[LT1.2 - Customer]': 'The Fish  + Chips Co.', '[Customer Flavors Mix %]': None, '[National Flavors Mix %]': 0.09220216229877812, '[Mix Gap %]': -0.09220216229877812}, {'Ship To[LT1.2 - Customer]': 'Casino Group', '[Customer Flavors Mix %]': None, '[National Flavors Mix %]': 0.09220216229877812, '[Mix Gap %]': -0.09220216229877812}, {'Ship To[LT1.2 - Customer]': 'Chevron', '[Customer Flavors Mix %]': None, '[National Flavors Mix %]': 0.09220216229877812, '[Mix Gap %]': -0.09220216229877812}, {'Ship To[LT1.2 - Customer]': 'Sbarro', '[Customer Flavors Mix %]': None, '[National Flavors Mix %]': 0.09220216229877812, '[Mix Gap %]': -0.09220216229877812}, {'Ship To[LT1.2 - Customer]': 'Distribuidora Internacional de Alim (SA)', '[Customer Flavors Mix %]': None, '[National Flavors Mix %]': 0.09220216229877812, '[Mix Gap %]': -0.09220216229877812}, {'Ship To[LT1.2 - Customer]': 'Chicago', '[Customer Flavors Mix %]': None, '[National Flavors Mix %]': 0.09220216229877812, '[Mix Gap %]': -0.09220216229877812}, {'Ship To[LT1.2 - Customer]': 'Exxon Mobil Corporation', '[Customer Flavors Mix %]': None, '[National Flavors Mix %]': 0.09220216229877812, '[Mix Gap %]': -0.09220216229877812}, {'Ship To[LT1.2 - Customer]': 'OMA Group', '[Customer Flavors Mix %]': None, '[National Flavors Mix %]': 0.09220216229877812, '[Mix Gap %]': -0.09220216229877812}, {'Ship To[LT1.2 - Customer]': 'Mercadefam', '[Customer Flavors Mix %]': None, '[National Flavors Mix %]': 0.09220216229877812, '[Mix Gap %]': -0.09220216229877812}, {'Ship To[LT1.2 - Customer]': 'May Coffee', '[Customer Flavors Mix %]': None, '[National Flavors Mix %]': 0.09220216229877812, '[Mix Gap %]': -0.09220216229877812}, {'Ship To[LT1.2 - Customer]': 'Sodexho', '[Customer Flavors Mix %]': None, '[National Flavors Mix %]': 0.09220216229877812, '[Mix Gap %]': -0.09220216229877812}, {'Ship To[LT1.2 - Customer]': 'LATAM Airlines Group', '[Customer Flavors Mix %]': None, '[National Flavors Mix %]': 0.09220216229877812, '[Mix Gap %]': -0.09220216229877812}, {'Ship To[LT1.2 - Customer]': 'Grupo Falabella', '[Customer Flavors Mix %]': None, '[National Flavors Mix %]': 0.09220216229877812, '[Mix Gap %]': -0.09220216229877812}, {'Ship To[LT1.2 - Customer]': 'Swensens Ice Cream', '[Customer Flavors Mix %]': None, '[National Flavors Mix %]': 0.09220216229877812, '[Mix Gap %]': -0.09220216229877812}, {'Ship To[LT1.2 - Customer]': 'Juan Valdez', '[Customer Flavors Mix %]': None, '[National Flavors Mix %]': 0.09220216229877812, '[Mix Gap %]': -0.09220216229877812}, {'Ship To[LT1.2 - Customer]': ""Starbuck's Coffee Co."", '[Customer Flavors Mix %]': None, '[National Flavors Mix %]': 0.09220216229877812, '[Mix Gap %]': -0.09220216229877812}, {'Ship To[LT1.2 - Customer]': 'Houlihans', '[Customer Flavors Mix %]': None, '[National Flavors Mix %]': 0.09220216229877812, '[Mix Gap %]': -0.09220216229877812}, {'Ship To[LT1.2 - Customer]': 'Wp Caterers', '[Customer Flavors Mix %]': None, '[National Flavors Mix %]': 0.09220216229877812, '[Mix Gap %]': -0.09220216229877812}, {'Ship To[LT1.2 - Customer]': 'King Consolidated Food Services', '[Customer Flavors Mix %]': None, '[National Flavors Mix %]': 0.09220216229877812, '[Mix Gap %]': -0.09220216229877812}, {'Ship To[LT1.2 - Customer]': 'Supermercados Peruanos', '[Customer Flavors Mix %]': None, '[National Flavors Mix %]': 0.09220216229877812, '[Mix Gap %]': -0.09220216229877812}, {'Ship To[LT1.2 - Customer]': 'Shoprite Holdings Ltd', '[Customer Flavors Mix %]': None, '[National Flavors Mix %]': 0.09220216229877812, '[Mix Gap %]': -0.09220216229877812}, {'Ship To[LT1.2 - Customer]': 'Keurwyne', '[Customer Flavors Mix %]': None, '[National Flavors Mix %]': 0.09220216229877812, '[Mix Gap %]': -0.09220216229877812}, {'Ship To[LT1.2 - Customer]': 'Longhorn', '[Customer Flavors Mix %]': None, '[National Flavors Mix %]': 0.09220216229877812, '[Mix Gap %]': -0.09220216229877812}, {'Ship To[LT1.2 - Customer]': 'Star Parks', '[Customer Flavors Mix %]': None, '[National Flavors Mix %]': 0.09220216229877812, '[Mix Gap %]': -0.09220216229877812}, {'Ship To[LT1.2 - Customer]': 'Tengelmann', '[Customer Flavors Mix %]': None, '[National Flavors Mix %]': 0.09220216229877812, '[Mix Gap %]': -0.09220216229877812}, {'Ship To[LT1.2 - Customer]': 'Macrib', '[Customer Flavors Mix %]': None, '[National Flavors Mix %]': 0.09220216229877812, '[Mix Gap %]': -0.09220216229877812}, {'Ship To[LT1.2 - Customer]': 'Kwikspar', '[Customer Flavors Mix %]': None, '[National Flavors Mix %]': 0.09220216229877812, '[Mix Gap %]': -0.09220216229877812}, {'Ship To[LT1.2 - Customer]': 'Dufry Autogrill', '[Customer Flavors Mix %]': None, '[National Flavors Mix %]': 0.09220216229877812, '[Mix Gap %]': -0.09220216229877812}, {'Ship To[LT1.2 - Customer]': 'The Great Atlantic & Pacific Tea Co. (A&', '[Customer Flavors Mix %]': None, '[National Flavors Mix %]': 0.09220216229877812, '[Mix Gap %]': -0.09220216229877812}, {'Ship To[LT1.2 - Customer]': 'Aerolineas Argentinas S.A.', '[Customer Flavors Mix %]': None, '[National Flavors Mix %]': 0.09220216229877812, '[Mix Gap %]': -0.09220216229877812}, {'Ship To[LT1.2 - Customer]': 'Marcows Cella', '[Customer Flavors Mix %]': None, '[National Flavors Mix %]': 0.09220216229877812, '[Mix Gap %]': -0.09220216229877812}, {'Ship To[LT1.2 - Customer]': 'Tottus', '[Customer Flavors Mix %]': None, '[National Flavors Mix %]': 0.09220216229877812, '[Mix Gap %]': -0.09220216229877812}, {'Ship To[LT1.2 - Customer]': 'Brioche Doree', '[Customer Flavors Mix %]': None, '[National Flavors Mix %]': 0.09220216229877812, '[Mix Gap %]': -0.09220216229877812}, {'Ship To[LT1.2 - Customer]': 'Cinestar+Muvix', '[Customer Flavors Mix %]': None, '[National Flavors Mix %]': 0.09220216229877812, '[Mix Gap %]': -0.09220216229877812}, {'Ship To[LT1.2 - Customer]': 'ICA Gruppen', '[Customer Flavors Mix %]': None, '[National Flavors Mix %]': 0.09220216229877812, '[Mix Gap %]': -0.09220216229877812}, {'Ship To[LT1.2 - Customer]': 'Bravo', '[Customer Flavors Mix %]': None, '[National Flavors Mix %]': 0.09220216229877812, '[Mix Gap %]': -0.09220216229877812}, {'Ship To[LT1.2 - Customer]': 'Repsol YPF', '[Customer Flavors Mix %]': None, '[National Flavors Mix %]': 0.09220216229877812, '[Mix Gap %]': -0.09220216229877812}, {'Ship To[LT1.2 - Customer]': 'Chuck E. Cheese', '[Customer Flavors Mix %]': None, '[National Flavors Mix %]': 0.09220216229877812, '[Mix Gap %]': -0.09220216229877812}, {'Ship To[LT1.2 - Customer]': 'Grupo CIT de Iberoamerica SA de CV', '[Customer Flavors Mix %]': None, '[National Flavors Mix %]': 0.09220216229877812, '[Mix Gap %]': -0.09220216229877812}, {'Ship To[LT1.2 - Customer]': 'China Wok', '[Customer Flavors Mix %]': None, '[National Flavors Mix %]': 0.09220216229877812, '[Mix Gap %]': -0.09220216229877812}, {'Ship To[LT1.2 - Customer]': 'IMC', '[Customer Flavors Mix %]': None, '[National Flavors Mix %]': 0.09220216229877812, '[Mix Gap %]': -0.09220216229877812}, {'Ship To[LT1.2 - Customer]': 'Elior', '[Customer Flavors Mix %]': None, '[National Flavors Mix %]': 0.09220216229877812, '[Mix Gap %]': -0.09220216229877812}, {'Ship To[LT1.2 - Customer]': 'eMART24', '[Customer Flavors Mix %]': None, '[National Flavors Mix %]': 0.09220216229877812, '[Mix Gap %]': -0.09220216229877812}, {'Ship To[LT1.2 - Customer]': 'Pecsa', '[Customer Flavors Mix %]': None, '[National Flavors Mix %]': 0.09220216229877812, '[Mix Gap %]': -0.09220216229877812}, {'Ship To[LT1.2 - Customer]': 'G&N Brands', '[Customer Flavors Mix %]': None, '[National Flavors Mix %]': 0.09220216229877812, '[Mix Gap %]': -0.09220216229877812}, {'Ship To[LT1.2 - Customer]': 'NEWREST', '[Customer Flavors Mix %]': None, '[National Flavors Mix %]': 0.09220216229877812, '[Mix Gap %]': -0.09220216229877812}, {'Ship To[LT1.2 - Customer]': 'Primax Group (Peru)', '[Customer Flavors Mix %]': None, '[National Flavors Mix %]': 0.09220216229877812, '[Mix Gap %]': -0.09220216229877812}, {'Ship To[LT1.2 - Customer]': 'Bembos Burger Grill International', '[Customer Flavors Mix %]': None, '[National Flavors Mix %]': 0.09220216229877812, '[Mix Gap %]': -0.09220216229877812}, {'Ship To[LT1.2 - Customer]': 'Hard Rock Caf� International', '[Customer Flavors Mix %]': None, '[National Flavors Mix %]': 0.09220216229877812, '[Mix Gap %]': -0.09220216229877812}, {'Ship To[LT1.2 - Customer]': 'Kauai Juice', '[Customer Flavors Mix %]': None, '[National Flavors Mix %]': 0.09220216229877812, '[Mix Gap %]': -0.09220216229877812}, {'Ship To[LT1.2 - Customer]': 'YPF', '[Customer Flavors Mix %]': None, '[National Flavors Mix %]': 0.09220216229877812, '[Mix Gap %]': -0.09220216229877812}, {'Ship To[LT1.2 - Customer]': 'E. W. James & Sons', '[Customer Flavors Mix %]': None, '[National Flavors Mix %]': 0.09220216229877812, '[Mix Gap %]': -0.09220216229877812}, {'Ship To[LT1.2 - Customer]': 'TAMBO', '[Customer Flavors Mix %]': None, '[National Flavors Mix %]': 0.09220216229877812, '[Mix Gap %]': -0.09220216229877812}, {'Ship To[LT1.2 - Customer]': 'Sun Capital Partners', '[Customer Flavors Mix %]': None, '[National Flavors Mix %]': 0.09220216229877812, '[Mix Gap %]': -0.09220216229877812}, {'Ship To[LT1.2 - Customer]': ""Roky's"", '[Customer Flavors Mix %]': None, '[National Flavors Mix %]': 0.09220216229877812, '[Mix Gap %]': -0.09220216229877812}, {'Ship To[LT1.2 - Customer]': 'Mr Gattis', '[Customer Flavors Mix %]': None, '[National Flavors Mix %]': 0.09220216229877812, '[Mix Gap %]': -0.09220216229877812}, {'Ship To[LT1.2 - Customer]': 'Krist Ocean', '[Customer Flavors Mix %]': None, '[National Flavors Mix %]': 0.09220216229877812, '[Mix Gap %]': -0.09220216229877812}, {'Ship To[LT1.2 - Customer]': 'London Pie', '[Customer Flavors Mix %]': None, '[National Flavors Mix %]': 0.09220216229877812, '[Mix Gap %]': -0.09220216229877812}, {'Ship To[LT1.2 - Customer]': 'Vega', '[Customer Flavors Mix %]': None, '[National Flavors Mix %]': 0.09220216229877812, '[Mix Gap %]': -0.09220216229877812}, {'Ship To[LT1.2 - Customer]': 'Avon Cosmetics Inc.', '[Customer Flavors Mix %]': None, '[National Flavors Mix %]': 0.09220216229877812, '[Mix Gap %]': -0.09220216229877812}, {'Ship To[LT1.2 - Customer]': 'POLLOS TIP TOP', '[Customer Flavors Mix %]': None, '[National Flavors Mix %]': 0.09220216229877812, '[Mix Gap %]': -0.09220216229877812}, {'Ship To[LT1.2 - Customer]': 'RCapital', '[Customer Flavors Mix %]': None, '[National Flavors Mix %]': 0.09220216229877812, '[Mix Gap %]': -0.09220216229877812}, {'Ship To[LT1.2 - Customer]': 'Kroger', '[Customer Flavors Mix %]': None, '[National Flavors Mix %]': 0.09220216229877812, '[Mix Gap %]': -0.09220216229877812}, {'Ship To[LT1.2 - Customer]': 'Marathon', '[Customer Flavors Mix %]': None, '[National Flavors Mix %]': 0.09220216229877812, '[Mix Gap %]': -0.09220216229877812}, {'Ship To[LT1.2 - Customer]': 'Leaps And Bounds', '[Customer Flavors Mix %]': None, '[National Flavors Mix %]': 0.09220216229877812, '[Mix Gap %]': -0.09220216229877812}, {'Ship To[LT1.2 - Customer]': 'Osaka', '[Customer Flavors Mix %]': None, '[National Flavors Mix %]': 0.09220216229877812, '[Mix Gap %]': -0.09220216229877812}, {'Ship To[LT1.2 - Customer]': 'In And Out Mart', '[Customer Flavors Mix %]': None, '[National Flavors Mix %]': 0.09220216229877812, '[Mix Gap %]': -0.09220216229877812}, {'Ship To[LT1.2 - Customer]': 'SMU', '[Customer Flavors Mix %]': None, '[National Flavors Mix %]': 0.09220216229877812, '[Mix Gap %]': -0.09220216229877812}, {'Ship To[LT1.2 - Customer]': 'Liquor City', '[Customer Flavors Mix %]': None, '[National Flavors Mix %]': 0.09220216229877812, '[Mix Gap %]': -0.09220216229877812}, {'Ship To[LT1.2 - Customer]': 'Jmart', '[Customer Flavors Mix %]': None, '[National Flavors Mix %]': 0.09220216229877812, '[Mix Gap %]': -0.09220216229877812}, {'Ship To[LT1.2 - Customer]': 'Grupo Norkys', '[Customer Flavors Mix %]': None, '[National Flavors Mix %]': 0.09220216229877812, '[Mix Gap %]': -0.09220216229877812}, {'Ship To[LT1.2 - Customer]': 'Boticas Fasa S.A.', '[Customer Flavors Mix %]': None, '[National Flavors Mix %]': 0.09220216229877812, '[Mix Gap %]': -0.09220216229877812}, {'Ship To[LT1.2 - Customer]': 'Selecta Management AG', '[Customer Flavors Mix %]': None, '[National Flavors Mix %]': 0.09220216229877812, '[Mix Gap %]': -0.09220216229877812}, {'Ship To[LT1.2 - Customer]': 'Mini Mart', '[Customer Flavors Mix %]': None, '[National Flavors Mix %]': 0.09220216229877812, '[Mix Gap %]': -0.09220216229877812}, {'Ship To[LT1.2 - Customer]': 'Retsol Holdings (Pty) Ltd', '[Customer Flavors Mix %]': None, '[National Flavors Mix %]': 0.09220216229877812, '[Mix Gap %]': -0.09220216229877812}, {'Ship To[LT1.2 - Customer]': ""Maxi'S Grill"", '[Customer Flavors Mix %]': None, '[National Flavors Mix %]': 0.09220216229877812, '[Mix Gap %]': -0.09220216229877812}, {'Ship To[LT1.2 - Customer]': 'Lic-Q-Liner', '[Customer Flavors Mix %]': None, '[National Flavors Mix %]': 0.09220216229877812, '[Mix Gap %]': -0.09220216229877812}, {'Ship To[LT1.2 - Customer]': 'CINEPLEX S.A.', '[Customer Flavors Mix %]': None, '[National Flavors Mix %]': 0.09220216229877812, '[Mix Gap %]': -0.09220216229877812}, {'Ship To[LT1.2 - Customer]': 'Casino Fiesta', '[Customer Flavors Mix %]': None, '[National Flavors Mix %]': 0.09220216229877812, '[Mix Gap %]': -0.09220216229877812}, {'Ship To[LT1.2 - Customer]': 'CBA Bulgaria', '[Customer Flavors Mix %]': None, '[National Flavors Mix %]': 0.09220216229877812, '[Mix Gap %]': -0.09220216229877812}, {'Ship To[LT1.2 - Customer]': 'Merlin Entertainments', '[Customer Flavors Mix %]': None, '[National Flavors Mix %]': 0.09220216229877812, '[Mix Gap %]': -0.09220216229877812}, {'Ship To[LT1.2 - Customer]': 'Mdc Namibia', '[Customer Flavors Mix %]': None, '[National Flavors Mix %]': 0.09220216229877812, '[Mix Gap %]': -0.09220216229877812}, {'Ship To[LT1.2 - Customer]': '4Fresh', '[Customer Flavors Mix %]': None, '[National Flavors Mix %]': 0.09220216229877812, '[Mix Gap %]': -0.09220216229877812}, {'Ship To[LT1.2 - Customer]': 'King Pie', '[Customer Flavors Mix %]': None, '[National Flavors Mix %]': 0.09220216229877812, '[Mix Gap %]': -0.09220216229877812}, {'Ship To[LT1.2 - Customer]': 'Metcash Trading Africa (Ltd)', '[Customer Flavors Mix %]': None, '[National Flavors Mix %]': 0.09220216229877812, '[Mix Gap %]': -0.09220216229877812}, {'Ship To[LT1.2 - Customer]': 'Grabmart', '[Customer Flavors Mix %]': None, '[National Flavors Mix %]': 0.09220216229877812, '[Mix Gap %]': -0.09220216229877812}, {'Ship To[LT1.2 - Customer]': 'Corporacion GPF', '[Customer Flavors Mix %]': None, '[National Flavors Mix %]': 0.09220216229877812, '[Mix Gap %]': -0.09220216229877812}, {'Ship To[LT1.2 - Customer]': 'Avicola Fernandez', '[Customer Flavors Mix %]': None, '[National Flavors Mix %]': 0.09220216229877812, '[Mix Gap %]': -0.09220216229877812}, {'Ship To[LT1.2 - Customer]': 'Difare Grupo', '[Customer Flavors Mix %]': None, '[National Flavors Mix %]': 0.09220216229877812, '[Mix Gap %]': -0.09220216229877812}, {'Ship To[LT1.2 - Customer]': 'BoJangles', '[Customer Flavors Mix %]': None, '[National Flavors Mix %]': 0.09220216229877812, '[Mix Gap %]': -0.09220216229877812}, {'Ship To[LT1.2 - Customer]': 'Favorita', '[Customer Flavors Mix %]': None, '[National Flavors Mix %]': 0.09220216229877812, '[Mix Gap %]': -0.09220216229877812}, {'Ship To[LT1.2 - Customer]': 'Farmaenlace', '[Customer Flavors Mix %]': None, '[National Flavors Mix %]': 0.09220216229877812, '[Mix Gap %]': -0.09220216229877812}, {'Ship To[LT1.2 - Customer]': 'Pollo Campero', '[Customer Flavors Mix %]': None, '[National Flavors Mix %]': 0.09220216229877812, '[Mix Gap %]': -0.09220216229877812}, {'Ship To[LT1.2 - Customer]': 'Nelson Market', '[Customer Flavors Mix %]': None, '[National Flavors Mix %]': 0.09220216229877812, '[Mix Gap %]': -0.09220216229877812}, {'Ship To[LT1.2 - Customer]': 'Farmacias 911', '[Customer Flavors Mix %]': None, '[National Flavors Mix %]': 0.09220216229877812, '[Mix Gap %]': -0.09220216229877812}, {'Ship To[LT1.2 - Customer]': 'Showbiz Pizza Time', '[Customer Flavors Mix %]': None, '[National Flavors Mix %]': 0.09220216229877812, '[Mix Gap %]': -0.09220216229877812}, {'Ship To[LT1.2 - Customer]': 'La Espa�ola', '[Customer Flavors Mix %]': None, '[National Flavors Mix %]': 0.09220216229877812, '[Mix Gap %]': -0.09220216229877812}, {'Ship To[LT1.2 - Customer]': 'Santa Maria', '[Customer Flavors Mix %]': None, '[National Flavors Mix %]': 0.09220216229877812, '[Mix Gap %]': -0.09220216229877812}, {'Ship To[LT1.2 - Customer]': 'Coral', '[Customer Flavors Mix %]': None, '[National Flavors Mix %]': 0.09220216229877812, '[Mix Gap %]': -0.09220216229877812}, {'Ship To[LT1.2 - Customer]': 'Del Portal', '[Customer Flavors Mix %]': None, '[National Flavors Mix %]': 0.09220216229877812, '[Mix Gap %]': -0.09220216229877812}, {'Ship To[LT1.2 - Customer]': 'Tia', '[Customer Flavors Mix %]': None, '[National Flavors Mix %]': 0.09220216229877812, '[Mix Gap %]': -0.09220216229877812}, {'Ship To[LT1.2 - Customer]': 'PEDIDOS YA', '[Customer Flavors Mix %]': None, '[National Flavors Mix %]': 0.09220216229877812, '[Mix Gap %]': -0.09220216229877812}, {'Ship To[LT1.2 - Customer]': 'Corporacion El Rosado', '[Customer Flavors Mix %]': None, '[National Flavors Mix %]': 0.09220216229877812, '[Mix Gap %]': -0.09220216229877812}, {'Ship To[LT1.2 - Customer]': 'Minibodegas', '[Customer Flavors Mix %]': None, '[National Flavors Mix %]': 0.09220216229877812, '[Mix Gap %]': -0.09220216229877812}, {'Ship To[LT1.2 - Customer]': ""Bagelman's"", '[Customer Flavors Mix %]': None, '[National Flavors Mix %]': 0.09220216229877812, '[Mix Gap %]': -0.09220216229877812}, {'Ship To[LT1.2 - Customer]': 'Rest. Fresas', '[Customer Flavors Mix %]': None, '[National Flavors Mix %]': 0.09220216229877812, '[Mix Gap %]': -0.09220216229877812}, {'Ship To[LT1.2 - Customer]': 'Woodys Bar B Q', '[Customer Flavors Mix %]': None, '[National Flavors Mix %]': 0.09220216229877812, '[Mix Gap %]': -0.09220216229877812}, {'Ship To[LT1.2 - Customer]': 'Coco Bongo', '[Customer Flavors Mix %]': None, '[National Flavors Mix %]': 0.09220216229877812, '[Mix Gap %]': -0.09220216229877812}, {'Ship To[LT1.2 - Customer]': 'Palladium Hotel Group', '[Customer Flavors Mix %]': None, '[National Flavors Mix %]': 0.09220216229877812, '[Mix Gap %]': -0.09220216229877812}, {'Ship To[LT1.2 - Customer]': 'Four Seasons', '[Customer Flavors Mix %]': None, '[National Flavors Mix %]': 0.09220216229877812, '[Mix Gap %]': -0.09220216229877812}, {'Ship To[LT1.2 - Customer]': 'WAYBACK BURGERS', '[Customer Flavors Mix %]': None, '[National Flavors Mix %]': 0.09220216229877812, '[Mix Gap %]': -0.09220216229877812}, {'Ship To[LT1.2 - Customer]': 'Focus Brands,Inc.', '[Customer Flavors Mix %]': None, '[National Flavors Mix %]': 0.09220216229877812, '[Mix Gap %]': -0.09220216229877812}, {'Ship To[LT1.2 - Customer]': 'PIZZA VALENTI S', '[Customer Flavors Mix %]': None, '[National Flavors Mix %]': 0.09220216229877812, '[Mix Gap %]': -0.09220216229877812}, {'Ship To[LT1.2 - Customer]': 'Ikea', '[Customer Flavors Mix %]': None, '[National Flavors Mix %]': 0.09220216229877812, '[Mix Gap %]': -0.09220216229877812}, {'Ship To[LT1.2 - Customer]': 'AutoMercado', '[Customer Flavors Mix %]': None, '[National Flavors Mix %]': 0.09220216229877812, '[Mix Gap %]': -0.09220216229877812}, {'Ship To[LT1.2 - Customer]': 'Grupo GESSA', '[Customer Flavors Mix %]': None, '[National Flavors Mix %]': 0.09220216229877812, '[Mix Gap %]': -0.09220216229877812}, {'Ship To[LT1.2 - Customer]': 'Cadena Crispy', '[Customer Flavors Mix %]': None, '[National Flavors Mix %]': 0.09220216229877812, '[Mix Gap %]': -0.09220216229877812}, {'Ship To[LT1.2 - Customer]': 'La Colonia Nicaragua', '[Customer Flavors Mix %]': None, '[National Flavors Mix %]': 0.09220216229877812, '[Mix Gap %]': -0.09220216229877812}, {'Ship To[LT1.2 - Customer]': 'Fuddruckers', '[Customer Flavors Mix %]': None, '[National Flavors Mix %]': 0.09220216229877812, '[Mix Gap %]': -0.09220216229877812}, {'Ship To[LT1.2 - Customer]': 'Casino Princess', '[Customer Flavors Mix %]': None, '[National Flavors Mix %]': 0.09220216229877812, '[Mix Gap %]': -0.09220216229877812}, {'Ship To[LT1.2 - Customer]': 'Musmanni', '[Customer Flavors Mix %]': None, '[National Flavors Mix %]': 0.09220216229877812, '[Mix Gap %]': -0.09220216229877812}, {'Ship To[LT1.2 - Customer]': 'Carrefour Group', '[Customer Flavors Mix %]': None, '[National Flavors Mix %]': 0.09220216229877812, '[Mix Gap %]': -0.09220216229877812}, {'Ship To[LT1.2 - Customer]': 'Pan E Vino', '[Customer Flavors Mix %]': None, '[National Flavors Mix %]': 0.09220216229877812, '[Mix Gap %]': -0.09220216229877812}, {'Ship To[LT1.2 - Customer]': 'POLLO PINULITO', '[Customer Flavors Mix %]': None, '[National Flavors Mix %]': 0.09220216229877812, '[Mix Gap %]': -0.09220216229877812}, {'Ship To[LT1.2 - Customer]': 'PLAZA LAMA', '[Customer Flavors Mix %]': None, '[National Flavors Mix %]': 0.09220216229877812, '[Mix Gap %]': -0.09220216229877812}, {'Ship To[LT1.2 - Customer]': 'Casa de Campo', '[Customer Flavors Mix %]': None, '[National Flavors Mix %]': 0.09220216229877812, '[Mix Gap %]': -0.09220216229877812}, {'Ship To[LT1.2 - Customer]': 'La Colonia Food Service', '[Customer Flavors Mix %]': None, '[National Flavors Mix %]': 0.09220216229877812, '[Mix Gap %]': -0.09220216229877812}, {'Ship To[LT1.2 - Customer]': 'AMHSA MARINA HOTELS & RESORTS', '[Customer Flavors Mix %]': None, '[National Flavors Mix %]': 0.09220216229877812, '[Mix Gap %]': -0.09220216229877812}, {'Ship To[LT1.2 - Customer]': 'Rest Rustico', '[Customer Flavors Mix %]': None, '[National Flavors Mix %]': 0.09220216229877812, '[Mix Gap %]': -0.09220216229877812}, {'Ship To[LT1.2 - Customer]': 'Helados Sarita', '[Customer Flavors Mix %]': None, '[National Flavors Mix %]': 0.09220216229877812, '[Mix Gap %]': -0.09220216229877812}, {'Ship To[LT1.2 - Customer]': 'HELADERIAS POPS', '[Customer Flavors Mix %]': None, '[National Flavors Mix %]': 0.09220216229877812, '[Mix Gap %]': -0.09220216229877812}, {'Ship To[LT1.2 - Customer]': 'CENTRO CUESTA NACIONAL GROUP', '[Customer Flavors Mix %]': None, '[National Flavors Mix %]': 0.09220216229877812, '[Mix Gap %]': -0.09220216229877812}, {'Ship To[LT1.2 - Customer]': 'ALMACENES IBERIA', '[Customer Flavors Mix %]': None, '[National Flavors Mix %]': 0.09220216229877812, '[Mix Gap %]': -0.09220216229877812}, {'Ship To[LT1.2 - Customer]': 'YAO', '[Customer Flavors Mix %]': None, '[National Flavors Mix %]': 0.09220216229877812, '[Mix Gap %]': -0.09220216229877812}, {'Ship To[LT1.2 - Customer]': 'La Colonia Honduras', '[Customer Flavors Mix %]': None, '[National Flavors Mix %]': 0.09220216229877812, '[Mix Gap %]': -0.09220216229877812}, {'Ship To[LT1.2 - Customer]': 'Casino Pharaohs', '[Customer Flavors Mix %]': None, '[National Flavors Mix %]': 0.09220216229877812, '[Mix Gap %]': -0.09220216229877812}, {'Ship To[LT1.2 - Customer]': 'AMERICAN DONUTS', '[Customer Flavors Mix %]': None, '[National Flavors Mix %]': 0.09220216229877812, '[Mix Gap %]': -0.09220216229877812}, {'Ship To[LT1.2 - Customer]': 'DELI-BELY', '[Customer Flavors Mix %]': None, '[National Flavors Mix %]': 0.09220216229877812, '[Mix Gap %]': -0.09220216229877812}, {'Ship To[LT1.2 - Customer]': 'Farmacias Sana Sana', '[Customer Flavors Mix %]': None, '[National Flavors Mix %]': 0.09220216229877812, '[Mix Gap %]': -0.09220216229877812}, {'Ship To[LT1.2 - Customer]': 'KARISMA HOTEL', '[Customer Flavors Mix %]': None, '[National Flavors Mix %]': 0.09220216229877812, '[Mix Gap %]': -0.09220216229877812}, {'Ship To[LT1.2 - Customer]': 'BATLE GROUP', '[Customer Flavors Mix %]': None, '[National Flavors Mix %]': 0.09220216229877812, '[Mix Gap %]': -0.09220216229877812}, {'Ship To[LT1.2 - Customer]': 'SUPER 24', '[Customer Flavors Mix %]': None, '[National Flavors Mix %]': 0.09220216229877812, '[Mix Gap %]': -0.09220216229877812}, {'Ship To[LT1.2 - Customer]': 'COSI INC', '[Customer Flavors Mix %]': None, '[National Flavors Mix %]': 0.09220216229877812, '[Mix Gap %]': -0.09220216229877812}, {'Ship To[LT1.2 - Customer]': 'CARIBBEAN CINEMAS', '[Customer Flavors Mix %]': None, '[National Flavors Mix %]': 0.09220216229877812, '[Mix Gap %]': -0.09220216229877812}, {'Ship To[LT1.2 - Customer]': 'EXCELLENCE GROUP', '[Customer Flavors Mix %]': None, '[National Flavors Mix %]': 0.09220216229877812, '[Mix Gap %]': -0.09220216229877812}, {'Ship To[LT1.2 - Customer]': 'La Casona Del Cerdo', '[Customer Flavors Mix %]': None, '[National Flavors Mix %]': 0.09220216229877812, '[Mix Gap %]': -0.09220216229877812}, {'Ship To[LT1.2 - Customer]': 'Nais Aquarium', '[Customer Flavors Mix %]': None, '[National Flavors Mix %]': 0.09220216229877812, '[Mix Gap %]': -0.09220216229877812}, {'Ship To[LT1.2 - Customer]': 'Megasuper', '[Customer Flavors Mix %]': None, '[National Flavors Mix %]': 0.09220216229877812, '[Mix Gap %]': -0.09220216229877812}, {'Ship To[LT1.2 - Customer]': 'GRUPO RAMOS', '[Customer Flavors Mix %]': None, '[National Flavors Mix %]': 0.09220216229877812, '[Mix Gap %]': -0.09220216229877812}, {'Ship To[LT1.2 - Customer]': 'Pricemart', '[Customer Flavors Mix %]': None, '[National Flavors Mix %]': 0.09220216229877812, '[Mix Gap %]': -0.09220216229877812}, {'Ship To[LT1.2 - Customer]': 'LOPESAN HOTEL', '[Customer Flavors Mix %]': None, '[National Flavors Mix %]': 0.09220216229877812, '[Mix Gap %]': -0.09220216229877812}, {'Ship To[LT1.2 - Customer]': 'FORNO BRAVO', '[Customer Flavors Mix %]': None, '[National Flavors Mix %]': 0.09220216229877812, '[Mix Gap %]': -0.09220216229877812}, {'Ship To[LT1.2 - Customer]': 'Hotel Contempo', '[Customer Flavors Mix %]': None, '[National Flavors Mix %]': 0.09220216229877812, '[Mix Gap %]': -0.09220216229877812}, {'Ship To[LT1.2 - Customer]': 'Soho Ltd', '[Customer Flavors Mix %]': None, '[National Flavors Mix %]': 0.09220216229877812, '[Mix Gap %]': -0.09220216229877812}, {'Ship To[LT1.2 - Customer]': 'POLLO VICTORINA', '[Customer Flavors Mix %]': None, '[National Flavors Mix %]': 0.09220216229877812, '[Mix Gap %]': -0.09220216229877812}, {'Ship To[LT1.2 - Customer]': 'BONA S.A. PIZARELLI', '[Customer Flavors Mix %]': None, '[National Flavors Mix %]': 0.09220216229877812, '[Mix Gap %]': -0.09220216229877812}, {'Ship To[LT1.2 - Customer]': 'Dreams', '[Customer Flavors Mix %]': None, '[National Flavors Mix %]': 0.09220216229877812, '[Mix Gap %]': -0.09220216229877812}, {'Ship To[LT1.2 - Customer]': 'Sushi-Ito', '[Customer Flavors Mix %]': None, '[National Flavors Mix %]': 0.09220216229877812, '[Mix Gap %]': -0.09220216229877812}, {'Ship To[LT1.2 - Customer]': 'UnoPetrol Guatemala SA', '[Customer Flavors Mix %]': None, '[National Flavors Mix %]': 0.09220216229877812, '[Mix Gap %]': -0.09220216229877812}, {'Ship To[LT1.2 - Customer]': 'ALMACENES ZAGLUL', '[Customer Flavors Mix %]': None, '[National Flavors Mix %]': 0.09220216229877812, '[Mix Gap %]': -0.09220216229877812}, {'Ship To[LT1.2 - Customer]': 'Ito Yokado Co. Ltd', '[Customer Flavors Mix %]': None, '[National Flavors Mix %]': 0.09220216229877812, '[Mix Gap %]': -0.09220216229877812}, {'Ship To[LT1.2 - Customer]': 'Grupo Propagas', '[Customer Flavors Mix %]': None, '[National Flavors Mix %]': 0.09220216229877812, '[Mix Gap %]': -0.09220216229877812}, {'Ship To[LT1.2 - Customer]': 'Cafe Gitane', '[Customer Flavors Mix %]': None, '[National Flavors Mix %]': 0.09220216229877812, '[Mix Gap %]': -0.09220216229877812}, {'Ship To[LT1.2 - Customer]': 'Nova Cinemas', '[Customer Flavors Mix %]': None, '[National Flavors Mix %]': 0.09220216229877812, '[Mix Gap %]': -0.09220216229877812}, {'Ship To[LT1.2 - Customer]': 'Total Petroleum', '[Customer Flavors Mix %]': None, '[National Flavors Mix %]': 0.09220216229877812, '[Mix Gap %]': -0.09220216229877812}, {'Ship To[LT1.2 - Customer]': 'SUPER EXPRESS', '[Customer Flavors Mix %]': None, '[National Flavors Mix %]': 0.09220216229877812, '[Mix Gap %]': -0.09220216229877812}, {'Ship To[LT1.2 - Customer]': 'PLAZA DEL POLLO', '[Customer Flavors Mix %]': None, '[National Flavors Mix %]': 0.09220216229877812, '[Mix Gap %]': -0.09220216229877812}, {'Ship To[LT1.2 - Customer]': 'CARIBBEAN CATERING SERVICES SA', '[Customer Flavors Mix %]': None, '[National Flavors Mix %]': 0.09220216229877812, '[Mix Gap %]': -0.09220216229877812}, {'Ship To[LT1.2 - Customer]': 'MERCATODO SA', '[Customer Flavors Mix %]': None, '[National Flavors Mix %]': 0.09220216229877812, '[Mix Gap %]': -0.09220216229877812}, {'Ship To[LT1.2 - Customer]': 'POLLO REY', '[Customer Flavors Mix %]': None, '[National Flavors Mix %]': 0.09220216229877812, '[Mix Gap %]': -0.09220216229877812}, {'Ship To[LT1.2 - Customer]': 'Total', '[Customer Flavors Mix %]': None, '[National Flavors Mix %]': 0.09220216229877812, '[Mix Gap %]': -0.09220216229877812}, {'Ship To[LT1.2 - Customer]': 'Spoons', '[Customer Flavors Mix %]': None, '[National Flavors Mix %]': 0.09220216229877812, '[Mix Gap %]': -0.09220216229877812}, {'Ship To[LT1.2 - Customer]': 'QuickStop', '[Customer Flavors Mix %]': None, '[National Flavors Mix %]': 0.09220216229877812, '[Mix Gap %]': -0.09220216229877812}, {'Ship To[LT1.2 - Customer]': 'GARRIDO GROUP', '[Customer Flavors Mix %]': None, '[National Flavors Mix %]': 0.09220216229877812, '[Mix Gap %]': -0.09220216229877812}, {'Ship To[LT1.2 - Customer]': 'Grupo Nahas', '[Customer Flavors Mix %]': None, '[National Flavors Mix %]': 0.09220216229877812, '[Mix Gap %]': -0.09220216229877812}, {'Ship To[LT1.2 - Customer]': 'Sol Melia', '[Customer Flavors Mix %]': None, '[National Flavors Mix %]': 0.09220216229877812, '[Mix Gap %]': -0.09220216229877812}, {'Ship To[LT1.2 - Customer]': 'Pollos Don Pio', '[Customer Flavors Mix %]': None, '[National Flavors Mix %]': 0.09220216229877812, '[Mix Gap %]': -0.09220216229877812}, {'Ship To[LT1.2 - Customer]': 'Club Terraza', '[Customer Flavors Mix %]': None, '[National Flavors Mix %]': 0.09220216229877812, '[Mix Gap %]': -0.09220216229877812}, {'Ship To[LT1.2 - Customer]': 'am:pm', '[Customer Flavors Mix %]': None, '[National Flavors Mix %]': 0.09220216229877812, '[Mix Gap %]': -0.09220216229877812}, {'Ship To[LT1.2 - Customer]': 'Hippos', '[Customer Flavors Mix %]': None, '[National Flavors Mix %]': 0.09220216229877812, '[Mix Gap %]': -0.09220216229877812}, {'Ship To[LT1.2 - Customer]': 'Riu Hotels', '[Customer Flavors Mix %]': None, '[National Flavors Mix %]': 0.09220216229877812, '[Mix Gap %]': -0.09220216229877812}, {'Ship To[LT1.2 - Customer]': 'Rest. Dona Lela', '[Customer Flavors Mix %]': None, '[National Flavors Mix %]': 0.09220216229877812, '[Mix Gap %]': -0.09220216229877812}, {'Ship To[LT1.2 - Customer]': 'IBEROSTAR', '[Customer Flavors Mix %]': None, '[National Flavors Mix %]': 0.09220216229877812, '[Mix Gap %]': -0.09220216229877812}, {'Ship To[LT1.2 - Customer]': 'FARMA CITY  S.A.', '[Customer Flavors Mix %]': None, '[National Flavors Mix %]': 0.09220216229877812, '[Mix Gap %]': -0.09220216229877812}, {'Ship To[LT1.2 - Customer]': 'Steak And Barbecue', '[Customer Flavors Mix %]': None, '[National Flavors Mix %]': 0.09220216229877812, '[Mix Gap %]': -0.09220216229877812}, {'Ship To[LT1.2 - Customer]': 'Barcel� Hotel Group', '[Customer Flavors Mix %]': None, '[National Flavors Mix %]': 0.09220216229877812, '[Mix Gap %]': -0.09220216229877812}, {'Ship To[LT1.2 - Customer]': 'TCBY', '[Customer Flavors Mix %]': None, '[National Flavors Mix %]': 0.09220216229877812, '[Mix Gap %]': -0.09220216229877812}, {'Ship To[LT1.2 - Customer]': 'Noble Romans Inc', '[Customer Flavors Mix %]': None, '[National Flavors Mix %]': 0.09220216229877812, '[Mix Gap %]': -0.09220216229877812}, {'Ship To[LT1.2 - Customer]': 'Comisariato de la Policia', '[Customer Flavors Mix %]': None, '[National Flavors Mix %]': 0.09220216229877812, '[Mix Gap %]': -0.09220216229877812}, {'Ship To[LT1.2 - Customer]': 'Pizza House', '[Customer Flavors Mix %]': None, '[National Flavors Mix %]': 0.09220216229877812, '[Mix Gap %]': -0.09220216229877812}, {'Ship To[LT1.2 - Customer]': 'FARMACIA MEDCO  XOLO', '[Customer Flavors Mix %]': None, '[National Flavors Mix %]': 0.09220216229877812, '[Mix Gap %]': -0.09220216229877812}, {'Ship To[LT1.2 - Customer]': 'Supermercados Independientes', '[Customer Flavors Mix %]': None, '[National Flavors Mix %]': 0.09220216229877812, '[Mix Gap %]': -0.09220216229877812}, {'Ship To[LT1.2 - Customer]': 'HIPER OLE', '[Customer Flavors Mix %]': None, '[National Flavors Mix %]': 0.09220216229877812, '[Mix Gap %]': -0.09220216229877812}, {'Ship To[LT1.2 - Customer]': 'Puma', '[Customer Flavors Mix %]': None, '[National Flavors Mix %]': 0.09220216229877812, '[Mix Gap %]': -0.09220216229877812}, {'Ship To[LT1.2 - Customer]': 'CHEF PEPPER', '[Customer Flavors Mix %]': None, '[National Flavors Mix %]': 0.09220216229877812, '[Mix Gap %]': -0.09220216229877812}, {'Ship To[LT1.2 - Customer]': 'Thunderbird', '[Customer Flavors Mix %]': None, '[National Flavors Mix %]': 0.09220216229877812, '[Mix Gap %]': -0.09220216229877812}, {'Ship To[LT1.2 - Customer]': 'Inversiones AM PM', '[Customer Flavors Mix %]': None, '[National Flavors Mix %]': 0.09220216229877812, '[Mix Gap %]': -0.09220216229877812}, {'Ship To[LT1.2 - Customer]': 'Mrs. Fields Cookies', '[Customer Flavors Mix %]': None, '[National Flavors Mix %]': 0.09220216229877812, '[Mix Gap %]': -0.09220216229877812}, {'Ship To[LT1.2 - Customer]': 'PALA PIZZA', '[Customer Flavors Mix %]': None, '[National Flavors Mix %]': 0.09220216229877812, '[Mix Gap %]': -0.09220216229877812}, {'Ship To[LT1.2 - Customer]': 'Grupo DPSP', '[Customer Flavors Mix %]': None, '[National Flavors Mix %]': 0.09220216229877812, '[Mix Gap %]': -0.09220216229877812}, {'Ship To[LT1.2 - Customer]': 'Parmeggio', '[Customer Flavors Mix %]': None, '[National Flavors Mix %]': 0.09220216229877812, '[Mix Gap %]': -0.09220216229877812}, {'Ship To[LT1.2 - Customer]': 'Giraffas', '[Customer Flavors Mix %]': None, '[National Flavors Mix %]': 0.09220216229877812, '[Mix Gap %]': -0.09220216229877812}, {'Ship To[LT1.2 - Customer]': 'GPA', '[Customer Flavors Mix %]': None, '[National Flavors Mix %]': 0.09220216229877812, '[Mix Gap %]': -0.09220216229877812}, {'Ship To[LT1.2 - Customer]': 'Sforza', '[Customer Flavors Mix %]': None, '[National Flavors Mix %]': 0.09220216229877812, '[Mix Gap %]': -0.09220216229877812}, {'Ship To[LT1.2 - Customer]': 'Seletti', '[Customer Flavors Mix %]': None, '[National Flavors Mix %]': 0.09220216229877812, '[Mix Gap %]': -0.09220216229877812}, {'Ship To[LT1.2 - Customer]': 'Frans Cafe', '[Customer Flavors Mix %]': None, '[National Flavors Mix %]': 0.09220216229877812, '[Mix Gap %]': -0.09220216229877812}, {'Ship To[LT1.2 - Customer]': 'Rede Dia', '[Customer Flavors Mix %]': None, '[National Flavors Mix %]': 0.09220216229877812, '[Mix Gap %]': -0.09220216229877812}, {'Ship To[LT1.2 - Customer]': 'W PREMIUM', '[Customer Flavors Mix %]': None, '[National Flavors Mix %]': 0.09220216229877812, '[Mix Gap %]': -0.09220216229877812}, {'Ship To[LT1.2 - Customer]': 'Camarao & Cia', '[Customer Flavors Mix %]': None, '[National Flavors Mix %]': 0.09220216229877812, '[Mix Gap %]': -0.09220216229877812}, {'Ship To[LT1.2 - Customer]': 'Grupo Aresta / Carlson', '[Customer Flavors Mix %]': None, '[National Flavors Mix %]': 0.09220216229877812, '[Mix Gap %]': -0.09220216229877812}, {'Ship To[LT1.2 - Customer]': 'Big Mart Pvt Ltd', '[Customer Flavors Mix %]': None, '[National Flavors Mix %]': 0.09220216229877812, '[Mix Gap %]': -0.09220216229877812}, {'Ship To[LT1.2 - Customer]': 'Grupo Severiano Ribeiro', '[Customer Flavors Mix %]': None, '[National Flavors Mix %]': 0.09220216229877812, '[Mix Gap %]': -0.09220216229877812}, {'Ship To[LT1.2 - Customer]': 'Fat Boys Concept (M) Sdn Bhd', '[Customer Flavors Mix %]': None, '[National Flavors Mix %]': 0.09220216229877812, '[Mix Gap %]': -0.09220216229877812}, {'Ship To[LT1.2 - Customer]': 'BFFC', '[Customer Flavors Mix %]': None, '[National Flavors Mix %]': 0.09220216229877812, '[Mix Gap %]': -0.09220216229877812}, {'Ship To[LT1.2 - Customer]': 'Mama Mia Pizza Ltd', '[Customer Flavors Mix %]': None, '[National Flavors Mix %]': 0.09220216229877812, '[Mix Gap %]': -0.09220216229877812}, {'Ship To[LT1.2 - Customer]': 'Millenium Torg', '[Customer Flavors Mix %]': None, '[National Flavors Mix %]': 0.09220216229877812, '[Mix Gap %]': -0.09220216229877812}, {'Ship To[LT1.2 - Customer]': 'Carioca', '[Customer Flavors Mix %]': None, '[National Flavors Mix %]': 0.09220216229877812, '[Mix Gap %]': -0.09220216229877812}, {'Ship To[LT1.2 - Customer]': 'Brasileirinho Delivery', '[Customer Flavors Mix %]': None, '[National Flavors Mix %]': 0.09220216229877812, '[Mix Gap %]': -0.09220216229877812}, {'Ship To[LT1.2 - Customer]': 'Konzum', '[Customer Flavors Mix %]': None, '[National Flavors Mix %]': 0.09220216229877812, '[Mix Gap %]': -0.09220216229877812}, {'Ship To[LT1.2 - Customer]': 'Havanna', '[Customer Flavors Mix %]': None, '[National Flavors Mix %]': 0.09220216229877812, '[Mix Gap %]': -0.09220216229877812}, {'Ship To[LT1.2 - Customer]': 'MUNDO ANIMAL', '[Customer Flavors Mix %]': None, '[National Flavors Mix %]': 0.09220216229877812, '[Mix Gap %]': -0.09220216229877812}, {'Ship To[LT1.2 - Customer]': 'President', '[Customer Flavors Mix %]': None, '[National Flavors Mix %]': 0.09220216229877812, '[Mix Gap %]': -0.09220216229877812}, {'Ship To[LT1.2 - Customer]': 'ATW Delivery', '[Customer Flavors Mix %]': None, '[National Flavors Mix %]': 0.09220216229877812, '[Mix Gap %]': -0.09220216229877812}, {'Ship To[LT1.2 - Customer]': 'Rei Do Mate', '[Customer Flavors Mix %]': None, '[National Flavors Mix %]': 0.09220216229877812, '[Mix Gap %]': -0.09220216229877812}, {'Ship To[LT1.2 - Customer]': 'Arteplex', '[Customer Flavors Mix %]': None, '[National Flavors Mix %]': 0.09220216229877812, '[Mix Gap %]': -0.09220216229877812}, {'Ship To[LT1.2 - Customer]': 'WORLD FOOD GESTAO LTDA', '[Customer Flavors Mix %]': None, '[National Flavors Mix %]': 0.09220216229877812, '[Mix Gap %]': -0.09220216229877812}, {'Ship To[LT1.2 - Customer]': 'Pizza Cesar', '[Customer Flavors Mix %]': None, '[National Flavors Mix %]': 0.09220216229877812, '[Mix Gap %]': -0.09220216229877812}, {'Ship To[LT1.2 - Customer]': 'UCI Cinemas', '[Customer Flavors Mix %]': None, '[National Flavors Mix %]': 0.09220216229877812, '[Mix Gap %]': -0.09220216229877812}, {'Ship To[LT1.2 - Customer]': ""Bloomin'"", '[Customer Flavors Mix %]': None, '[National Flavors Mix %]': 0.09220216229877812, '[Mix Gap %]': -0.09220216229877812}, {'Ship To[LT1.2 - Customer]': 'Pizza Pizza S.A', '[Customer Flavors Mix %]': None, '[National Flavors Mix %]': 0.09220216229877812, '[Mix Gap %]': -0.09220216229877812}, {'Ship To[LT1.2 - Customer]': 'Rewe Zentral AG', '[Customer Flavors Mix %]': None, '[National Flavors Mix %]': 0.09220216229877812, '[Mix Gap %]': -0.09220216229877812}, {'Ship To[LT1.2 - Customer]': 'Patroni Pizza', '[Customer Flavors Mix %]': None, '[National Flavors Mix %]': 0.09220216229877812, '[Mix Gap %]': -0.09220216229877812}, {'Ship To[LT1.2 - Customer]': 'Autozone', '[Customer Flavors Mix %]': None, '[National Flavors Mix %]': 0.09220216229877812, '[Mix Gap %]': -0.09220216229877812}, {'Ship To[LT1.2 - Customer]': 'Graal', '[Customer Flavors Mix %]': None, '[National Flavors Mix %]': 0.09220216229877812, '[Mix Gap %]': -0.09220216229877812}, {'Ship To[LT1.2 - Customer]': 'Assai', '[Customer Flavors Mix %]': None, '[National Flavors Mix %]': 0.09220216229877812, '[Mix Gap %]': -0.09220216229877812}, {'Ship To[LT1.2 - Customer]': 'Grupo GPS', '[Customer Flavors Mix %]': None, '[National Flavors Mix %]': 0.09220216229877812, '[Mix Gap %]': -0.09220216229877812}, {'Ship To[LT1.2 - Customer]': 'Moviecom', '[Customer Flavors Mix %]': None, '[National Flavors Mix %]': 0.09220216229877812, '[Mix Gap %]': -0.09220216229877812}, {'Ship To[LT1.2 - Customer]': 'Cia Do Churrasco', '[Customer Flavors Mix %]': None, '[National Flavors Mix %]': 0.09220216229877812, '[Mix Gap %]': -0.09220216229877812}, {'Ship To[LT1.2 - Customer]': 'Mania De Churrasco', '[Customer Flavors Mix %]': None, '[National Flavors Mix %]': 0.09220216229877812, '[Mix Gap %]': -0.09220216229877812}, {'Ship To[LT1.2 - Customer]': 'Extrafarma', '[Customer Flavors Mix %]': None, '[National Flavors Mix %]': 0.09220216229877812, '[Mix Gap %]': -0.09220216229877812}, {'Ship To[LT1.2 - Customer]': 'Nevada', '[Customer Flavors Mix %]': None, '[National Flavors Mix %]': 0.09220216229877812, '[Mix Gap %]': -0.09220216229877812}, {'Ship To[LT1.2 - Customer]': ""Habib's"", '[Customer Flavors Mix %]': None, '[National Flavors Mix %]': 0.09220216229877812, '[Mix Gap %]': -0.09220216229877812}, {'Ship To[LT1.2 - Customer]': 'Ipiranga', '[Customer Flavors Mix %]': None, '[National Flavors Mix %]': 0.09220216229877812, '[Mix Gap %]': -0.09220216229877812}, {'Ship To[LT1.2 - Customer]': 'Pague Menos', '[Customer Flavors Mix %]': None, '[National Flavors Mix %]': 0.09220216229877812, '[Mix Gap %]': -0.09220216229877812}, {'Ship To[LT1.2 - Customer]': 'ZENSHO HOLDINGS', '[Customer Flavors Mix %]': None, '[National Flavors Mix %]': 0.09220216229877812, '[Mix Gap %]': -0.09220216229877812}, {'Ship To[LT1.2 - Customer]': 'Brahims Holdings Berhad', '[Customer Flavors Mix %]': None, '[National Flavors Mix %]': 0.09220216229877812, '[Mix Gap %]': -0.09220216229877812}, {'Ship To[LT1.2 - Customer]': 'Movenpick Group', '[Customer Flavors Mix %]': None, '[National Flavors Mix %]': 0.09220216229877812, '[Mix Gap %]': -0.09220216229877812}, {'Ship To[LT1.2 - Customer]': 'Europa', '[Customer Flavors Mix %]': None, '[National Flavors Mix %]': 0.09220216229877812, '[Mix Gap %]': -0.09220216229877812}, {'Ship To[LT1.2 - Customer]': ""Lug's"", '[Customer Flavors Mix %]': None, '[National Flavors Mix %]': 0.09220216229877812, '[Mix Gap %]': -0.09220216229877812}, {'Ship To[LT1.2 - Customer]': 'D Angelo Inc', '[Customer Flavors Mix %]': None, '[National Flavors Mix %]': 0.09220216229877812, '[Mix Gap %]': -0.09220216229877812}, {'Ship To[LT1.2 - Customer]': 'IGA Inc', '[Customer Flavors Mix %]': None, '[National Flavors Mix %]': 0.09220216229877812, '[Mix Gap %]': -0.09220216229877812}, {'Ship To[LT1.2 - Customer]': 'Cafe Do Ponto', '[Customer Flavors Mix %]': None, '[National Flavors Mix %]': 0.09220216229877812, '[Mix Gap %]': -0.09220216229877812}, {'Ship To[LT1.2 - Customer]': 'Piccadilly', '[Customer Flavors Mix %]': None, '[National Flavors Mix %]': 0.09220216229877812, '[Mix Gap %]': -0.09220216229877812}, {'Ship To[LT1.2 - Customer]': 'Bigxpicanha', '[Customer Flavors Mix %]': None, '[National Flavors Mix %]': 0.09220216229877812, '[Mix Gap %]': -0.09220216229877812}, {'Ship To[LT1.2 - Customer]': 'Divino Fogao', '[Customer Flavors Mix %]': None, '[National Flavors Mix %]': 0.09220216229877812, '[Mix Gap %]': -0.09220216229877812}, {'Ship To[LT1.2 - Customer]': 'The Fifties', '[Customer Flavors Mix %]': None, '[National Flavors Mix %]': 0.09220216229877812, '[Mix Gap %]': -0.09220216229877812}, {'Ship To[LT1.2 - Customer]': 'FRANGO NO POTE', '[Customer Flavors Mix %]': None, '[National Flavors Mix %]': 0.09220216229877812, '[Mix Gap %]': -0.09220216229877812}, {'Ship To[LT1.2 - Customer]': 'Ale Sat', '[Customer Flavors Mix %]': None, '[National Flavors Mix %]': 0.09220216229877812, '[Mix Gap %]': -0.09220216229877812}, {'Ship To[LT1.2 - Customer]': 'Cine Araujo', '[Customer Flavors Mix %]': None, '[National Flavors Mix %]': 0.09220216229877812, '[Mix Gap %]': -0.09220216229877812}, {'Ship To[LT1.2 - Customer]': 'ITAL IN HOUSE', '[Customer Flavors Mix %]': None, '[National Flavors Mix %]': 0.09220216229877812, '[Mix Gap %]': -0.09220216229877812}, {'Ship To[LT1.2 - Customer]': 'Centerplex', '[Customer Flavors Mix %]': None, '[National Flavors Mix %]': 0.09220216229877812, '[Mix Gap %]': -0.09220216229877812}, {'Ship To[LT1.2 - Customer]': 'Mr. Pretzel', '[Customer Flavors Mix %]': None, '[National Flavors Mix %]': 0.09220216229877812, '[Mix Gap %]': -0.09220216229877812}, {'Ship To[LT1.2 - Customer]': 'EPA', '[Customer Flavors Mix %]': None, '[National Flavors Mix %]': 0.09220216229877812, '[Mix Gap %]': -0.09220216229877812}, {'Ship To[LT1.2 - Customer]': 'VAPIANO', '[Customer Flavors Mix %]': None, '[National Flavors Mix %]': 0.09220216229877812, '[Mix Gap %]': -0.09220216229877812}, {'Ship To[LT1.2 - Customer]': 'Micromarket', '[Customer Flavors Mix %]': None, '[National Flavors Mix %]': 0.09220216229877812, '[Mix Gap %]': -0.09220216229877812}, {'Ship To[LT1.2 - Customer]': 'FranqueadoraOBurguesLTDA', '[Customer Flavors Mix %]': None, '[National Flavors Mix %]': 0.09220216229877812, '[Mix Gap %]': -0.09220216229877812}, {'Ship To[LT1.2 - Customer]': 'Gran Sapore', '[Customer Flavors Mix %]': None, '[National Flavors Mix %]': 0.09220216229877812, '[Mix Gap %]': -0.09220216229877812}, {'Ship To[LT1.2 - Customer]': 'Grao Espresso', '[Customer Flavors Mix %]': None, '[National Flavors Mix %]': 0.09220216229877812, '[Mix Gap %]': -0.09220216229877812}, {'Ship To[LT1.2 - Customer]': 'Big SMKT', '[Customer Flavors Mix %]': None, '[National Flavors Mix %]': 0.09220216229877812, '[Mix Gap %]': -0.09220216229877812}, {'Ship To[LT1.2 - Customer]': 'Paes Mendonca', '[Customer Flavors Mix %]': None, '[National Flavors Mix %]': 0.09220216229877812, '[Mix Gap %]': -0.09220216229877812}, {'Ship To[LT1.2 - Customer]': 'Croasonho', '[Customer Flavors Mix %]': None, '[National Flavors Mix %]': 0.09220216229877812, '[Mix Gap %]': -0.09220216229877812}, {'Ship To[LT1.2 - Customer]': 'VivendadoCamarao', '[Customer Flavors Mix %]': None, '[National Flavors Mix %]': 0.09220216229877812, '[Mix Gap %]': -0.09220216229877812}, {'Ship To[LT1.2 - Customer]': 'Bebelu', '[Customer Flavors Mix %]': None, '[National Flavors Mix %]': 0.09220216229877812, '[Mix Gap %]': -0.09220216229877812}, {'Ship To[LT1.2 - Customer]': 'Azul', '[Customer Flavors Mix %]': None, '[National Flavors Mix %]': 0.09220216229877812, '[Mix Gap %]': -0.09220216229877812}, {'Ship To[LT1.2 - Customer]': 'UNI-MEC CORPORATION', '[Customer Flavors Mix %]': None, '[National Flavors Mix %]': 0.09220216229877812, '[Mix Gap %]': -0.09220216229877812}, {'Ship To[LT1.2 - Customer]': 'Casa Pao De Queijo', '[Customer Flavors Mix %]': None, '[National Flavors Mix %]': 0.09220216229877812, '[Mix Gap %]': -0.09220216229877812}, {'Ship To[LT1.2 - Customer]': 'Select Food', '[Customer Flavors Mix %]': None, '[National Flavors Mix %]': 0.09220216229877812, '[Mix Gap %]': -0.09220216229877812}, {'Ship To[LT1.2 - Customer]': 'GOL', '[Customer Flavors Mix %]': None, '[National Flavors Mix %]': 0.09220216229877812, '[Mix Gap %]': -0.09220216229877812}, {'Ship To[LT1.2 - Customer]': 'FabricadeBolosVoAlzira', '[Customer Flavors Mix %]': None, '[National Flavors Mix %]': 0.09220216229877812, '[Mix Gap %]': -0.09220216229877812}, {'Ship To[LT1.2 - Customer]': 'Pizza Inn', '[Customer Flavors Mix %]': None, '[National Flavors Mix %]': 0.09220216229877812, '[Mix Gap %]': -0.09220216229877812}, {'Ship To[LT1.2 - Customer]': 'POLLO EXPRESS', '[Customer Flavors Mix %]': None, '[National Flavors Mix %]': 0.09220216229877812, '[Mix Gap %]': -0.09220216229877812}, {'Ship To[LT1.2 - Customer]': 'LA BODEGONA', '[Customer Flavors Mix %]': None, '[National Flavors Mix %]': 0.09220216229877812, '[Mix Gap %]': -0.09220216229877812}, {'Ship To[LT1.2 - Customer]': 'Unisuper', '[Customer Flavors Mix %]': None, '[National Flavors Mix %]': 0.09220216229877812, '[Mix Gap %]': -0.09220216229877812}, {'Ship To[LT1.2 - Customer]': 'CHILLI PTE LTD', '[Customer Flavors Mix %]': None, '[National Flavors Mix %]': 0.09220216229877812, '[Mix Gap %]': -0.09220216229877812}, {'Ship To[LT1.2 - Customer]': 'Cebollines', '[Customer Flavors Mix %]': None, '[National Flavors Mix %]': 0.09220216229877812, '[Mix Gap %]': -0.09220216229877812}, {'Ship To[LT1.2 - Customer]': 'Casinos Fantastic', '[Customer Flavors Mix %]': None, '[National Flavors Mix %]': 0.09220216229877812, '[Mix Gap %]': -0.09220216229877812}, {'Ship To[LT1.2 - Customer]': 'SUMA GTA', '[Customer Flavors Mix %]': None, '[National Flavors Mix %]': 0.09220216229877812, '[Mix Gap %]': -0.09220216229877812}, {'Ship To[LT1.2 - Customer]': 'C.Barista', '[Customer Flavors Mix %]': None, '[National Flavors Mix %]': 0.09220216229877812, '[Mix Gap %]': -0.09220216229877812}, {'Ship To[LT1.2 - Customer]': 'Appletown', '[Customer Flavors Mix %]': None, '[National Flavors Mix %]': 0.09220216229877812, '[Mix Gap %]': -0.09220216229877812}, {'Ship To[LT1.2 - Customer]': 'PERSAD FOOD STORES', '[Customer Flavors Mix %]': None, '[National Flavors Mix %]': 0.09220216229877812, '[Mix Gap %]': -0.09220216229877812}, {'Ship To[LT1.2 - Customer]': 'Coffee Express 2000 P/L', '[Customer Flavors Mix %]': None, '[National Flavors Mix %]': 0.09220216229877812, '[Mix Gap %]': -0.09220216229877812}, {'Ship To[LT1.2 - Customer]': 'Pizza/Burger Boys', '[Customer Flavors Mix %]': None, '[National Flavors Mix %]': 0.09220216229877812, '[Mix Gap %]': -0.09220216229877812}, {'Ship To[LT1.2 - Customer]': 'MASSY STORES', '[Customer Flavors Mix %]': None, '[National Flavors Mix %]': 0.09220216229877812, '[Mix Gap %]': -0.09220216229877812}, {'Ship To[LT1.2 - Customer]': 'Superpharm', '[Customer Flavors Mix %]': None, '[National Flavors Mix %]': 0.09220216229877812, '[Mix Gap %]': -0.09220216229877812}, {'Ship To[LT1.2 - Customer]': 'SUPERPHARM LTD', '[Customer Flavors Mix %]': None, '[National Flavors Mix %]': 0.09220216229877812, '[Mix Gap %]': -0.09220216229877812}, {'Ship To[LT1.2 - Customer]': 'Texas De Brazil', '[Customer Flavors Mix %]': None, '[National Flavors Mix %]': 0.09220216229877812, '[Mix Gap %]': -0.09220216229877812}, {'Ship To[LT1.2 - Customer]': 'Supermercado 99', '[Customer Flavors Mix %]': None, '[National Flavors Mix %]': 0.09220216229877812, '[Mix Gap %]': -0.09220216229877812}, {'Ship To[LT1.2 - Customer]': 'Power Club (Gimnasio)', '[Customer Flavors Mix %]': None, '[National Flavors Mix %]': 0.09220216229877812, '[Mix Gap %]': -0.09220216229877812}, {'Ship To[LT1.2 - Customer]': 'Sandwich Qbano', '[Customer Flavors Mix %]': None, '[National Flavors Mix %]': 0.09220216229877812, '[Mix Gap %]': -0.09220216229877812}, {'Ship To[LT1.2 - Customer]': 'Wienerschnitzel', '[Customer Flavors Mix %]': None, '[National Flavors Mix %]': 0.09220216229877812, '[Mix Gap %]': -0.09220216229877812}, {'Ship To[LT1.2 - Customer]': 'Bennigans Grill & Tavern', '[Customer Flavors Mix %]': None, '[National Flavors Mix %]': 0.09220216229877812, '[Mix Gap %]': -0.09220216229877812}, {'Ship To[LT1.2 - Customer]': 'Super Carnes', '[Customer Flavors Mix %]': None, '[National Flavors Mix %]': 0.09220216229877812, '[Mix Gap %]': -0.09220216229877812}, {'Ship To[LT1.2 - Customer]': 'Viveres Unidos', '[Customer Flavors Mix %]': None, '[National Flavors Mix %]': 0.09220216229877812, '[Mix Gap %]': -0.09220216229877812}, {'Ship To[LT1.2 - Customer]': 'Smashburger Master LLC', '[Customer Flavors Mix %]': None, '[National Flavors Mix %]': 0.09220216229877812, '[Mix Gap %]': -0.09220216229877812}, {'Ship To[LT1.2 - Customer]': 'Royal Castle', '[Customer Flavors Mix %]': None, '[National Flavors Mix %]': 0.09220216229877812, '[Mix Gap %]': -0.09220216229877812}, {'Ship To[LT1.2 - Customer]': 'TRU VALU S/MARKET LTD', '[Customer Flavors Mix %]': None, '[National Flavors Mix %]': 0.09220216229877812, '[Mix Gap %]': -0.09220216229877812}, {'Ship To[LT1.2 - Customer]': 'Hotel Playa Blanca', '[Customer Flavors Mix %]': None, '[National Flavors Mix %]': 0.09220216229877812, '[Mix Gap %]': -0.09220216229877812}, {'Ship To[LT1.2 - Customer]': 'BETTER DEAL S/MARKET', '[Customer Flavors Mix %]': None, '[National Flavors Mix %]': 0.09220216229877812, '[Mix Gap %]': -0.09220216229877812}, {'Ship To[LT1.2 - Customer]': ""Mario's"", '[Customer Flavors Mix %]': None, '[National Flavors Mix %]': 0.09220216229877812, '[Mix Gap %]': -0.09220216229877812}, {'Ship To[LT1.2 - Customer]': 'Alm Machetazo', '[Customer Flavors Mix %]': None, '[National Flavors Mix %]': 0.09220216229877812, '[Mix Gap %]': -0.09220216229877812}, {'Ship To[LT1.2 - Customer]': 'Auntie Annes', '[Customer Flavors Mix %]': None, '[National Flavors Mix %]': 0.09220216229877812, '[Mix Gap %]': -0.09220216229877812}, {'Ship To[LT1.2 - Customer]': 'Pita Pit', '[Customer Flavors Mix %]': None, '[National Flavors Mix %]': 0.09220216229877812, '[Mix Gap %]': -0.09220216229877812}, {'Ship To[LT1.2 - Customer]': 'J.T.A SUPERMARKET', '[Customer Flavors Mix %]': None, '[National Flavors Mix %]': 0.09220216229877812, '[Mix Gap %]': -0.09220216229877812}, {'Ship To[LT1.2 - Customer]': 'Latin America Movie Theaters SA PI de CV', '[Customer Flavors Mix %]': None, '[National Flavors Mix %]': 0.09220216229877812, '[Mix Gap %]': -0.09220216229877812}, {'Ship To[LT1.2 - Customer]': 'POTATO CORNER', '[Customer Flavors Mix %]': None, '[National Flavors Mix %]': 0.09220216229877812, '[Mix Gap %]': -0.09220216229877812}, {'Ship To[LT1.2 - Customer]': 'Pollo Tropical', '[Customer Flavors Mix %]': None, '[National Flavors Mix %]': 0.09220216229877812, '[Mix Gap %]': -0.09220216229877812}, {'Ship To[LT1.2 - Customer]': 'Tango Grill', '[Customer Flavors Mix %]': None, '[National Flavors Mix %]': 0.09220216229877812, '[Mix Gap %]': -0.09220216229877812}, {'Ship To[LT1.2 - Customer]': 'Megapolis', '[Customer Flavors Mix %]': None, '[National Flavors Mix %]': 0.09220216229877812, '[Mix Gap %]': -0.09220216229877812}, {'Ship To[LT1.2 - Customer]': 'New York Fries', '[Customer Flavors Mix %]': None, '[National Flavors Mix %]': 0.09220216229877812, '[Mix Gap %]': -0.09220216229877812}, {'Ship To[LT1.2 - Customer]': 'M.S FOOD CITY', '[Customer Flavors Mix %]': None, '[National Flavors Mix %]': 0.09220216229877812, '[Mix Gap %]': -0.09220216229877812}, {'Ship To[LT1.2 - Customer]': 'Consumer Supermarket', '[Customer Flavors Mix %]': None, '[National Flavors Mix %]': 0.09220216229877812, '[Mix Gap %]': -0.09220216229877812}, {'Ship To[LT1.2 - Customer]': 'Full Pizza', '[Customer Flavors Mix %]': None, '[National Flavors Mix %]': 0.09220216229877812, '[Mix Gap %]': -0.09220216229877812}, {'Ship To[LT1.2 - Customer]': 'FOOD BASKET', '[Customer Flavors Mix %]': None, '[National Flavors Mix %]': 0.09220216229877812, '[Mix Gap %]': -0.09220216229877812}, {'Ship To[LT1.2 - Customer]': 'XTRA FOODS SUPERMARKET', '[Customer Flavors Mix %]': None, '[National Flavors Mix %]': 0.09220216229877812, '[Mix Gap %]': -0.09220216229877812}, {'Ship To[LT1.2 - Customer]': 'Majestic Casino', '[Customer Flavors Mix %]': None, '[National Flavors Mix %]': 0.09220216229877812, '[Mix Gap %]': -0.09220216229877812}, {'Ship To[LT1.2 - Customer]': 'Grupo Rock Caf�', '[Customer Flavors Mix %]': None, '[National Flavors Mix %]': 0.09220216229877812, '[Mix Gap %]': -0.09220216229877812}, {'Ship To[LT1.2 - Customer]': 'Tru Valu', '[Customer Flavors Mix %]': None, '[National Flavors Mix %]': 0.09220216229877812, '[Mix Gap %]': -0.09220216229877812}, {'Ship To[LT1.2 - Customer]': 'Accel Estacion Con Venta', '[Customer Flavors Mix %]': None, '[National Flavors Mix %]': 0.09220216229877812, '[Mix Gap %]': -0.09220216229877812}, {'Ship To[LT1.2 - Customer]': 'Multicinemas Trinidad', '[Customer Flavors Mix %]': None, '[National Flavors Mix %]': 0.09220216229877812, '[Mix Gap %]': -0.09220216229877812}, {'Ship To[LT1.2 - Customer]': ""MULTICINEMAS T'DAD LTD"", '[Customer Flavors Mix %]': None, '[National Flavors Mix %]': 0.09220216229877812, '[Mix Gap %]': -0.09220216229877812}, {'Ship To[LT1.2 - Customer]': ""Linda's Bakery"", '[Customer Flavors Mix %]': None, '[National Flavors Mix %]': 0.09220216229877812, '[Mix Gap %]': -0.09220216229877812}, {'Ship To[LT1.2 - Customer]': 'Supermercado Xtra', '[Customer Flavors Mix %]': None, '[National Flavors Mix %]': 0.09220216229877812, '[Mix Gap %]': -0.09220216229877812}, {'Ship To[LT1.2 - Customer]': 'Ruby Tuesday', '[Customer Flavors Mix %]': None, '[National Flavors Mix %]': 0.09220216229877812, '[Mix Gap %]': -0.09220216229877812}, {'Ship To[LT1.2 - Customer]': 'WEST BEES SUPERMARKET', '[Customer Flavors Mix %]': None, '[National Flavors Mix %]': 0.09220216229877812, '[Mix Gap %]': -0.09220216229877812}, {'Ship To[LT1.2 - Customer]': 'Hilo Food Stores', '[Customer Flavors Mix %]': None, '[National Flavors Mix %]': 0.09220216229877812, '[Mix Gap %]': -0.09220216229877812}, {'Ship To[LT1.2 - Customer]': 'INDIGENOUS INV.(JAPS)', '[Customer Flavors Mix %]': None, '[National Flavors Mix %]': 0.09220216229877812, '[Mix Gap %]': -0.09220216229877812}, {'Ship To[LT1.2 - Customer]': 'HAPPINESS SUPERMARKET', '[Customer Flavors Mix %]': None, '[National Flavors Mix %]': 0.09220216229877812, '[Mix Gap %]': -0.09220216229877812}, {'Ship To[LT1.2 - Customer]': 'Slovenia', '[Customer Flavors Mix %]': None, '[National Flavors Mix %]': 0.09220216229877812, '[Mix Gap %]': -0.09220216229877812}, {'Ship To[LT1.2 - Customer]': 'Grupo Rey', '[Customer Flavors Mix %]': None, '[National Flavors Mix %]': 0.09220216229877812, '[Mix Gap %]': -0.09220216229877812}, {'Ship To[LT1.2 - Customer]': 'Grupo Bern', '[Customer Flavors Mix %]': None, '[National Flavors Mix %]': 0.09220216229877812, '[Mix Gap %]': -0.09220216229877812}, {'Ship To[LT1.2 - Customer]': 'Osihi Japanese Pizza Pte Ltd', '[Customer Flavors Mix %]': None, '[National Flavors Mix %]': 0.09220216229877812, '[Mix Gap %]': -0.09220216229877812}, {'Ship To[LT1.2 - Customer]': 'NPMC-(NATONAL PETROEUM)', '[Customer Flavors Mix %]': None, '[National Flavors Mix %]': 0.09220216229877812, '[Mix Gap %]': -0.09220216229877812}, {'Ship To[LT1.2 - Customer]': 'Axion Energy Argentina S.R.L.', '[Customer Flavors Mix %]': None, '[National Flavors Mix %]': 0.09220216229877812, '[Mix Gap %]': -0.09220216229877812}, {'Ship To[LT1.2 - Customer]': 'Bristol', '[Customer Flavors Mix %]': None, '[National Flavors Mix %]': 0.09220216229877812, '[Mix Gap %]': -0.09220216229877812}, {'Ship To[LT1.2 - Customer]': 'Yaguar', '[Customer Flavors Mix %]': None, '[National Flavors Mix %]': 0.09220216229877812, '[Mix Gap %]': -0.09220216229877812}, {'Ship To[LT1.2 - Customer]': 'BP', '[Customer Flavors Mix %]': None, '[National Flavors Mix %]': 0.09220216229877812, '[Mix Gap %]': -0.09220216229877812}, {'Ship To[LT1.2 - Customer]': 'Axion', '[Customer Flavors Mix %]': None, '[National Flavors Mix %]': 0.09220216229877812, '[Mix Gap %]': -0.09220216229877812}, {'Ship To[LT1.2 - Customer]': 'FarmaCity S.A.', '[Customer Flavors Mix %]': None, '[National Flavors Mix %]': 0.09220216229877812, '[Mix Gap %]': -0.09220216229877812}, {'Ship To[LT1.2 - Customer]': 'Central Madeirance', '[Customer Flavors Mix %]': None, '[National Flavors Mix %]': 0.09220216229877812, '[Mix Gap %]': -0.09220216229877812}, {'Ship To[LT1.2 - Customer]': 'CINEPLEX INC', '[Customer Flavors Mix %]': None, '[National Flavors Mix %]': 0.09220216229877812, '[Mix Gap %]': -0.09220216229877812}, {'Ship To[LT1.2 - Customer]': 'Diarco', '[Customer Flavors Mix %]': None, '[National Flavors Mix %]': 0.09220216229877812, '[Mix Gap %]': -0.09220216229877812}, {'Ship To[LT1.2 - Customer]': 'Sunstar Cinemas', '[Customer Flavors Mix %]': None, '[National Flavors Mix %]': 0.09220216229877812, '[Mix Gap %]': -0.09220216229877812}, {'Ship To[LT1.2 - Customer]': 'Luxor', '[Customer Flavors Mix %]': None, '[National Flavors Mix %]': 0.09220216229877812, '[Mix Gap %]': -0.09220216229877812}, {'Ship To[LT1.2 - Customer]': 'GMG', '[Customer Flavors Mix %]': None, '[National Flavors Mix %]': 0.09220216229877812, '[Mix Gap %]': -0.09220216229877812}, {'Ship To[LT1.2 - Customer]': 'S.A. Importadora y Exportadora Patagonia', '[Customer Flavors Mix %]': None, '[National Flavors Mix %]': 0.09220216229877812, '[Mix Gap %]': -0.09220216229877812}, {'Ship To[LT1.2 - Customer]': 'CORDIEZ', '[Customer Flavors Mix %]': None, '[National Flavors Mix %]': 0.09220216229877812, '[Mix Gap %]': -0.09220216229877812}, {'Ship To[LT1.2 - Customer]': 'Mostaza & Pan SA', '[Customer Flavors Mix %]': None, '[National Flavors Mix %]': 0.09220216229877812, '[Mix Gap %]': -0.09220216229877812}, {'Ship To[LT1.2 - Customer]': 'Almacenes Zaragoza', '[Customer Flavors Mix %]': None, '[National Flavors Mix %]': 0.09220216229877812, '[Mix Gap %]': -0.09220216229877812}, {'Ship To[LT1.2 - Customer]': 'Cinemaster', '[Customer Flavors Mix %]': None, '[National Flavors Mix %]': 0.09220216229877812, '[Mix Gap %]': -0.09220216229877812}, {'Ship To[LT1.2 - Customer]': 'Smart & Final Dev Noroeste SA de CV', '[Customer Flavors Mix %]': None, '[National Flavors Mix %]': 0.09220216229877812, '[Mix Gap %]': -0.09220216229877812}, {'Ship To[LT1.2 - Customer]': 'Calimax', '[Customer Flavors Mix %]': None, '[National Flavors Mix %]': 0.09220216229877812, '[Mix Gap %]': -0.09220216229877812}, {'Ship To[LT1.2 - Customer]': 'Operadora de Cd Juarez', '[Customer Flavors Mix %]': None, '[National Flavors Mix %]': 0.09220216229877812, '[Mix Gap %]': -0.09220216229877812}, {'Ship To[LT1.2 - Customer]': 'Sirlon Stokade', '[Customer Flavors Mix %]': None, '[National Flavors Mix %]': 0.09220216229877812, '[Mix Gap %]': -0.09220216229877812}, {'Ship To[LT1.2 - Customer]': 'Aeropuertos Argentina 2000 S.A.', '[Customer Flavors Mix %]': None, '[National Flavors Mix %]': 0.09220216229877812, '[Mix Gap %]': -0.09220216229877812}, {'Ship To[LT1.2 - Customer]': 'Auchan', '[Customer Flavors Mix %]': None, '[National Flavors Mix %]': 0.09220216229877812, '[Mix Gap %]': -0.09220216229877812}, {'Ship To[LT1.2 - Customer]': 'Estrella Blanca', '[Customer Flavors Mix %]': None, '[National Flavors Mix %]': 0.09220216229877812, '[Mix Gap %]': -0.09220216229877812}, {'Ship To[LT1.2 - Customer]': 'Delicity', '[Customer Flavors Mix %]': None, '[National Flavors Mix %]': 0.09220216229877812, '[Mix Gap %]': -0.09220216229877812}, {'Ship To[LT1.2 - Customer]': 'Loblaw', '[Customer Flavors Mix %]': None, '[National Flavors Mix %]': 0.09220216229877812, '[Mix Gap %]': -0.09220216229877812}, {'Ship To[LT1.2 - Customer]': 'Dorinka', '[Customer Flavors Mix %]': None, '[National Flavors Mix %]': 0.09220216229877812, '[Mix Gap %]': -0.09220216229877812}, {'Ship To[LT1.2 - Customer]': 'Freddo&Aroma', '[Customer Flavors Mix %]': None, '[National Flavors Mix %]': 0.09220216229877812, '[Mix Gap %]': -0.09220216229877812}, {'Ship To[LT1.2 - Customer]': 'Cadena Real S.A.', '[Customer Flavors Mix %]': None, '[National Flavors Mix %]': 0.09220216229877812, '[Mix Gap %]': -0.09220216229877812}, {'Ship To[LT1.2 - Customer]': 'CROWNE PLAZA', '[Customer Flavors Mix %]': None, '[National Flavors Mix %]': 0.09220216229877812, '[Mix Gap %]': -0.09220216229877812}, {'Ship To[LT1.2 - Customer]': 'Edeka', '[Customer Flavors Mix %]': None, '[National Flavors Mix %]': 0.09220216229877812, '[Mix Gap %]': -0.09220216229877812}, {'Ship To[LT1.2 - Customer]': 'Coto', '[Customer Flavors Mix %]': None, '[National Flavors Mix %]': 0.09220216229877812, '[Mix Gap %]': -0.09220216229877812}, {'Ship To[LT1.2 - Customer]': 'SPORTCLUB', '[Customer Flavors Mix %]': None, '[National Flavors Mix %]': 0.09220216229877812, '[Mix Gap %]': -0.09220216229877812}, {'Ship To[LT1.2 - Customer]': 'Oil Combustible', '[Customer Flavors Mix %]': None, '[National Flavors Mix %]': 0.09220216229877812, '[Mix Gap %]': -0.09220216229877812}, {'Ship To[LT1.2 - Customer]': 'Ekono', '[Customer Flavors Mix %]': None, '[National Flavors Mix %]': 0.09220216229877812, '[Mix Gap %]': -0.09220216229877812}, {'Ship To[LT1.2 - Customer]': 'Shv Makro Nv', '[Customer Flavors Mix %]': None, '[National Flavors Mix %]': 0.09220216229877812, '[Mix Gap %]': -0.09220216229877812}, {'Ship To[LT1.2 - Customer]': 'Papizzec Cia.Ltda', '[Customer Flavors Mix %]': None, '[National Flavors Mix %]': 0.09220216229877812, '[Mix Gap %]': -0.09220216229877812}, {'Ship To[LT1.2 - Customer]': 'Magda Espinoza Sa.', '[Customer Flavors Mix %]': None, '[National Flavors Mix %]': 0.09220216229877812, '[Mix Gap %]': -0.09220216229877812}, {'Ship To[LT1.2 - Customer]': 'Friedman Fleischer & Lowe LLC (FFL)', '[Customer Flavors Mix %]': None, '[National Flavors Mix %]': 0.09220216229877812, '[Mix Gap %]': -0.09220216229877812}, {'Ship To[LT1.2 - Customer]': 'San Antonio de Cabeza', '[Customer Flavors Mix %]': None, '[National Flavors Mix %]': 0.09220216229877812, '[Mix Gap %]': -0.09220216229877812}, {'Ship To[LT1.2 - Customer]': 'Texas Chiken', '[Customer Flavors Mix %]': None, '[National Flavors Mix %]': 0.09220216229877812, '[Mix Gap %]': -0.09220216229877812}, {'Ship To[LT1.2 - Customer]': 'Ceviches De La Ruminahui', '[Customer Flavors Mix %]': None, '[National Flavors Mix %]': 0.09220216229877812, '[Mix Gap %]': -0.09220216229877812}, {'Ship To[LT1.2 - Customer]': 'NorgesGruppen', '[Customer Flavors Mix %]': None, '[National Flavors Mix %]': 0.09220216229877812, '[Mix Gap %]': -0.09220216229877812}, {'Ship To[LT1.2 - Customer]': 'Repsol', '[Customer Flavors Mix %]': None, '[National Flavors Mix %]': 0.09220216229877812, '[Mix Gap %]': -0.09220216229877812}, {'Ship To[LT1.2 - Customer]': 'CCA CinemaCenter', '[Customer Flavors Mix %]': None, '[National Flavors Mix %]': 0.09220216229877812, '[Mix Gap %]': -0.09220216229877812}, {'Ship To[LT1.2 - Customer]': 'Maxiconsumo', '[Customer Flavors Mix %]': None, '[National Flavors Mix %]': 0.09220216229877812, '[Mix Gap %]': -0.09220216229877812}, {'Ship To[LT1.2 - Customer]': 'AIELLO', '[Customer Flavors Mix %]': None, '[National Flavors Mix %]': 0.09220216229877812, '[Mix Gap %]': -0.09220216229877812}, {'Ship To[LT1.2 - Customer]': 'Eldorado', '[Customer Flavors Mix %]': None, '[National Flavors Mix %]': 0.09220216229877812, '[Mix Gap %]': -0.09220216229877812}, {'Ship To[LT1.2 - Customer]': 'LA GALLEGA', '[Customer Flavors Mix %]': None, '[National Flavors Mix %]': 0.09220216229877812, '[Mix Gap %]': -0.09220216229877812}, {'Ship To[LT1.2 - Customer]': 'Aldi', '[Customer Flavors Mix %]': None, '[National Flavors Mix %]': 0.09220216229877812, '[Mix Gap %]': -0.09220216229877812}, {'Ship To[LT1.2 - Customer]': 'OCB Road House Grill', '[Customer Flavors Mix %]': None, '[National Flavors Mix %]': 0.09220216229877812, '[Mix Gap %]': -0.09220216229877812}, {'Ship To[LT1.2 - Customer]': 'TT INTERNATIONAL LIMITED', '[Customer Flavors Mix %]': None, '[National Flavors Mix %]': 0.09220216229877812, '[Mix Gap %]': -0.09220216229877812}, {'Ship To[LT1.2 - Customer]': 'Mega Market', '[Customer Flavors Mix %]': None, '[National Flavors Mix %]': 0.09220216229877812, '[Mix Gap %]': -0.09220216229877812}, {'Ship To[LT1.2 - Customer]': 'TUNEL', '[Customer Flavors Mix %]': None, '[National Flavors Mix %]': 0.09220216229877812, '[Mix Gap %]': -0.09220216229877812}, {'Ship To[LT1.2 - Customer]': 'EQT Partners', '[Customer Flavors Mix %]': None, '[National Flavors Mix %]': 0.09220216229877812, '[Mix Gap %]': -0.09220216229877812}, {'Ship To[LT1.2 - Customer]': 'MARIANO MAX', '[Customer Flavors Mix %]': None, '[National Flavors Mix %]': 0.09220216229877812, '[Mix Gap %]': -0.09220216229877812}, {'Ship To[LT1.2 - Customer]': 'Atlantic', '[Customer Flavors Mix %]': None, '[National Flavors Mix %]': 0.09220216229877812, '[Mix Gap %]': -0.09220216229877812}, {'Ship To[LT1.2 - Customer]': 'ANSELMI', '[Customer Flavors Mix %]': None, '[National Flavors Mix %]': 0.09220216229877812, '[Mix Gap %]': -0.09220216229877812}, {'Ship To[LT1.2 - Customer]': 'Fast Food', '[Customer Flavors Mix %]': None, '[National Flavors Mix %]': 0.09220216229877812, '[Mix Gap %]': -0.09220216229877812}, {'Ship To[LT1.2 - Customer]': 'Dinosaurio', '[Customer Flavors Mix %]': None, '[National Flavors Mix %]': 0.09220216229877812, '[Mix Gap %]': -0.09220216229877812}, {'Ship To[LT1.2 - Customer]': 'Muller', '[Customer Flavors Mix %]': None, '[National Flavors Mix %]': 0.09220216229877812, '[Mix Gap %]': -0.09220216229877812}, {'Ship To[LT1.2 - Customer]': 'Grupo TaTa S.A.', '[Customer Flavors Mix %]': None, '[National Flavors Mix %]': 0.09220216229877812, '[Mix Gap %]': -0.09220216229877812}, {'Ship To[LT1.2 - Customer]': 'Hoyts Cinema', '[Customer Flavors Mix %]': None, '[National Flavors Mix %]': 0.09220216229877812, '[Mix Gap %]': -0.09220216229877812}, {'Ship To[LT1.2 - Customer]': 'AMOXXO', '[Customer Flavors Mix %]': None, '[National Flavors Mix %]': 0.09220216229877812, '[Mix Gap %]': -0.09220216229877812}, {'Ship To[LT1.2 - Customer]': 'ChuangChun YuanFang Supermarkets Chain', '[Customer Flavors Mix %]': None, '[National Flavors Mix %]': 0.09220216229877812, '[Mix Gap %]': -0.09220216229877812}, {'Ship To[LT1.2 - Customer]': 'WuHan ZhongShang Supermarkets Chain', '[Customer Flavors Mix %]': None, '[National Flavors Mix %]': 0.09220216229877812, '[Mix Gap %]': -0.09220216229877812}, {'Ship To[LT1.2 - Customer]': 'Castanos', '[Customer Flavors Mix %]': None, '[National Flavors Mix %]': 0.09220216229877812, '[Mix Gap %]': -0.09220216229877812}, {'Ship To[LT1.2 - Customer]': 'Domino+Fuente Chilena', '[Customer Flavors Mix %]': None, '[National Flavors Mix %]': 0.09220216229877812, '[Mix Gap %]': -0.09220216229877812}, {'Ship To[LT1.2 - Customer]': 'Toledo', '[Customer Flavors Mix %]': None, '[National Flavors Mix %]': 0.09220216229877812, '[Mix Gap %]': -0.09220216229877812}, {'Ship To[LT1.2 - Customer]': 'Almacenes Y Distribuidores De La Fronter', '[Customer Flavors Mix %]': None, '[National Flavors Mix %]': 0.09220216229877812, '[Mix Gap %]': -0.09220216229877812}, {'Ship To[LT1.2 - Customer]': 'Operadora De Ciudad Juarez S.A. De C.V.', '[Customer Flavors Mix %]': None, '[National Flavors Mix %]': 0.09220216229877812, '[Mix Gap %]': -0.09220216229877812}, {'Ship To[LT1.2 - Customer]': 'Casa Chapa S.A. De C.V.', '[Customer Flavors Mix %]': None, '[National Flavors Mix %]': 0.09220216229877812, '[Mix Gap %]': -0.09220216229877812}, {'Ship To[LT1.2 - Customer]': 'Super Gutierrez, SA De C.V.', '[Customer Flavors Mix %]': None, '[National Flavors Mix %]': 0.09220216229877812, '[Mix Gap %]': -0.09220216229877812}, {'Ship To[LT1.2 - Customer]': 'Almacenes Zaragoza S.A. De C.V.', '[Customer Flavors Mix %]': None, '[National Flavors Mix %]': 0.09220216229877812, '[Mix Gap %]': -0.09220216229877812}, {'Ship To[LT1.2 - Customer]': 'Operadora De Reynosa S.A. De C.V.', '[Customer Flavors Mix %]': None, '[National Flavors Mix %]': 0.09220216229877812, '[Mix Gap %]': -0.09220216229877812}, {'Ship To[LT1.2 - Customer]': 'ABC Aerolineas SA de CV', '[Customer Flavors Mix %]': None, '[National Flavors Mix %]': 0.09220216229877812, '[Mix Gap %]': -0.09220216229877812}, {'Ship To[LT1.2 - Customer]': 'Cabo Grill S.A. de C.V.', '[Customer Flavors Mix %]': None, '[National Flavors Mix %]': 0.09220216229877812, '[Mix Gap %]': -0.09220216229877812}, {'Ship To[LT1.2 - Customer]': 'Grupo Proalimex', '[Customer Flavors Mix %]': None, '[National Flavors Mix %]': 0.09220216229877812, '[Mix Gap %]': -0.09220216229877812}, {'Ship To[LT1.2 - Customer]': 'Oriental Wok SA de CV', '[Customer Flavors Mix %]': None, '[National Flavors Mix %]': 0.09220216229877812, '[Mix Gap %]': -0.09220216229877812}, {'Ship To[LT1.2 - Customer]': 'Almacenes Distribuidores de La frontera', '[Customer Flavors Mix %]': None, '[National Flavors Mix %]': 0.09220216229877812, '[Mix Gap %]': -0.09220216229877812}, {'Ship To[LT1.2 - Customer]': 'Inmobiliaria Hascor S.A. de C.V.', '[Customer Flavors Mix %]': None, '[National Flavors Mix %]': 0.09220216229877812, '[Mix Gap %]': -0.09220216229877812}, {'Ship To[LT1.2 - Customer]': 'Aladia Airlines, S.A. de C.V.', '[Customer Flavors Mix %]': None, '[National Flavors Mix %]': 0.09220216229877812, '[Mix Gap %]': -0.09220216229877812}, {'Ship To[LT1.2 - Customer]': 'GRUPO RAMOS SA', '[Customer Flavors Mix %]': None, '[National Flavors Mix %]': 0.09220216229877812, '[Mix Gap %]': -0.09220216229877812}, {'Ship To[LT1.2 - Customer]': 'Bagatelle', '[Customer Flavors Mix %]': None, '[National Flavors Mix %]': 0.09220216229877812, '[Mix Gap %]': -0.09220216229877812}, {'Ship To[LT1.2 - Customer]': 'Asakuma Burger', '[Customer Flavors Mix %]': None, '[National Flavors Mix %]': 0.09220216229877812, '[Mix Gap %]': -0.09220216229877812}, {'Ship To[LT1.2 - Customer]': 'Demoulas', '[Customer Flavors Mix %]': None, '[National Flavors Mix %]': 0.09220216229877812, '[Mix Gap %]': -0.09220216229877812}, {'Ship To[LT1.2 - Customer]': 'Five Guys', '[Customer Flavors Mix %]': None, '[National Flavors Mix %]': 0.09220216229877812, '[Mix Gap %]': -0.09220216229877812}, {'Ship To[LT1.2 - Customer]': 'Calloway Oil Company', '[Customer Flavors Mix %]': None, '[National Flavors Mix %]': 0.09220216229877812, '[Mix Gap %]': -0.09220216229877812}, {'Ship To[LT1.2 - Customer]': 'General Mills', '[Customer Flavors Mix %]': None, '[National Flavors Mix %]': 0.09220216229877812, '[Mix Gap %]': -0.09220216229877812}, {'Ship To[LT1.2 - Customer]': 'Ya!Mart', '[Customer Flavors Mix %]': None, '[National Flavors Mix %]': 0.09220216229877812, '[Mix Gap %]': -0.09220216229877812}, {'Ship To[LT1.2 - Customer]': 'TiendasPronto', '[Customer Flavors Mix %]': None, '[National Flavors Mix %]': 0.09220216229877812, '[Mix Gap %]': -0.09220216229877812}, {'Ship To[LT1.2 - Customer]': 'Froots', '[Customer Flavors Mix %]': None, '[National Flavors Mix %]': 0.09220216229877812, '[Mix Gap %]': -0.09220216229877812}, {'Ship To[LT1.2 - Customer]': 'Espana', '[Customer Flavors Mix %]': None, '[National Flavors Mix %]': 0.09220216229877812, '[Mix Gap %]': -0.09220216229877812}, {'Ship To[LT1.2 - Customer]': 'Crepe Lovers', '[Customer Flavors Mix %]': None, '[National Flavors Mix %]': 0.09220216229877812, '[Mix Gap %]': -0.09220216229877812}, {'Ship To[LT1.2 - Customer]': 'Eminco S.A.', '[Customer Flavors Mix %]': None, '[National Flavors Mix %]': 0.09220216229877812, '[Mix Gap %]': -0.09220216229877812}, {'Ship To[LT1.2 - Customer]': 'Super Selectos', '[Customer Flavors Mix %]': None, '[National Flavors Mix %]': 0.09220216229877812, '[Mix Gap %]': -0.09220216229877812}, {'Ship To[LT1.2 - Customer]': 'AlbaPetroleos', '[Customer Flavors Mix %]': None, '[National Flavors Mix %]': 0.09220216229877812, '[Mix Gap %]': -0.09220216229877812}, {'Ship To[LT1.2 - Customer]': ""Doggi's Group"", '[Customer Flavors Mix %]': None, '[National Flavors Mix %]': 0.09220216229877812, '[Mix Gap %]': -0.09220216229877812}, {'Ship To[LT1.2 - Customer]': 'Market Place', '[Customer Flavors Mix %]': None, '[National Flavors Mix %]': 0.09220216229877812, '[Mix Gap %]': -0.09220216229877812}, {'Ship To[LT1.2 - Customer]': 'Carmichael', '[Customer Flavors Mix %]': None, '[National Flavors Mix %]': 0.09220216229877812, '[Mix Gap %]': -0.09220216229877812}, {'Ship To[LT1.2 - Customer]': 'Quality Markets', '[Customer Flavors Mix %]': None, '[National Flavors Mix %]': 0.09220216229877812, '[Mix Gap %]': -0.09220216229877812}, {'Ship To[LT1.2 - Customer]': 'Smittys', '[Customer Flavors Mix %]': None, '[National Flavors Mix %]': 0.09220216229877812, '[Mix Gap %]': -0.09220216229877812}, {'Ship To[LT1.2 - Customer]': 'Schopdog', '[Customer Flavors Mix %]': None, '[National Flavors Mix %]': 0.09220216229877812, '[Mix Gap %]': -0.09220216229877812}, {'Ship To[LT1.2 - Customer]': 'LUDALIAN ENTERPRISE', '[Customer Flavors Mix %]': None, '[National Flavors Mix %]': 0.09220216229877812, '[Mix Gap %]': -0.09220216229877812}, {'Ship To[LT1.2 - Customer]': 'Lowes', '[Customer Flavors Mix %]': None, '[National Flavors Mix %]': 0.09220216229877812, '[Mix Gap %]': -0.09220216229877812}, {'Ship To[LT1.2 - Customer]': 'Copec Group', '[Customer Flavors Mix %]': None, '[National Flavors Mix %]': 0.09220216229877812, '[Mix Gap %]': -0.09220216229877812}, {'Ship To[LT1.2 - Customer]': 'CASA MAYA', '[Customer Flavors Mix %]': None, '[National Flavors Mix %]': 0.09220216229877812, '[Mix Gap %]': -0.09220216229877812}, {'Ship To[LT1.2 - Customer]': 'FARMACIAS PDC', '[Customer Flavors Mix %]': None, '[National Flavors Mix %]': 0.09220216229877812, '[Mix Gap %]': -0.09220216229877812}, {'Ship To[LT1.2 - Customer]': 'Xcaret', '[Customer Flavors Mix %]': None, '[National Flavors Mix %]': 0.09220216229877812, '[Mix Gap %]': -0.09220216229877812}, {'Ship To[LT1.2 - Customer]': 'ASCOTT LIMITED', '[Customer Flavors Mix %]': None, '[National Flavors Mix %]': 0.09220216229877812, '[Mix Gap %]': -0.09220216229877812}, {'Ship To[LT1.2 - Customer]': 'Primher', '[Customer Flavors Mix %]': None, '[National Flavors Mix %]': 0.09220216229877812, '[Mix Gap %]': -0.09220216229877812}, {'Ship To[LT1.2 - Customer]': 'Karitex Lucky', '[Customer Flavors Mix %]': None, '[National Flavors Mix %]': 0.09220216229877812, '[Mix Gap %]': -0.09220216229877812}, {'Ship To[LT1.2 - Customer]': 'Lomiton+Frutos', '[Customer Flavors Mix %]': None, '[National Flavors Mix %]': 0.09220216229877812, '[Mix Gap %]': -0.09220216229877812}, {'Ship To[LT1.2 - Customer]': 'Hot Spot', '[Customer Flavors Mix %]': None, '[National Flavors Mix %]': 0.09220216229877812, '[Mix Gap %]': -0.09220216229877812}, {'Ship To[LT1.2 - Customer]': 'SHOP SMART, INC.', '[Customer Flavors Mix %]': None, '[National Flavors Mix %]': 0.09220216229877812, '[Mix Gap %]': -0.09220216229877812}, {'Ship To[LT1.2 - Customer]': 'ALTABRISA BOWLING', '[Customer Flavors Mix %]': None, '[National Flavors Mix %]': 0.09220216229877812, '[Mix Gap %]': -0.09220216229877812}, {'Ship To[LT1.2 - Customer]': 'Fastrip', '[Customer Flavors Mix %]': None, '[National Flavors Mix %]': 0.09220216229877812, '[Mix Gap %]': -0.09220216229877812}, {'Ship To[LT1.2 - Customer]': 'Quality Stores', '[Customer Flavors Mix %]': None, '[National Flavors Mix %]': 0.09220216229877812, '[Mix Gap %]': -0.09220216229877812}, {'Ship To[LT1.2 - Customer]': 'Roosters', '[Customer Flavors Mix %]': None, '[National Flavors Mix %]': 0.09220216229877812, '[Mix Gap %]': -0.09220216229877812}, {'Ship To[LT1.2 - Customer]': 'Mulliez Group (Non Grocery)', '[Customer Flavors Mix %]': 8.62988888472925e-05, '[National Flavors Mix %]': 0.09220216229877812, '[Mix Gap %]': -0.09211586340993083}, {'Ship To[LT1.2 - Customer]': 'Teriyaki', '[Customer Flavors Mix %]': 0.0001394319030536558, '[National Flavors Mix %]': 0.09220216229877812, '[Mix Gap %]': -0.09206273039572446}, {'Ship To[LT1.2 - Customer]': 'Marriott International', '[Customer Flavors Mix %]': 0.00044312645995235443, '[National Flavors Mix %]': 0.09220216229877812, '[Mix Gap %]': -0.09175903583882576}, {'Ship To[LT1.2 - Customer]': 'Hyatt Hotels Corporation', '[Customer Flavors Mix %]': 0.00086181100391324, '[National Flavors Mix %]': 0.09220216229877812, '[Mix Gap %]': -0.09134035129486488}, {'Ship To[LT1.2 - Customer]': 'FOODOLOGY', '[Customer Flavors Mix %]': 0.004723326983716475, '[National Flavors Mix %]': 0.09220216229877812, '[Mix Gap %]': -0.08747883531506165}, {'Ship To[LT1.2 - Customer]': 'Buffalo S.A.', '[Customer Flavors Mix %]': 0.00578518168411209, '[National Flavors Mix %]': 0.09220216229877812, '[Mix Gap %]': -0.08641698061466603}, {'Ship To[LT1.2 - Customer]': 'TACA Airlines', '[Customer Flavors Mix %]': 0.008465857136445782, '[National Flavors Mix %]': 0.09220216229877812, '[Mix Gap %]': -0.08373630516233234}, {'Ship To[LT1.2 - Customer]': 'Hilton Group Plc', '[Customer Flavors Mix %]': 0.008861321446104294, '[National Flavors Mix %]': 0.09220216229877812, '[Mix Gap %]': -0.08334084085267382}, {'Ship To[LT1.2 - Customer]': 'Dufry Yucatan SA DE CV', '[Customer Flavors Mix %]': 0.012428695028816184, '[National Flavors Mix %]': 0.09220216229877812, '[Mix Gap %]': -0.07977346726996193}, {'Ship To[LT1.2 - Customer]': 'Piccolo', '[Customer Flavors Mix %]': 0.014537887107241276, '[National Flavors Mix %]': 0.09220216229877812, '[Mix Gap %]': -0.07766427519153685}, {'Ship To[LT1.2 - Customer]': 'Buffalo Wild Wings', '[Customer Flavors Mix %]': 0.021360975235854406, '[National Flavors Mix %]': 0.09220216229877812, '[Mix Gap %]': -0.07084118706292371}, {'Ship To[LT1.2 - Customer]': 'Decameron', '[Customer Flavors Mix %]': 0.024735930380157898, '[National Flavors Mix %]': 0.09220216229877812, '[Mix Gap %]': -0.06746623191862022}, {'Ship To[LT1.2 - Customer]': 'Accor Hotels', '[Customer Flavors Mix %]': 0.024737041305015684, '[National Flavors Mix %]': 0.09220216229877812, '[Mix Gap %]': -0.06746512099376244}, {'Ship To[LT1.2 - Customer]': 'Dunkin Donuts', '[Customer Flavors Mix %]': 0.024981842889100315, '[National Flavors Mix %]': 0.09220216229877812, '[Mix Gap %]': -0.0672203194096778}, {'Ship To[LT1.2 - Customer]': 'Unassigned', '[Customer Flavors Mix %]': 0.026803331101199618, '[National Flavors Mix %]': 0.09220216229877812, '[Mix Gap %]': -0.0653988311975785}, {'Ship To[LT1.2 - Customer]': ""McDonald's"", '[Customer Flavors Mix %]': 0.03278712431317489, '[National Flavors Mix %]': 0.09220216229877812, '[Mix Gap %]': -0.05941503798560323}, {'Ship To[LT1.2 - Customer]': 'Hooters', '[Customer Flavors Mix %]': 0.03298572692858487, '[National Flavors Mix %]': 0.09220216229877812, '[Mix Gap %]': -0.05921643537019325}, {'Ship To[LT1.2 - Customer]': 'Pizza Mania', '[Customer Flavors Mix %]': 0.03590354465591361, '[National Flavors Mix %]': 0.09220216229877812, '[Mix Gap %]': -0.05629861764286451}, {'Ship To[LT1.2 - Customer]': 'Sentry Markets', '[Customer Flavors Mix %]': 0.03622976826499777, '[National Flavors Mix %]': 0.09220216229877812, '[Mix Gap %]': -0.05597239403378035}, {'Ship To[LT1.2 - Customer]': 'Cencosud', '[Customer Flavors Mix %]': 0.037906206395064625, '[National Flavors Mix %]': 0.09220216229877812, '[Mix Gap %]': -0.05429595590371349}, {'Ship To[LT1.2 - Customer]': 'PriceSmart', '[Customer Flavors Mix %]': 0.0393574109648635, '[National Flavors Mix %]': 0.09220216229877812, '[Mix Gap %]': -0.05284475133391462}, {'Ship To[LT1.2 - Customer]': 'Petrobras', '[Customer Flavors Mix %]': 0.0406092096088182, '[National Flavors Mix %]': 0.09220216229877812, '[Mix Gap %]': -0.05159295268995992}, {'Ship To[LT1.2 - Customer]': 'Terpel S.A.', '[Customer Flavors Mix %]': 0.04229810092166072, '[National Flavors Mix %]': 0.09220216229877812, '[Mix Gap %]': -0.0499040613771174}, {'Ship To[LT1.2 - Customer]': 'Grupo Trigo', '[Customer Flavors Mix %]': 0.04393374842562341, '[National Flavors Mix %]': 0.09220216229877812, '[Mix Gap %]': -0.048268413873154704}, {'Ship To[LT1.2 - Customer]': 'Bodega Latina Corporation', '[Customer Flavors Mix %]': 0.044296951807167244, '[National Flavors Mix %]': 0.09220216229877812, '[Mix Gap %]': -0.047905210491610874}, {'Ship To[LT1.2 - Customer]': 'Sodexo', '[Customer Flavors Mix %]': 0.04713322397230889, '[National Flavors Mix %]': 0.09220216229877812, '[Mix Gap %]': -0.04506893832646923}, {'Ship To[LT1.2 - Customer]': 'Grupo Exito', '[Customer Flavors Mix %]': 0.0480342538871264, '[National Flavors Mix %]': 0.09220216229877812, '[Mix Gap %]': -0.04416790841165172}, {'Ship To[LT1.2 - Customer]': 'Crepes & Waffles', '[Customer Flavors Mix %]': 0.048579094863112425, '[National Flavors Mix %]': 0.09220216229877812, '[Mix Gap %]': -0.04362306743566569}, {'Ship To[LT1.2 - Customer]': '100%Video', '[Customer Flavors Mix %]': 0.05123971879802072, '[National Flavors Mix %]': 0.09220216229877812, '[Mix Gap %]': -0.040962443500757395}, {'Ship To[LT1.2 - Customer]': 'Compass Group Plc', '[Customer Flavors Mix %]': 0.053129328889452314, '[National Flavors Mix %]': 0.09220216229877812, '[Mix Gap %]': -0.039072833409325804}, {'Ship To[LT1.2 - Customer]': 'Metro Group', '[Customer Flavors Mix %]': 0.05373866746691742, '[National Flavors Mix %]': 0.09220216229877812, '[Mix Gap %]': -0.0384634948318607}, {'Ship To[LT1.2 - Customer]': 'Olimpica', '[Customer Flavors Mix %]': 0.0545430093420526, '[National Flavors Mix %]': 0.09220216229877812, '[Mix Gap %]': -0.03765915295672552}, {'Ship To[LT1.2 - Customer]': 'Wingstop', '[Customer Flavors Mix %]': 0.06027230506526995, '[National Flavors Mix %]': 0.09220216229877812, '[Mix Gap %]': -0.03192985723350817}, {'Ship To[LT1.2 - Customer]': 'Ahold Delhaize', '[Customer Flavors Mix %]': 0.06127702986274239, '[National Flavors Mix %]': 0.09220216229877812, '[Mix Gap %]': -0.03092513243603573}, {'Ship To[LT1.2 - Customer]': 'Primax', '[Customer Flavors Mix %]': 0.06741088209550777, '[National Flavors Mix %]': 0.09220216229877812, '[Mix Gap %]': -0.024791280203270344}, {'Ship To[LT1.2 - Customer]': 'Pizza Factory', '[Customer Flavors Mix %]': 0.0682089773642477, '[National Flavors Mix %]': 0.09220216229877812, '[Mix Gap %]': -0.023993184934530412}, {'Ship To[LT1.2 - Customer]': 'Oxxo', '[Customer Flavors Mix %]': 0.07669071276680807, '[National Flavors Mix %]': 0.09220216229877812, '[Mix Gap %]': -0.015511449531970048}, {'Ship To[LT1.2 - Customer]': 'Bonanza', '[Customer Flavors Mix %]': 0.07835077848022332, '[National Flavors Mix %]': 0.09220216229877812, '[Mix Gap %]': -0.013851383818554802}, {'Ship To[LT1.2 - Customer]': 'MERQUEO', '[Customer Flavors Mix %]': 0.08519781673629304, '[National Flavors Mix %]': 0.09220216229877812, '[Mix Gap %]': -0.0070043455624850814}, {'Ship To[LT1.2 - Customer]': 'Cinepolis', '[Customer Flavors Mix %]': 0.08561483411710824, '[National Flavors Mix %]': 0.09220216229877812, '[Mix Gap %]': -0.006587328181669877}]"
"EVALUATE
ROW(
    ""Net Sales Revenue % vs PY"",
        CALCULATE(
            [Bottler Net Revenue AC (LC) % vs PY],
            KEEPFILTERS('Ship From'[Country] = ""Colombia""),
            KEEPFILTERS('Period'[Month 445] = ""2025 Dec"")
        )
)",200,2.848846,[{'[Net Sales Revenue % vs PY]': 0.04157752265601452}]
"EVALUATE
TOPN(
    1,
    SUMMARIZECOLUMNS(
        'Channel'[LT1.3 - Channel Macro Group],
        ""Net Sales Revenue YoY %"",
            CALCULATE(
                [Bottler Net Revenue AC (LC) % vs PY],
                KEEPFILTERS('Ship From'[Country] = ""Colombia""),
                KEEPFILTERS('Period'[Month 445] = ""2025 Dec"")
            )
    ),
    [Net Sales Revenue YoY %], DESC
)
ORDER BY [Net Sales Revenue YoY %] DESC",200,2.422575,"[{'Channel[LT1.3 - Channel Macro Group]': 'Modern', '[Net Sales Revenue YoY %]': 0.10595074148030201}]"
"EVALUATE
ROW(
    ""Net Sales Revenue YoY %"",
        CALCULATE(
            [Bottler Net Revenue AC (LC) % vs PY],
            KEEPFILTERS('Ship To'[City] = ""Cali""),
            KEEPFILTERS('Ship From'[Country] = ""Colombia""),
            KEEPFILTERS('Period'[Month 445] = ""2025 Nov"")
        )
)",200,2.027041,"{'error': ""General Error: Query (6, 25) Column '<oii>City</oii>' in table '<oii>Ship To</oii>' cannot be found or may not be used in this expression.\r\n\r\nTechnical Details:\r\nRootActivityId: f42d35d7-5dd8-4913-ac95-0e3f1416e117\r\nDate (UTC): 5/21/2026 12:38:17 AM\r\n   at Microsoft.AnalysisServices.AdomdClient.XmlaClient.CheckForSoapFault(XmlReader reader, XmlaResult xmlaResult, Boolean throwIfError)\r\n   at Microsoft.AnalysisServices.AdomdClient.XmlaClient.SendMessage(Boolean endReceivalIfException, Boolean readSession, Boolean readNamespaceCompatibility)\r\n   at Microsoft.AnalysisServices.AdomdClient.XmlaClient.ExecuteStatement(String statement, IDictionary connectionProperties, IDictionary commandProperties, IDataParameterCollection parameters, Boolean isMdx)\r\n   at Microsoft.AnalysisServices.AdomdClient.AdomdConnection.XmlaClientProvider.Microsoft.AnalysisServices.AdomdClient.IExecuteProvider.ExecuteTabular(CommandBehavior behavior, ICommandContentProvider contentProvider, AdomdPropertyCollection commandProperties, IDataParameterCollection parameters)\r\n   at Microsoft.AnalysisServices.AdomdClient.AdomdCommand.ExecuteReader(CommandBehavior behavior)""}"
"EVALUATE
FILTER(
    SUMMARIZECOLUMNS(
        'Product'[LT1.4 - Sub-Category],
        ""Unit Cases YoY %"",
            CALCULATE(
                [Unit Cases AC % vs PY],
                KEEPFILTERS('Ship From'[Country] = ""Colombia""),
                KEEPFILTERS('Period'[Year 445] = ""2025"")
            )
    ),
    [Unit Cases YoY %] < 0
)
ORDER BY [Unit Cases YoY %] ASC",200,2.482514,"[{'Product[LT1.4 - Sub-Category]': 'Fruit Soy', '[Unit Cases YoY %]': -1.0019484786211146}, {'Product[LT1.4 - Sub-Category]': 'Coconut', '[Unit Cases YoY %]': -1.0009314817549482}, {'Product[LT1.4 - Sub-Category]': 'Soy', '[Unit Cases YoY %]': -0.9786383100870129}, {'Product[LT1.4 - Sub-Category]': 'Almond', '[Unit Cases YoY %]': -0.9368982124261277}, {'Product[LT1.4 - Sub-Category]': 'Nectar', '[Unit Cases YoY %]': -0.3149949574908397}, {'Product[LT1.4 - Sub-Category]': 'Sports Drinks', '[Unit Cases YoY %]': -0.1972987286382987}, {'Product[LT1.4 - Sub-Category]': 'Flavored Water', '[Unit Cases YoY %]': -0.15977027938639224}, {'Product[LT1.4 - Sub-Category]': 'Tea', '[Unit Cases YoY %]': -0.10625347129764572}, {'Product[LT1.4 - Sub-Category]': 'Juice Drinks', '[Unit Cases YoY %]': -0.07372079240508522}, {'Product[LT1.4 - Sub-Category]': 'Plain Water', '[Unit Cases YoY %]': -0.027891341505810796}, {'Product[LT1.4 - Sub-Category]': 'Sparkling Water', '[Unit Cases YoY %]': -0.01878002741995691}, {'Product[LT1.4 - Sub-Category]': 'Colas', '[Unit Cases YoY %]': -0.0100609447690994}]"
"EVALUATE
TOPN(
    5,
    SUMMARIZECOLUMNS(
        'Product'[LT1.2 - Brand Group],
        ""Net Sales Revenue YoY %"",
            CALCULATE(
                [Bottler Net Revenue AC (LC) % vs PY],
                KEEPFILTERS('Ship From'[Country] = ""Colombia""),
                KEEPFILTERS('Period'[Month 445] = ""2025 Dec"")
            )
    ),
    [Net Sales Revenue YoY %], DESC
)
ORDER BY [Net Sales Revenue YoY %] DESC",200,2.450728,"[{'Product[LT1.2 - Brand Group]': 'Del Valle Kids', '[Net Sales Revenue YoY %]': 0.3910521693488132}, {'Product[LT1.2 - Brand Group]': 'Coca-Cola Zero', '[Net Sales Revenue YoY %]': 0.16885990555347863}, {'Product[LT1.2 - Brand Group]': 'Sprite', '[Net Sales Revenue YoY %]': 0.16808674327788725}, {'Product[LT1.2 - Brand Group]': 'Quatro', '[Net Sales Revenue YoY %]': 0.15793042871859866}, {'Product[LT1.2 - Brand Group]': 'Manantial(Carb)', '[Net Sales Revenue YoY %]': 0.14838196198768042}]"
"EVALUATE
SUMMARIZECOLUMNS(
    'Period'[Month 445],
    ""Net Sales Revenue"",
        CALCULATE(
            [Bottler Net Revenue AC (LC)],
            KEEPFILTERS('Product'[LT1.2 - Brand Group] = ""COCA-COLA""),
            KEEPFILTERS('Ship From'[Country] = ""Colombia""),
            KEEPFILTERS(
                'Period'[Month 445] IN {
                    ""2025 Nov"",
                    ""2025 Dec"",
                    ""2026 Jan""
                }
            )
        ),
    ""Net Sales Revenue YoY %"",
        CALCULATE(
            [Bottler Net Revenue AC (LC) % vs PY],
            KEEPFILTERS('Product'[LT1.2 - Brand Group] = ""COCA-COLA""),
            KEEPFILTERS('Ship From'[Country] = ""Colombia""),
            KEEPFILTERS(
                'Period'[Month 445] IN {
                    ""2025 Nov"",
                    ""2025 Dec"",
                    ""2026 Jan""
                }
            )
        )
)
ORDER BY 'Period'[Month 445] ASC",200,3.002614,"[{'Period[Month 445]': '2025 Dec', '[Net Sales Revenue]': 310960694943.0, '[Net Sales Revenue YoY %]': 0.0447269893285905}, {'Period[Month 445]': '2025 Nov', '[Net Sales Revenue]': 198989911674.0, '[Net Sales Revenue YoY %]': 0.10660578757529685}, {'Period[Month 445]': '2026 Jan', '[Net Sales Revenue]': 193154445462.0, '[Net Sales Revenue YoY %]': 0.30769122346549516}]"
"EVALUATE
SUMMARIZECOLUMNS(
    'Period'[Month 445],
    ""Net Sales Revenue"",
        CALCULATE(
            [Bottler Net Revenue AC (LC)],
            KEEPFILTERS('Product'[LT1.2 - Brand Group] = ""Quatro""),
            KEEPFILTERS('Ship From'[Country] = ""Colombia""),
            KEEPFILTERS(
                'Period'[Month 445] IN {
                    ""2025 Nov"",
                    ""2025 Dec"",
                    ""2026 Jan""
                }
            )
        ),
    ""Net Sales Revenue YoY %"",
        CALCULATE(
            [Bottler Net Revenue AC (LC) % vs PY],
            KEEPFILTERS('Product'[LT1.2 - Brand Group] = ""Quatro""),
            KEEPFILTERS('Ship From'[Country] = ""Colombia""),
            KEEPFILTERS(
                'Period'[Month 445] IN {
                    ""2025 Nov"",
                    ""2025 Dec"",
                    ""2026 Jan""
                }
            )
        ),
    ""Unit Cases"",
        CALCULATE(
            [Unit Cases AC],
            KEEPFILTERS('Product'[LT1.2 - Brand Group] = ""Quatro""),
            KEEPFILTERS('Ship From'[Country] = ""Colombia""),
            KEEPFILTERS(
                'Period'[Month 445] IN {
                    ""2025 Nov"",
                    ""2025 Dec"",
                    ""2026 Jan""
                }
            )
        ),
    ""Unit Cases YoY %"",
        CALCULATE(
            [Unit Cases AC % vs PY],
            KEEPFILTERS('Product'[LT1.2 - Brand Group] = ""Quatro""),
            KEEPFILTERS('Ship From'[Country] = ""Colombia""),
            KEEPFILTERS(
                'Period'[Month 445] IN {
                    ""2025 Nov"",
                    ""2025 Dec"",
                    ""2026 Jan""
                }
            )
        )
)
ORDER BY 'Period'[Month 445] ASC",200,3.022853,"[{'Period[Month 445]': '2025 Dec', '[Net Sales Revenue]': 97333644958.0, '[Net Sales Revenue YoY %]': 0.15793042871859866, '[Unit Cases]': 7910016.9112, '[Unit Cases YoY %]': 0.18640878885829273}, {'Period[Month 445]': '2025 Nov', '[Net Sales Revenue]': 58671124276.0, '[Net Sales Revenue YoY %]': 0.17827805140062347, '[Unit Cases]': 4686984.3011, '[Unit Cases YoY %]': 0.18760453952638148}, {'Period[Month 445]': '2026 Jan', '[Net Sales Revenue]': 66849388950.0, '[Net Sales Revenue YoY %]': 0.4283548100752836, '[Unit Cases]': 5362836.2346, '[Unit Cases YoY %]': 0.4526378052745412}]"
"EVALUATE
SUMMARIZECOLUMNS(
    'Period'[Month 445],
    ""Net Sales Revenue"",
        CALCULATE(
            [Bottler Net Revenue AC (LC)],
            KEEPFILTERS('Product'[LT1.2 - Brand Group] = ""Del Valle""),
            KEEPFILTERS('Ship From'[Country] = ""Colombia""),
            KEEPFILTERS(
                'Period'[Month 445] IN {
                    ""2025 Nov"",
                    ""2025 Dec"",
                    ""2026 Jan""
                }
            )
        ),
    ""Net Sales Revenue YoY %"",
        CALCULATE(
            [Bottler Net Revenue AC (LC) % vs PY],
            KEEPFILTERS('Product'[LT1.2 - Brand Group] = ""Del Valle""),
            KEEPFILTERS('Ship From'[Country] = ""Colombia""),
            KEEPFILTERS(
                'Period'[Month 445] IN {
                    ""2025 Nov"",
                    ""2025 Dec"",
                    ""2026 Jan""
                }
            )
        ),
    ""Unit Cases"",
        CALCULATE(
            [Unit Cases AC],
            KEEPFILTERS('Product'[LT1.2 - Brand Group] = ""Del Valle""),
            KEEPFILTERS('Ship From'[Country] = ""Colombia""),
            KEEPFILTERS(
                'Period'[Month 445] IN {
                    ""2025 Nov"",
                    ""2025 Dec"",
                    ""2026 Jan""
                }
            )
        ),
    ""Unit Cases YoY %"",
        CALCULATE(
            [Unit Cases AC % vs PY],
            KEEPFILTERS('Product'[LT1.2 - Brand Group] = ""Del Valle""),
            KEEPFILTERS('Ship From'[Country] = ""Colombia""),
            KEEPFILTERS(
                'Period'[Month 445] IN {
                    ""2025 Nov"",
                    ""2025 Dec"",
                    ""2026 Jan""
                }
            )
        )
)
ORDER BY 'Period'[Month 445] ASC",200,2.973645,"[{'Period[Month 445]': '2025 Dec', '[Net Sales Revenue]': 2450143099.0, '[Net Sales Revenue YoY %]': -0.22625036228316, '[Unit Cases]': 116662.6271, '[Unit Cases YoY %]': -0.1450806296928995}, {'Period[Month 445]': '2025 Nov', '[Net Sales Revenue]': 1790160372.0, '[Net Sales Revenue YoY %]': -0.18311312692536819, '[Unit Cases]': 80713.9206, '[Unit Cases YoY %]': -0.13402008810151014}, {'Period[Month 445]': '2026 Jan', '[Net Sales Revenue]': 2000257820.0, '[Net Sales Revenue YoY %]': 0.033149727156334435, '[Unit Cases]': 90899.8277, '[Unit Cases YoY %]': 0.12643409055714014}]"
"EVALUATE
SUMMARIZECOLUMNS(
    'Period'[Month 445],
    ""Net Sales Revenue"",
        CALCULATE(
            [Bottler Net Revenue AC (LC)],
            KEEPFILTERS('Product'[LT1.2 - Brand Group] = ""COKE REDUCED SUGAR""),
            KEEPFILTERS('Ship From'[Country] = ""Colombia""),
            KEEPFILTERS(
                'Period'[Month 445] IN {
                    ""2025 Nov"",
                    ""2025 Dec"",
                    ""2026 Jan""
                }
            )
        ),
    ""Net Sales Revenue YoY %"",
        CALCULATE(
            [Bottler Net Revenue AC (LC) % vs PY],
            KEEPFILTERS('Product'[LT1.2 - Brand Group] = ""COKE REDUCED SUGAR""),
            KEEPFILTERS('Ship From'[Country] = ""Colombia""),
            KEEPFILTERS(
                'Period'[Month 445] IN {
                    ""2025 Nov"",
                    ""2025 Dec"",
                    ""2026 Jan""
                }
            )
        ),
    ""Unit Cases QTD"",
        CALCULATE(
            [Unit Cases AC QTD],
            KEEPFILTERS('Product'[LT1.2 - Brand Group] = ""COKE REDUCED SUGAR""),
            KEEPFILTERS('Ship From'[Country] = ""Colombia""),
            KEEPFILTERS('Period'[Day 445] = ""Jan 31 2026"")
        ),
    ""Unit Cases QTD YoY %"",
        CALCULATE(
            [Unit Cases AC QTD % vs PY],
            KEEPFILTERS('Product'[LT1.2 - Brand Group] = ""COKE REDUCED SUGAR""),
            KEEPFILTERS('Ship From'[Country] = ""Colombia""),
            KEEPFILTERS('Period'[Day 445] = ""Jan 31 2026"")
        )
)
ORDER BY 'Period'[Month 445] ASC",200,2.345578,[]
"EVALUATE
SUMMARIZECOLUMNS(
    'Period'[Month 445],
    ""Net Sales Revenue"",
        CALCULATE(
            [Bottler Net Revenue AC (LC)],
            KEEPFILTERS('Product'[LT1.5 - Category] = ""Colas""),
            KEEPFILTERS('Ship From'[Country] = ""Colombia""),
            KEEPFILTERS(
                'Period'[Month 445] IN {
                    ""2025 Nov"",
                    ""2025 Dec"",
                    ""2026 Jan""
                }
            )
        ),
    ""Net Sales Revenue YoY %"",
        CALCULATE(
            [Bottler Net Revenue AC (LC) % vs PY],
            KEEPFILTERS('Product'[LT1.5 - Category] = ""Colas""),
            KEEPFILTERS('Ship From'[Country] = ""Colombia""),
            KEEPFILTERS(
                'Period'[Month 445] IN {
                    ""2025 Nov"",
                    ""2025 Dec"",
                    ""2026 Jan""
                }
            )
        ),
    ""Unit Cases"",
        CALCULATE(
            [Unit Cases AC],
            KEEPFILTERS('Product'[LT1.5 - Category] = ""Colas""),
            KEEPFILTERS('Ship From'[Country] = ""Colombia""),
            KEEPFILTERS(
                'Period'[Month 445] IN {
                    ""2025 Nov"",
                    ""2025 Dec"",
                    ""2026 Jan""
                }
            )
        ),
    ""Unit Cases YoY %"",
        CALCULATE(
            [Unit Cases AC % vs PY],
            KEEPFILTERS('Product'[LT1.5 - Category] = ""Colas""),
            KEEPFILTERS('Ship From'[Country] = ""Colombia""),
            KEEPFILTERS(
                'Period'[Month 445] IN {
                    ""2025 Nov"",
                    ""2025 Dec"",
                    ""2026 Jan""
                }
            )
        )
)
ORDER BY 'Period'[Month 445] ASC",200,3.134573,"[{'Period[Month 445]': '2025 Dec', '[Net Sales Revenue]': 833542517026.0, '[Net Sales Revenue YoY %]': 0.019414529065416016, '[Unit Cases]': 57166057.8167, '[Unit Cases YoY %]': 0.016344096861946013}, {'Period[Month 445]': '2025 Nov', '[Net Sales Revenue]': 520913800387.0, '[Net Sales Revenue YoY %]': 0.061957833157389064, '[Unit Cases]': 35463349.6015, '[Unit Cases YoY %]': 0.046579210220085994}, {'Period[Month 445]': '2026 Jan', '[Net Sales Revenue]': 546105835593.0, '[Net Sales Revenue YoY %]': 0.32980652962981516, '[Unit Cases]': 37439193.5776, '[Unit Cases YoY %]': 0.3157041197383938}]"
"EVALUATE
SUMMARIZECOLUMNS(
    'Period'[Month 445],
    ""Net Sales Revenue"",
        CALCULATE(
            [Bottler Net Revenue AC (LC)],
            KEEPFILTERS('Product'[LT1.2 - Brand Group] = ""FUZE TEA-KO""),
            KEEPFILTERS('Ship From'[Country] = ""Colombia""),
            KEEPFILTERS(
                'Period'[Month 445] IN {
                    ""2025 Nov"",
                    ""2025 Dec"",
                    ""2026 Jan""
                }
            )
        ),
    ""Net Sales Revenue YoY %"",
        CALCULATE(
            [Bottler Net Revenue AC (LC) % vs PY],
            KEEPFILTERS('Product'[LT1.2 - Brand Group] = ""FUZE TEA-KO""),
            KEEPFILTERS('Ship From'[Country] = ""Colombia""),
            KEEPFILTERS(
                'Period'[Month 445] IN {
                    ""2025 Nov"",
                    ""2025 Dec"",
                    ""2026 Jan""
                }
            )
        ),
    ""Unit Cases"",
        CALCULATE(
            [Unit Cases AC],
            KEEPFILTERS('Product'[LT1.2 - Brand Group] = ""FUZE TEA-KO""),
            KEEPFILTERS('Ship From'[Country] = ""Colombia""),
            KEEPFILTERS(
                'Period'[Month 445] IN {
                    ""2025 Nov"",
                    ""2025 Dec"",
                    ""2026 Jan""
                }
            )
        ),
    ""Unit Cases YoY %"",
        CALCULATE(
            [Unit Cases AC % vs PY],
            KEEPFILTERS('Product'[LT1.2 - Brand Group] = ""FUZE TEA-KO""),
            KEEPFILTERS('Ship From'[Country] = ""Colombia""),
            KEEPFILTERS(
                'Period'[Month 445] IN {
                    ""2025 Nov"",
                    ""2025 Dec"",
                    ""2026 Jan""
                }
            )
        )
)
ORDER BY 'Period'[Month 445] ASC",200,1.959945,[]
"EVALUATE
SUMMARIZECOLUMNS(
    'Period'[Month 445],
    ""Net Sales Revenue"",
        CALCULATE(
            [Bottler Net Revenue AC (LC)],
            KEEPFILTERS('Product'[LT1.5 - Category] = ""Flavors""),
            KEEPFILTERS('Ship From'[Country] = ""Colombia""),
            KEEPFILTERS(
                'Period'[Month 445] IN {
                    ""2025 Nov"",
                    ""2025 Dec"",
                    ""2026 Jan""
                }
            )
        ),
    ""Net Sales Revenue YoY %"",
        CALCULATE(
            [Bottler Net Revenue AC (LC) % vs PY],
            KEEPFILTERS('Product'[LT1.5 - Category] = ""Flavors""),
            KEEPFILTERS('Ship From'[Country] = ""Colombia""),
            KEEPFILTERS(
                'Period'[Month 445] IN {
                    ""2025 Nov"",
                    ""2025 Dec"",
                    ""2026 Jan""
                }
            )
        ),
    ""Unit Cases"",
        CALCULATE(
            [Unit Cases AC],
            KEEPFILTERS('Product'[LT1.5 - Category] = ""Flavors""),
            KEEPFILTERS('Ship From'[Country] = ""Colombia""),
            KEEPFILTERS(
                'Period'[Month 445] IN {
                    ""2025 Nov"",
                    ""2025 Dec"",
                    ""2026 Jan""
                }
            )
        ),
    ""Unit Cases YoY %"",
        CALCULATE(
            [Unit Cases AC % vs PY],
            KEEPFILTERS('Product'[LT1.5 - Category] = ""Flavors""),
            KEEPFILTERS('Ship From'[Country] = ""Colombia""),
            KEEPFILTERS(
                'Period'[Month 445] IN {
                    ""2025 Nov"",
                    ""2025 Dec"",
                    ""2026 Jan""
                }
            )
        )
)
ORDER BY 'Period'[Month 445] ASC",200,3.058688,"[{'Period[Month 445]': '2025 Dec', '[Net Sales Revenue]': 106061973022.0, '[Net Sales Revenue YoY %]': 0.15123180343783674, '[Unit Cases]': 9269823.5111, '[Unit Cases YoY %]': 0.1486401226069746}, {'Period[Month 445]': '2025 Nov', '[Net Sales Revenue]': 63808136675.0, '[Net Sales Revenue YoY %]': 0.1649554088153657, '[Unit Cases]': 5495156.3065, '[Unit Cases YoY %]': 0.15255635303082174}, {'Period[Month 445]': '2026 Jan', '[Net Sales Revenue]': 72547987558.0, '[Net Sales Revenue YoY %]': 0.41491865805257205, '[Unit Cases]': 6221416.6533, '[Unit Cases YoY %]': 0.4086969498944129}]"
"EVALUATE
SUMMARIZECOLUMNS(
    'Period'[Month 445],
    ""Net Sales Revenue"",
        CALCULATE(
            [Bottler Net Revenue AC (LC)],
            KEEPFILTERS('Product'[LT1.5 - Category] = ""Stills""),
            KEEPFILTERS('Ship From'[Country] = ""Colombia""),
            KEEPFILTERS(
                'Period'[Month 445] IN {
                    ""2025 Nov"",
                    ""2025 Dec"",
                    ""2026 Jan""
                }
            )
        ),
    ""Net Sales Revenue YoY %"",
        CALCULATE(
            [Bottler Net Revenue AC (LC) % vs PY],
            KEEPFILTERS('Product'[LT1.5 - Category] = ""Stills""),
            KEEPFILTERS('Ship From'[Country] = ""Colombia""),
            KEEPFILTERS(
                'Period'[Month 445] IN {
                    ""2025 Nov"",
                    ""2025 Dec"",
                    ""2026 Jan""
                }
            )
        ),
    ""Unit Cases"",
        CALCULATE(
            [Unit Cases AC],
            KEEPFILTERS('Product'[LT1.5 - Category] = ""Stills""),
            KEEPFILTERS('Ship From'[Country] = ""Colombia""),
            KEEPFILTERS(
                'Period'[Month 445] IN {
                    ""2025 Nov"",
                    ""2025 Dec"",
                    ""2026 Jan""
                }
            )
        ),
    ""Unit Cases YoY %"",
        CALCULATE(
            [Unit Cases AC % vs PY],
            KEEPFILTERS('Product'[LT1.5 - Category] = ""Stills""),
            KEEPFILTERS('Ship From'[Country] = ""Colombia""),
            KEEPFILTERS(
                'Period'[Month 445] IN {
                    ""2025 Nov"",
                    ""2025 Dec"",
                    ""2026 Jan""
                }
            )
        )
)
ORDER BY 'Period'[Month 445] ASC",200,1.956211,[]
"EVALUATE
SUMMARIZECOLUMNS(
    'Period'[Month 445],
    ""Net Sales Revenue"",
        CALCULATE(
            [Bottler Net Revenue AC (LC)],
            KEEPFILTERS('Product'[LT1.5 - Category] = ""Juice""),
            KEEPFILTERS('Ship From'[Country] = ""Colombia""),
            KEEPFILTERS(
                'Period'[Month 445] IN {
                    ""2025 Nov"",
                    ""2025 Dec"",
                    ""2026 Jan""
                }
            )
        ),
    ""Net Sales Revenue YoY %"",
        CALCULATE(
            [Bottler Net Revenue AC (LC) % vs PY],
            KEEPFILTERS('Product'[LT1.5 - Category] = ""Juice""),
            KEEPFILTERS('Ship From'[Country] = ""Colombia""),
            KEEPFILTERS(
                'Period'[Month 445] IN {
                    ""2025 Nov"",
                    ""2025 Dec"",
                    ""2026 Jan""
                }
            )
        ),
    ""Unit Cases"",
        CALCULATE(
            [Unit Cases AC],
            KEEPFILTERS('Product'[LT1.5 - Category] = ""Juice""),
            KEEPFILTERS('Ship From'[Country] = ""Colombia""),
            KEEPFILTERS(
                'Period'[Month 445] IN {
                    ""2025 Nov"",
                    ""2025 Dec"",
                    ""2026 Jan""
                }
            )
        ),
    ""Unit Cases YoY %"",
        CALCULATE(
            [Unit Cases AC % vs PY],
            KEEPFILTERS('Product'[LT1.5 - Category] = ""Juice""),
            KEEPFILTERS('Ship From'[Country] = ""Colombia""),
            KEEPFILTERS(
                'Period'[Month 445] IN {
                    ""2025 Nov"",
                    ""2025 Dec"",
                    ""2026 Jan""
                }
            )
        )
)
ORDER BY 'Period'[Month 445] ASC",200,1.993628,[]
"EVALUATE
TOPN(
    1,
    SUMMARIZECOLUMNS(
        'Product'[LT1.5 - Category],
        ""Unit Cases QTD"",
            CALCULATE(
                [Unit Cases AC QTD],
                KEEPFILTERS('Ship From'[Country] = ""Colombia""),
                KEEPFILTERS('Period'[Day 445] = ""Jan 31 2026"")
            )
    ),
    [Unit Cases QTD], DESC
)
ORDER BY [Unit Cases QTD] DESC",200,2.285283,"[{'Product[LT1.5 - Category]': 'Colas', '[Unit Cases QTD]': 38789222.919}]"
"EVALUATE
TOPN(
    1,
    SUMMARIZECOLUMNS(
        'Product'[LT1.7 - Segment],
        ""Net Sales Revenue YoY %"",
            CALCULATE(
                [Bottler Net Revenue AC (LC) % vs PY],
                KEEPFILTERS('Ship From'[Country] = ""Colombia""),
                KEEPFILTERS('Period'[Month 445] = ""2025 Dec"")
            )
    ),
    [Net Sales Revenue YoY %], ASC
)
ORDER BY [Net Sales Revenue YoY %] ASC",200,2.933517,"[{'Product[LT1.7 - Segment]': 'Unassigned', '[Net Sales Revenue YoY %]': -1271.2381229553469}]"
"EVALUATE
SUMMARIZECOLUMNS(
    'Period'[Month 445],
    ""Net Sales Revenue"",
        CALCULATE(
            [Bottler Net Revenue AC (LC)],
            KEEPFILTERS('Channel'[LT1.3 - Channel Macro Group] = ""Modern Trade""),
            KEEPFILTERS('Ship From'[Country] = ""Colombia""),
            KEEPFILTERS(
                'Period'[Month 445] IN {
                    ""2025 Nov"",
                    ""2025 Dec"",
                    ""2026 Jan""
                }
            )
        ),
    ""Net Sales Revenue YoY %"",
        CALCULATE(
            [Bottler Net Revenue AC (LC) % vs PY],
            KEEPFILTERS('Channel'[LT1.3 - Channel Macro Group] = ""Modern Trade""),
            KEEPFILTERS('Ship From'[Country] = ""Colombia""),
            KEEPFILTERS(
                'Period'[Month 445] IN {
                    ""2025 Nov"",
                    ""2025 Dec"",
                    ""2026 Jan""
                }
            )
        ),
    ""Unit Cases"",
        CALCULATE(
            [Unit Cases AC],
            KEEPFILTERS('Channel'[LT1.3 - Channel Macro Group] = ""Modern Trade""),
            KEEPFILTERS('Ship From'[Country] = ""Colombia""),
            KEEPFILTERS(
                'Period'[Month 445] IN {
                    ""2025 Nov"",
                    ""2025 Dec"",
                    ""2026 Jan""
                }
            )
        ),
    ""Unit Cases YoY %"",
        CALCULATE(
            [Unit Cases AC % vs PY],
            KEEPFILTERS('Channel'[LT1.3 - Channel Macro Group] = ""Modern Trade""),
            KEEPFILTERS('Ship From'[Country] = ""Colombia""),
            KEEPFILTERS(
                'Period'[Month 445] IN {
                    ""2025 Nov"",
                    ""2025 Dec"",
                    ""2026 Jan""
                }
            )
        )
)
ORDER BY 'Period'[Month 445] ASC",200,2.52139,[]
"EVALUATE
SUMMARIZECOLUMNS(
    'Period'[Month 445],
    ""Net Sales Revenue"",
        CALCULATE(
            [Bottler Net Revenue AC (LC)],
            KEEPFILTERS('Channel'[LT1.3 - Channel Macro Group] = ""Traditional Trade""),
            KEEPFILTERS('Ship From'[Country] = ""Colombia""),
            KEEPFILTERS(
                'Period'[Month 445] IN {
                    ""2025 Nov"",
                    ""2025 Dec"",
                    ""2026 Jan""
                }
            )
        ),
    ""Net Sales Revenue YoY %"",
        CALCULATE(
            [Bottler Net Revenue AC (LC) % vs PY],
            KEEPFILTERS('Channel'[LT1.3 - Channel Macro Group] = ""Traditional Trade""),
            KEEPFILTERS('Ship From'[Country] = ""Colombia""),
            KEEPFILTERS(
                'Period'[Month 445] IN {
                    ""2025 Nov"",
                    ""2025 Dec"",
                    ""2026 Jan""
                }
            )
        ),
    ""Unit Cases"",
        CALCULATE(
            [Unit Cases AC],
            KEEPFILTERS('Channel'[LT1.3 - Channel Macro Group] = ""Traditional Trade""),
            KEEPFILTERS('Ship From'[Country] = ""Colombia""),
            KEEPFILTERS(
                'Period'[Month 445] IN {
                    ""2025 Nov"",
                    ""2025 Dec"",
                    ""2026 Jan""
                }
            )
        ),
    ""Unit Cases YoY %"",
        CALCULATE(
            [Unit Cases AC % vs PY],
            KEEPFILTERS('Channel'[LT1.3 - Channel Macro Group] = ""Traditional Trade""),
            KEEPFILTERS('Ship From'[Country] = ""Colombia""),
            KEEPFILTERS(
                'Period'[Month 445] IN {
                    ""2025 Nov"",
                    ""2025 Dec"",
                    ""2026 Jan""
                }
            )
        )
)
ORDER BY 'Period'[Month 445] ASC",200,2.363368,[]
"EVALUATE
TOPN(
    5,
    SUMMARIZECOLUMNS(
        'Channel'[LT1.3 - Channel Macro Group],
        ""Net Sales Revenue YoY %"",
            CALCULATE(
                [Bottler Net Revenue AC (LC) % vs PY],
                KEEPFILTERS('Ship From'[Country] = ""Colombia""),
                KEEPFILTERS('Period'[Month 445] = ""2025 Dec"")
            )
    ),
    [Net Sales Revenue YoY %], DESC
)
ORDER BY [Net Sales Revenue YoY %] DESC",200,2.305262,"[{'Channel[LT1.3 - Channel Macro Group]': 'Modern', '[Net Sales Revenue YoY %]': 0.10595074148030201}, {'Channel[LT1.3 - Channel Macro Group]': 'Traditional', '[Net Sales Revenue YoY %]': 0.019518102417525503}, {'Channel[LT1.3 - Channel Macro Group]': 'Others', '[Net Sales Revenue YoY %]': -0.09327594660587098}, {'Channel[LT1.3 - Channel Macro Group]': 'D2C', '[Net Sales Revenue YoY %]': -0.20644362573827482}]"
"EVALUATE
SUMMARIZECOLUMNS(
    'Channel'[LT1.3 - Channel Macro Group],
    ""Net Sales Revenue"",
        CALCULATE(
            [Bottler Net Revenue AC (LC)],
            KEEPFILTERS(
                'Channel'[LT1.3 - Channel Macro Group] IN {
                    ""Modern Trade"",
                    ""Traditional Trade""
                }
            ),
            KEEPFILTERS('Ship From'[Country] = ""Colombia""),
            KEEPFILTERS('Period'[Month 445] = ""2025 Dec"")
        ),
    ""Net Sales Revenue YoY %"",
        CALCULATE(
            [Bottler Net Revenue AC (LC) % vs PY],
            KEEPFILTERS(
                'Channel'[LT1.3 - Channel Macro Group] IN {
                    ""Modern Trade"",
                    ""Traditional Trade""
                }
            ),
            KEEPFILTERS('Ship From'[Country] = ""Colombia""),
            KEEPFILTERS('Period'[Month 445] = ""2025 Dec"")
        ),
    ""Unit Cases"",
        CALCULATE(
            [Unit Cases AC],
            KEEPFILTERS(
                'Channel'[LT1.3 - Channel Macro Group] IN {
                    ""Modern Trade"",
                    ""Traditional Trade""
                }
            ),
            KEEPFILTERS('Ship From'[Country] = ""Colombia""),
            KEEPFILTERS('Period'[Month 445] = ""2025 Dec"")
        ),
    ""Unit Cases YoY %"",
        CALCULATE(
            [Unit Cases AC % vs PY],
            KEEPFILTERS(
                'Channel'[LT1.3 - Channel Macro Group] IN {
                    ""Modern Trade"",
                    ""Traditional Trade""
                }
            ),
            KEEPFILTERS('Ship From'[Country] = ""Colombia""),
            KEEPFILTERS('Period'[Month 445] = ""2025 Dec"")
        )
)
ORDER BY [Net Sales Revenue YoY %] DESC",200,2.414945,[]
"EVALUATE
FILTER(
    SUMMARIZECOLUMNS(
        'Ship To'[Region],
        ""Net Sales Revenue YoY %"",
            CALCULATE(
                [Bottler Net Revenue AC (LC) % vs PY],
                KEEPFILTERS('Ship From'[Country] = ""Colombia""),
                KEEPFILTERS('Period'[Month 445] = ""2025 Dec"")
            )
    ),
    [Net Sales Revenue YoY %] > 0
)
ORDER BY [Net Sales Revenue YoY %] DESC",200,2.085192,"{'error': ""General Error: Query (4, 9) Column '<oii>Region</oii>' in table '<oii>Ship To</oii>' cannot be found or may not be used in this expression.\r\n\r\nTechnical Details:\r\nRootActivityId: a8747383-ec29-431a-8e25-3e64124219e1\r\nDate (UTC): 5/21/2026 12:39:03 AM\r\n   at Microsoft.AnalysisServices.AdomdClient.XmlaClient.CheckForSoapFault(XmlReader reader, XmlaResult xmlaResult, Boolean throwIfError)\r\n   at Microsoft.AnalysisServices.AdomdClient.XmlaClient.SendMessage(Boolean endReceivalIfException, Boolean readSession, Boolean readNamespaceCompatibility)\r\n   at Microsoft.AnalysisServices.AdomdClient.XmlaClient.ExecuteStatement(String statement, IDictionary connectionProperties, IDictionary commandProperties, IDataParameterCollection parameters, Boolean isMdx)\r\n   at Microsoft.AnalysisServices.AdomdClient.AdomdConnection.XmlaClientProvider.Microsoft.AnalysisServices.AdomdClient.IExecuteProvider.ExecuteTabular(CommandBehavior behavior, ICommandContentProvider contentProvider, AdomdPropertyCollection commandProperties, IDataParameterCollection parameters)\r\n   at Microsoft.AnalysisServices.AdomdClient.AdomdCommand.ExecuteReader(CommandBehavior behavior)""}"
"EVALUATE
TOPN(
    10,
    SUMMARIZECOLUMNS(
        'Ship To'[Region],
        ""Net Sales Revenue YoY %"",
            CALCULATE(
                [Bottler Net Revenue AC (LC) % vs PY],
                KEEPFILTERS('Ship From'[Country] = ""Colombia""),
                KEEPFILTERS('Period'[Month 445] = ""2025 Dec"")
            ),
        ""Unit Cases YoY %"",
            CALCULATE(
                [Unit Cases AC % vs PY],
                KEEPFILTERS('Ship From'[Country] = ""Colombia""),
                KEEPFILTERS('Period'[Month 445] = ""2025 Dec"")
            )
    ),
    [Net Sales Revenue YoY %], DESC
)
ORDER BY [Net Sales Revenue YoY %] DESC",200,2.336383,"{'error': ""General Error: Query (5, 9) Column '<oii>Region</oii>' in table '<oii>Ship To</oii>' cannot be found or may not be used in this expression.\r\n\r\nTechnical Details:\r\nRootActivityId: fefdeb5d-10b0-42ba-8d7a-96c3dfedbc1e\r\nDate (UTC): 5/21/2026 12:39:05 AM\r\n   at Microsoft.AnalysisServices.AdomdClient.XmlaClient.CheckForSoapFault(XmlReader reader, XmlaResult xmlaResult, Boolean throwIfError)\r\n   at Microsoft.AnalysisServices.AdomdClient.XmlaClient.SendMessage(Boolean endReceivalIfException, Boolean readSession, Boolean readNamespaceCompatibility)\r\n   at Microsoft.AnalysisServices.AdomdClient.XmlaClient.ExecuteStatement(String statement, IDictionary connectionProperties, IDictionary commandProperties, IDataParameterCollection parameters, Boolean isMdx)\r\n   at Microsoft.AnalysisServices.AdomdClient.AdomdConnection.XmlaClientProvider.Microsoft.AnalysisServices.AdomdClient.IExecuteProvider.ExecuteTabular(CommandBehavior behavior, ICommandContentProvider contentProvider, AdomdPropertyCollection commandProperties, IDataParameterCollection parameters)\r\n   at Microsoft.AnalysisServices.AdomdClient.AdomdCommand.ExecuteReader(CommandBehavior behavior)""}"
"EVALUATE
TOPN(
    1,
    SUMMARIZECOLUMNS(
        'Ship From'[BU Ship From],
        ""Unit Cases QTD"",
            CALCULATE(
                [Unit Cases AC QTD],
                KEEPFILTERS('Ship From'[Country] = ""Colombia""),
                KEEPFILTERS('Period'[Day 445] = ""Jan 31 2026"")
            )
    ),
    [Unit Cases QTD], DESC
)
ORDER BY [Unit Cases QTD] DESC",200,2.6269,"[{'Ship From[BU Ship From]': 'Medellin', '[Unit Cases QTD]': 9061959.6256}]"
"EVALUATE
SUMMARIZECOLUMNS(
    'Product'[LT1.3 - Trademark Category],
    ""Unit Cases QTD"",
        CALCULATE(
            [Unit Cases AC QTD],
            KEEPFILTERS('Ship From'[Country] = ""Colombia""),
            KEEPFILTERS('Period'[Day 445] = ""Jan 31 2026"")
        )
)
ORDER BY [Unit Cases QTD] DESC",200,2.675803,"[{'Product[LT1.3 - Trademark Category]': 'Coca-Cola TM', '[Unit Cases QTD]': 38789222.919}, {'Product[LT1.3 - Trademark Category]': 'Brisa-KO', '[Unit Cases QTD]': 8412355.6203}, {'Product[LT1.3 - Trademark Category]': 'Quatro', '[Unit Cases QTD]': 5535218.2942}, {'Product[LT1.3 - Trademark Category]': 'Del Valle-Minute Maid TM', '[Unit Cases QTD]': 3964313.9777}, {'Product[LT1.3 - Trademark Category]': 'Sprite TM', '[Unit Cases QTD]': 1259194.6588}, {'Product[LT1.3 - Trademark Category]': 'Manantial', '[Unit Cases QTD]': 1163829.6907}, {'Product[LT1.3 - Trademark Category]': 'Schweppes TM', '[Unit Cases QTD]': 1110311.0418}, {'Product[LT1.3 - Trademark Category]': 'Canada Dry TM', '[Unit Cases QTD]': 483419.7076}, {'Product[LT1.3 - Trademark Category]': 'Fanta TM', '[Unit Cases QTD]': 427222.5213}, {'Product[LT1.3 - Trademark Category]': 'Powerade TM', '[Unit Cases QTD]': 260357.9247}, {'Product[LT1.3 - Trademark Category]': 'Fuze Tea TM', '[Unit Cases QTD]': 217422.2339}, {'Product[LT1.3 - Trademark Category]': 'Monster-KO', '[Unit Cases QTD]': 138901.4579}, {'Product[LT1.3 - Trademark Category]': 'FlashLyte', '[Unit Cases QTD]': 36449.9713}, {'Product[LT1.3 - Trademark Category]': 'Dasani', '[Unit Cases QTD]': 276.594}, {'Product[LT1.3 - Trademark Category]': 'Procter & Gamble', '[Unit Cases QTD]': 0.0}, {'Product[LT1.3 - Trademark Category]': 'Unassigned', '[Unit Cases QTD]': 0.0}, {'Product[LT1.3 - Trademark Category]': 'Ades TM', '[Unit Cases QTD]': -0.3318}]"
"EVALUATE
TOPN(
    1,
    SUMMARIZECOLUMNS(
        'Product'[LT1.5 - Category],
        ""Unit Cases YTD"",
            CALCULATE(
                [Unit Cases AC YTD],
                KEEPFILTERS('Ship From'[Country] = ""Colombia""),
                KEEPFILTERS('Period'[Day 445] = ""Jan 31 2026"")
            )
    ),
    [Unit Cases YTD], DESC
)
ORDER BY [Unit Cases YTD] DESC",200,2.709669,"[{'Product[LT1.5 - Category]': 'Colas', '[Unit Cases YTD]': 38789222.919}]"
